,Unnamed: 0,RequestNumAppName,FeatureRequest,TextAnnotation-GT,Questions,Questions-List,PromptForGeneration,Prediction-Repetition-0,Prediction-Repetition-1,Prediction-Repetition-2,Prediction-Repetition-3,Prediction-Repetition-4,Prediction-Repetition-5,Prediction-Repetition-6,Prediction-Repetition-7,Prediction-Repetition-8,Prediction-Repetition-9
0,0,6069-Signal,"Request Number - 6069 | Request Title - Unread notification badges do not work on Huawei EMUI | Request Description - I have:   searched open and closed issues for duplicates  read https://github.com/WhisperSystems/Signal-Android/wiki/Submitting-useful-bug-reports  Bug description. I've installed Signal on a Honor 8 (made by Huawei) with EMUI 4.1 (Android 6.0). I've noticed that Signal receives notifications on new messages and they are also listed in the notification area, but the unread notifications badge on the app icon on the home screen is not shown. In Signal support articles there is mentioned, that badge icons are supported for some launchers, see https://support.whispersystems.org/hc/en-us/articles/215766077-How-can-I-see-my-unread-badge-count-What-launcher-should-I-use- So far I could not find out if this is a Signal or EMUI problem, but Threema and Conversations show the notification badges. Device info. Device: Honor 8 Android version: 6.0 Signal version: 3.26.2",they,"When you wrote ""they are also listed in the notification area"", does 'they' refer to 'notifications', 'messages', or something else?","['When you wrote ""they are also listed in the notification area"", does \'they\' refer to \'notifications\', \'messages\', or something else?']","Semantic ambiguity: a sentence has more than one way of reading it within its context, although it contains no lexical or syntactic ambiguity. Semantic ambiguity can be viewed as ambiguity with respect to the logical form, usually expressed in predicate logic, of a sentence.
You are a software analyst specializing in Semantic ambiguity resolution in GitHub feature requests.
Carefully read the provided statement along with the extracted Semantic ambiguity segment and the reasoning behind why the extracted text segment is considered ambiguous. Based on the information, generate clear and concise clarification questions aimed at addressing the Semantic ambiguity in the extracted text segment; include all generated clarifying questions in a single comma-separated list. Make sure to have all elements of the list in quotation marks.
Demonstrations are provided for clarity. Each demonstration is separated by the trigger word # END. Inside each demonstration, the statement, reason, extracted segment, and clarifying questions are separated using the trigger word ####. Strictly follow the provided demonstration.
Statement: Request Number - 1504 | Request Title - Notification Color for Individual Contacts or Groups | Request Description - how about we edit this one too?  or just delete it..... üôà
####
Reason: It is unclear how the different noun phrases (notification color, individual contacts, groups) associate with one another in a collective/distributive sense, creating multiple possible interpretations.
####
Extracted Semantic ambiguity segment: Notification Color for Individual Contacts or Groups
####
Clarifying Question(s): ['When writing ""notification color for individual contacts or groups"", are you suggesting one color for all individual contacts and one different color for all group messages, one different color for each individual and group, one color for all individual contact and group message notifications (to differentiate user communications from system or other types of notifications), or something else?']
# END
Statement: Request Number - 604 | Request Title - Number registration (for push messaging) doesn't work with Google Voice | Request Description - The new push based TextSecure doesn't seem to like using Google Voice numbers (which are then forwarded to my phone's real number via SMS).  Although there are of course privacy downsides associated with letting Google see all of your incoming/outgoing SMS data, there are also serious privacy harms associated with letting people know your actual phone number, rather than a number that will just forward texts to you* The first step of the TextSecure number registration process (""Connecting"") works fine. An incoming text message with the verification code is received by the default Android SMS app, but TextSecure doesn't catch it. Thankfully, after 2 minutes of waiting, I am given the opportunity verify by voice, which does work.
####
Reason: The pronoun 'it' can refer to two different targets in the sentence, changing the nature of the problem based on the interpretation.
####
Extracted Semantic ambiguity segment: it.
####
Clarifying Question(s): ['When you wrote ""TextSecure doesn\'t catch it"", do you mean ""TextSecure doesn\'t catch the message"", ""TextSecure doesn\'t catch the verification code"", or something else?']
# END
Statement: Request Number - 6077 | Request Title - Update libphonenumber to >=8.2.0 (Cannot send SMS to my mobile provider) | Request Description - I have:   searched open and closed issues for duplicates  read https://github.com/WhisperSystems/Signal-Android/wiki/Submitting-useful-bug-reports  Bug description. My friend made me aware of this as I'm never checking my account status via SMS, but it doesn't work for me neither. To check our account status, we have to send an SMS message to 13977, but Signal fails to deliver it. I tried sending it through the native Oneplus SMS app and it goes through just fine, with an immediate response. I can send an SMS to other people, though, so it has something to do with that number. (Signal adds +385 to it for Croatia, maybe that's it?) Steps to reproduce.  send an SMS to my provider through Signal Actual result: it doesn't go through, ""Failed to send"", ""Some issues need your attention."" Expected result: Message should go through and I should get a response. Device info. Device: OnePlus3T Android version: 7.0 Signal version: 3.27.1 Link to debug log. https://gist.github.com/anonymous/f656572561ea3a91d0f4bbdeb98e587b
####
Reason: The pronoun 'it' could point to multiple noun phrases earlier in the sentence, creating multiple possible meanings.
####
Extracted Semantic ambiguity segment: it.
####
Clarifying Question(s): ['When you wrote ""Signal fails to deliver it"", does \'it\' refer to ""an SMS message to 13977"", ""our account status"", or something else?']
# END
Request Number - 6069 | Request Title - Unread notification badges do not work on Huawei EMUI | Request Description - I have:   searched open and closed issues for duplicates  read https://github.com/WhisperSystems/Signal-Android/wiki/Submitting-useful-bug-reports  Bug description. I've installed Signal on a Honor 8 (made by Huawei) with EMUI 4.1 (Android 6.0). I've noticed that Signal receives notifications on new messages and they are also listed in the notification area, but the unread notifications badge on the app icon on the home screen is not shown. In Signal support articles there is mentioned, that badge icons are supported for some launchers, see https://support.whispersystems.org/hc/en-us/articles/215766077-How-can-I-see-my-unread-badge-count-What-launcher-should-I-use- So far I could not find out if this is a Signal or EMUI problem, but Threema and Conversations show the notification badges. Device info. Device: Honor 8 Android version: 6.0 Signal version: 3.26.2
####
Reason: The pronoun ""they"" can point to two possible targets in the sentence, creating multiple possible interpretations.
####
Extracted Semantic ambiguity segment: they
####
Clarifying Question(s): ","['When you wrote ""they are also listed in the notification area,"" does ""they"" refer to ""notifications on new messages"" or ""unread notifications badge""?']","['When you wrote ""they are also listed in the notification area"", does ""they"" refer to ""new messages"" or ""notifications on new messages""?']","['When you mentioned ""they are also listed in the notification area"", does ""they"" refer to ""Signal receives notifications on new messages"", the ""notifications"", or something else?']","['When you wrote ""they are also listed in the notification area,"" does ""they"" refer to ""notifications on new messages,"" ""unread notifications,"" or something else?']","[""When you wrote 'they are also listed in the notification area', does 'they' refer to 'notifications on new messages' or 'unread notifications badge'?""]","""When you wrote 'they are also listed in the notification area', does 'they' refer to 'new messages', 'notifications', or something else?""","""When you wrote 'they are also listed in the notification area', does 'they' refer to 'new messages', 'notifications on new messages', or something else?""","""When you wrote 'they are also listed in the notification area,' does 'they' refer to 'notifications on new messages,' 'unread notifications badges,' or something else?""","""When you wrote 'they are also listed in the notification area', does 'they' refer to 'notifications on new messages', 'unread notifications badge', or something else?""","['When you wrote ""they are also listed in the notification area"", does ""they"" refer to ""notifications on new messages"", ""unread notifications"", or something else?']"
1,1,555-Signal,"Request Number - 555 | Request Title - Not working in dual sim phone | Request Description - My friend has a dual sim Lava iris 405 and i have samsung galaxy s3. we both have installed the TextSecure when i start secure session, it sends Key exchange message and its received in my friends. After that it says Received and processed key exchange message but he is unable to send me any message, it says error sending. i know its giving problem because its a dual sim phone, text secure app is not able to send sms from particular sim and giving this error. Is dual sim phone supported by textSecure?",particular sim,"When you say the app is not able to send from a particular SIM, do you mean it cannot send from a specific SIM, it cannot send from either SIM interchangeably, or something else?","['When you say the app is not able to send from a particular SIM, do you mean it cannot send from a specific SIM, it cannot send from either SIM interchangeably, or something else?']","Semantic ambiguity: a sentence has more than one way of reading it within its context, although it contains no lexical or syntactic ambiguity. Semantic ambiguity can be viewed as ambiguity with respect to the logical form, usually expressed in predicate logic, of a sentence.
You are a software analyst specializing in Semantic ambiguity resolution in GitHub feature requests.
Carefully read the provided statement along with the extracted Semantic ambiguity segment and the reasoning behind why the extracted text segment is considered ambiguous. Based on the information, generate clear and concise clarification questions aimed at addressing the Semantic ambiguity in the extracted text segment; include all generated clarifying questions in a single comma-separated list. Make sure to have all elements of the list in quotation marks.
Demonstrations are provided for clarity. Each demonstration is separated by the trigger word # END. Inside each demonstration, the statement, reason, extracted segment, and clarifying questions are separated using the trigger word ####. Strictly follow the provided demonstration.
Statement: Request Number - 1504 | Request Title - Notification Color for Individual Contacts or Groups | Request Description - how about we edit this one too?  or just delete it..... üôà
####
Reason: It is unclear how the different noun phrases (notification color, individual contacts, groups) associate with one another in a collective/distributive sense, creating multiple possible interpretations.
####
Extracted Semantic ambiguity segment: Notification Color for Individual Contacts or Groups
####
Clarifying Question(s): ['When writing ""notification color for individual contacts or groups"", are you suggesting one color for all individual contacts and one different color for all group messages, one different color for each individual and group, one color for all individual contact and group message notifications (to differentiate user communications from system or other types of notifications), or something else?']
# END
Statement: Request Number - 604 | Request Title - Number registration (for push messaging) doesn't work with Google Voice | Request Description - The new push based TextSecure doesn't seem to like using Google Voice numbers (which are then forwarded to my phone's real number via SMS).  Although there are of course privacy downsides associated with letting Google see all of your incoming/outgoing SMS data, there are also serious privacy harms associated with letting people know your actual phone number, rather than a number that will just forward texts to you* The first step of the TextSecure number registration process (""Connecting"") works fine. An incoming text message with the verification code is received by the default Android SMS app, but TextSecure doesn't catch it. Thankfully, after 2 minutes of waiting, I am given the opportunity verify by voice, which does work.
####
Reason: The pronoun 'it' can refer to two different targets in the sentence, changing the nature of the problem based on the interpretation.
####
Extracted Semantic ambiguity segment: it.
####
Clarifying Question(s): ['When you wrote ""TextSecure doesn\'t catch it"", do you mean ""TextSecure doesn\'t catch the message"", ""TextSecure doesn\'t catch the verification code"", or something else?']
# END
Statement: Request Number - 6077 | Request Title - Update libphonenumber to >=8.2.0 (Cannot send SMS to my mobile provider) | Request Description - I have:   searched open and closed issues for duplicates  read https://github.com/WhisperSystems/Signal-Android/wiki/Submitting-useful-bug-reports  Bug description. My friend made me aware of this as I'm never checking my account status via SMS, but it doesn't work for me neither. To check our account status, we have to send an SMS message to 13977, but Signal fails to deliver it. I tried sending it through the native Oneplus SMS app and it goes through just fine, with an immediate response. I can send an SMS to other people, though, so it has something to do with that number. (Signal adds +385 to it for Croatia, maybe that's it?) Steps to reproduce.  send an SMS to my provider through Signal Actual result: it doesn't go through, ""Failed to send"", ""Some issues need your attention."" Expected result: Message should go through and I should get a response. Device info. Device: OnePlus3T Android version: 7.0 Signal version: 3.27.1 Link to debug log. https://gist.github.com/anonymous/f656572561ea3a91d0f4bbdeb98e587b
####
Reason: The pronoun 'it' could point to multiple noun phrases earlier in the sentence, creating multiple possible meanings.
####
Extracted Semantic ambiguity segment: it.
####
Clarifying Question(s): ['When you wrote ""Signal fails to deliver it"", does \'it\' refer to ""an SMS message to 13977"", ""our account status"", or something else?']
# END
Request Number - 555 | Request Title - Not working in dual sim phone | Request Description - My friend has a dual sim Lava iris 405 and i have samsung galaxy s3. we both have installed the TextSecure when i start secure session, it sends Key exchange message and its received in my friends. After that it says Received and processed key exchange message but he is unable to send me any message, it says error sending. i know its giving problem because its a dual sim phone, text secure app is not able to send sms from particular sim and giving this error. Is dual sim phone supported by textSecure?
####
Reason: It is unclear whether the indefinite noun phrase ""particular sim"" is intended to be specific or non-specific, creating multiple possible interpretations.
####
Extracted Semantic ambiguity segment: particular sim
####
Clarifying Question(s): ","['When you mention ""particular sim"", are you referring to a specific SIM card in your friend\'s dual SIM phone, either the primary or secondary SIM, or are you implying any of the two SIMs in a non-specific manner?']","['When you mention ""particular sim"" in the context of the TextSecure app not being able to send SMS, do you mean one specific SIM card your friend is using, any SIM card that the app attempts to use, or something else?']","['When you mention ""particular sim"", are you referring to a specific SIM card that you are trying to use, do you mean any one of the SIM cards installed, or something else?']","['When you mention ""particular sim"", are you referring to a specific SIM card that should be used for sending messages, any SIM card that is currently active, or something else?']","['When you mention ""particular sim"", are you referring to the SIM card that is actively set for sending messages, any specific SIM slot (SIM 1 or SIM 2), or some other criteria?']","['When you mention ""particular sim"", are you referring to a specific SIM card (like the primary or secondary SIM), any SIM in general, or something different?']","['When you mention ""particular sim"", are you referring to a specific SIM card that TextSecure is consistently failing to use, any SIM card in the dual sim phone that TextSecure randomly chooses, or something else?']","['When you mention ""particular sim"", are you referring to a specific SIM card in the dual SIM phone, such as SIM 1 or SIM 2, or is it intended to mean any SIM card that is selected or defaulted for sending messages in dual SIM phones?', 'Are you suggesting that TextSecure is unable to send messages from any SIM or just a specific one, and if so, which one is it?']","['When you mention ""particular sim,"" are you referring to a specific SIM card in the dual SIM phone that TextSecure is unable to use for sending SMS, or are you speaking generally about any SIM card not working with TextSecure in dual SIM phones?']","[""When you mention 'particular sim', are you referring to a specific SIM card in your friend's dual SIM phone (such as SIM 1 or SIM 2), or are you referring to any SIM card that the TextSecure app might randomly choose, or something else?""]"
2,2,801-Signal,"Request Number - 801 | Request Title - Feature request: Mute Group (or any user) | Request Description - Sometimes friends in a group are discussing something I'm not interested in and my phone would go nuts vibrating and ringing all the time. A ""Mute for X minutes/hours"" feature would be awesome.",any,"When you wrote ""any user"", do you mean ""a selected user"", ""all applicable users"", or something else?","['When you wrote ""any user"", do you mean ""a selected user"", ""all applicable users"", or something else?']","Semantic ambiguity: a sentence has more than one way of reading it within its context, although it contains no lexical or syntactic ambiguity. Semantic ambiguity can be viewed as ambiguity with respect to the logical form, usually expressed in predicate logic, of a sentence.
You are a software analyst specializing in Semantic ambiguity resolution in GitHub feature requests.
Carefully read the provided statement along with the extracted Semantic ambiguity segment and the reasoning behind why the extracted text segment is considered ambiguous. Based on the information, generate clear and concise clarification questions aimed at addressing the Semantic ambiguity in the extracted text segment; include all generated clarifying questions in a single comma-separated list. Make sure to have all elements of the list in quotation marks.
Demonstrations are provided for clarity. Each demonstration is separated by the trigger word # END. Inside each demonstration, the statement, reason, extracted segment, and clarifying questions are separated using the trigger word ####. Strictly follow the provided demonstration.
Statement: Request Number - 1504 | Request Title - Notification Color for Individual Contacts or Groups | Request Description - how about we edit this one too?  or just delete it..... üôà
####
Reason: It is unclear how the different noun phrases (notification color, individual contacts, groups) associate with one another in a collective/distributive sense, creating multiple possible interpretations.
####
Extracted Semantic ambiguity segment: Notification Color for Individual Contacts or Groups
####
Clarifying Question(s): ['When writing ""notification color for individual contacts or groups"", are you suggesting one color for all individual contacts and one different color for all group messages, one different color for each individual and group, one color for all individual contact and group message notifications (to differentiate user communications from system or other types of notifications), or something else?']
# END
Statement: Request Number - 604 | Request Title - Number registration (for push messaging) doesn't work with Google Voice | Request Description - The new push based TextSecure doesn't seem to like using Google Voice numbers (which are then forwarded to my phone's real number via SMS).  Although there are of course privacy downsides associated with letting Google see all of your incoming/outgoing SMS data, there are also serious privacy harms associated with letting people know your actual phone number, rather than a number that will just forward texts to you* The first step of the TextSecure number registration process (""Connecting"") works fine. An incoming text message with the verification code is received by the default Android SMS app, but TextSecure doesn't catch it. Thankfully, after 2 minutes of waiting, I am given the opportunity verify by voice, which does work.
####
Reason: The pronoun 'it' can refer to two different targets in the sentence, changing the nature of the problem based on the interpretation.
####
Extracted Semantic ambiguity segment: it.
####
Clarifying Question(s): ['When you wrote ""TextSecure doesn\'t catch it"", do you mean ""TextSecure doesn\'t catch the message"", ""TextSecure doesn\'t catch the verification code"", or something else?']
# END
Statement: Request Number - 6077 | Request Title - Update libphonenumber to >=8.2.0 (Cannot send SMS to my mobile provider) | Request Description - I have:   searched open and closed issues for duplicates  read https://github.com/WhisperSystems/Signal-Android/wiki/Submitting-useful-bug-reports  Bug description. My friend made me aware of this as I'm never checking my account status via SMS, but it doesn't work for me neither. To check our account status, we have to send an SMS message to 13977, but Signal fails to deliver it. I tried sending it through the native Oneplus SMS app and it goes through just fine, with an immediate response. I can send an SMS to other people, though, so it has something to do with that number. (Signal adds +385 to it for Croatia, maybe that's it?) Steps to reproduce.  send an SMS to my provider through Signal Actual result: it doesn't go through, ""Failed to send"", ""Some issues need your attention."" Expected result: Message should go through and I should get a response. Device info. Device: OnePlus3T Android version: 7.0 Signal version: 3.27.1 Link to debug log. https://gist.github.com/anonymous/f656572561ea3a91d0f4bbdeb98e587b
####
Reason: The pronoun 'it' could point to multiple noun phrases earlier in the sentence, creating multiple possible meanings.
####
Extracted Semantic ambiguity segment: it.
####
Clarifying Question(s): ['When you wrote ""Signal fails to deliver it"", does \'it\' refer to ""an SMS message to 13977"", ""our account status"", or something else?']
# END
Request Number - 801 | Request Title - Feature request: Mute Group (or any user) | Request Description - Sometimes friends in a group are discussing something I'm not interested in and my phone would go nuts vibrating and ringing all the time. A ""Mute for X minutes/hours"" feature would be awesome.
####
Reason: The word ""any"" can have a specific or non-specific meaning, affecting the scope implied by the term and creating multiple possible meanings.
####
Extracted Semantic ambiguity segment: any
####
Clarifying Question(s): ","['When you mention ""Mute Group (or any user)"", do you mean ""mute any specific user of my choice"", ""mute any user who sends a message"", or something else?']","['When you say ""any user"" in the feature request ""Mute Group (or any user)"", do you mean muting a specific user within a group regardless of which group it is, muting any individual user in your contacts, or something else?']","['When you mentioned ""Mute Group (or any user)"", does ""any"" imply the ability to mute specific individual users within a group, mute any user outside of a group, or something else?']","['When you mention ""Mute Group (or any user)"", does ""any"" mean any user within a specific group, any user in general across different groups, or something else?']","['When you mention ""Mute Group (or any user)"", does ""any"" refer specifically to muting a single selected user within a group, muting all users within a group, or the ability to individually mute any user outside of group contexts as well?']","['When you mention ""Mute Group (or any user)"", does ""any"" mean any specific user I choose within the app to mute, any user in a particular group, or any user in any group without distinction?']","['When you say ""Mute Group (or any user)"", does ""any"" refer to muting any selected user on demand, implying user-specific muting functionality, or does it mean the ability to mute notifications from all users universally?']","['When you say ""Mute Group (or any user)"", by ""any"" do you mean any specific user in a group, any user including those not in a group, or something else?']","['When you wrote ""Mute Group (or any user)"", does ""any user"" mean that you want the ability to mute specific individual users within a group, any individual user across different groups, or something else?']","['When you mention ""any user"", are you suggesting that the feature should allow muting any specific individual user (whether part of a group or not), or are you referring to users in the general sense, like having a feature that applies to everyone as a whole?']"
3,3,757-Signal,"Request Number - 757 | Request Title - different notification settings for group chats | Request Description - It would be very nice to be able to change the notification settings for goups independently from other (personal) chats, as group chats might have a lower priority for the user.",notification settings for goups,"When you wrote ""notification settings for all goups"", did you mean notification settings for all groups together, notification settings for each group individually, or something else?","['When you wrote ""notification settings for all goups"", did you mean notification settings for all groups together, notification settings for each group individually, or something else?']","Semantic ambiguity: a sentence has more than one way of reading it within its context, although it contains no lexical or syntactic ambiguity. Semantic ambiguity can be viewed as ambiguity with respect to the logical form, usually expressed in predicate logic, of a sentence.
You are a software analyst specializing in Semantic ambiguity resolution in GitHub feature requests.
Carefully read the provided statement along with the extracted Semantic ambiguity segment and the reasoning behind why the extracted text segment is considered ambiguous. Based on the information, generate clear and concise clarification questions aimed at addressing the Semantic ambiguity in the extracted text segment; include all generated clarifying questions in a single comma-separated list. Make sure to have all elements of the list in quotation marks.
Demonstrations are provided for clarity. Each demonstration is separated by the trigger word # END. Inside each demonstration, the statement, reason, extracted segment, and clarifying questions are separated using the trigger word ####. Strictly follow the provided demonstration.
Statement: Request Number - 1504 | Request Title - Notification Color for Individual Contacts or Groups | Request Description - how about we edit this one too?  or just delete it..... üôà
####
Reason: It is unclear how the different noun phrases (notification color, individual contacts, groups) associate with one another in a collective/distributive sense, creating multiple possible interpretations.
####
Extracted Semantic ambiguity segment: Notification Color for Individual Contacts or Groups
####
Clarifying Question(s): ['When writing ""notification color for individual contacts or groups"", are you suggesting one color for all individual contacts and one different color for all group messages, one different color for each individual and group, one color for all individual contact and group message notifications (to differentiate user communications from system or other types of notifications), or something else?']
# END
Statement: Request Number - 604 | Request Title - Number registration (for push messaging) doesn't work with Google Voice | Request Description - The new push based TextSecure doesn't seem to like using Google Voice numbers (which are then forwarded to my phone's real number via SMS).  Although there are of course privacy downsides associated with letting Google see all of your incoming/outgoing SMS data, there are also serious privacy harms associated with letting people know your actual phone number, rather than a number that will just forward texts to you* The first step of the TextSecure number registration process (""Connecting"") works fine. An incoming text message with the verification code is received by the default Android SMS app, but TextSecure doesn't catch it. Thankfully, after 2 minutes of waiting, I am given the opportunity verify by voice, which does work.
####
Reason: The pronoun 'it' can refer to two different targets in the sentence, changing the nature of the problem based on the interpretation.
####
Extracted Semantic ambiguity segment: it.
####
Clarifying Question(s): ['When you wrote ""TextSecure doesn\'t catch it"", do you mean ""TextSecure doesn\'t catch the message"", ""TextSecure doesn\'t catch the verification code"", or something else?']
# END
Statement: Request Number - 6077 | Request Title - Update libphonenumber to >=8.2.0 (Cannot send SMS to my mobile provider) | Request Description - I have:   searched open and closed issues for duplicates  read https://github.com/WhisperSystems/Signal-Android/wiki/Submitting-useful-bug-reports  Bug description. My friend made me aware of this as I'm never checking my account status via SMS, but it doesn't work for me neither. To check our account status, we have to send an SMS message to 13977, but Signal fails to deliver it. I tried sending it through the native Oneplus SMS app and it goes through just fine, with an immediate response. I can send an SMS to other people, though, so it has something to do with that number. (Signal adds +385 to it for Croatia, maybe that's it?) Steps to reproduce.  send an SMS to my provider through Signal Actual result: it doesn't go through, ""Failed to send"", ""Some issues need your attention."" Expected result: Message should go through and I should get a response. Device info. Device: OnePlus3T Android version: 7.0 Signal version: 3.27.1 Link to debug log. https://gist.github.com/anonymous/f656572561ea3a91d0f4bbdeb98e587b
####
Reason: The pronoun 'it' could point to multiple noun phrases earlier in the sentence, creating multiple possible meanings.
####
Extracted Semantic ambiguity segment: it.
####
Clarifying Question(s): ['When you wrote ""Signal fails to deliver it"", does \'it\' refer to ""an SMS message to 13977"", ""our account status"", or something else?']
# END
Request Number - 757 | Request Title - different notification settings for group chats | Request Description - It would be very nice to be able to change the notification settings for goups independently from other (personal) chats, as group chats might have a lower priority for the user.
####
Reason: The interaction between the term ""settings"" and the plural ""groups"" can be interpreted as having the collective scope of ""all groups"" or the distributive scope of ""each group"", which creates multiple possible interpretations.
####
Extracted Semantic ambiguity segment: notification settings for goups
####
Clarifying Question(s): ","['When you reference ""notification settings for groups"", are you suggesting a single set of settings applicable to all group chats, or the capability to customize settings for each group chat independently?']","""When mentioning 'notification settings for groups', are you suggesting having one universal setting for all group chats collectively, or having the ability to set different notification settings for each individual group independently?""","[""When you mention 'notification settings for groups', are you referring to having one set of notification settings that applies to all group chats collectively or different notification settings for each individual group chat?""]","""When writing 'notification settings for groups', are you suggesting one set of notification settings applied to all group chats collectively, different notification settings for each individual group chat, or something else?""","['When you mention ""notification settings for groups"", do you mean having one set of notification settings applied to all group chats collectively, or separate notification settings for each individual group?', 'Are you suggesting the ability to change the notification settings for all group chats simultaneously, or to adjust them on a group-by-group basis?']","""When you mention 'notification settings for groups', do you mean having one set of notification settings that apply to all group chats collectively, or the ability to customize notification settings for each group chat individually?""","['When you mention ""notification settings for groups"", are you suggesting a single, collective notification setting applied to all groups, individual settings that can be tailored for each group independently, or something else?']","['When you mention ""notification settings for groups"", are you suggesting different settings for each individual group, one setting that applies to all group chats collectively, or something else?']","""When mentioning 'notification settings for groups', are you proposing one set of notification settings that applies collectively to all group chats, or separate notification settings for each individual group chat?""","['When stating ""notification settings for groups"", are you referring to having one set of notification settings that apply to all group chats collectively, or are you suggesting that each group chat have its own distinct set of notification settings?']"
4,4,1407-Signal,"Request Number - 1407 | Request Title - textsecure not an option when ""sharing"" an address book contact | Request Description - TextSecure is not an option when attempting to share a contact from the address book, in Android 4.4.2 when i select ""messaging"" it tells me ""messaging"" is not the default sms app. This would be a nice feature to have added to the app.",it,"When you wrote ""it tells me"", does ""it"" refer to TextSecure, the Android OS, or something else?","['When you wrote ""it tells me"", does ""it"" refer to TextSecure, the Android OS, or something else?']","Semantic ambiguity: a sentence has more than one way of reading it within its context, although it contains no lexical or syntactic ambiguity. Semantic ambiguity can be viewed as ambiguity with respect to the logical form, usually expressed in predicate logic, of a sentence.
You are a software analyst specializing in Semantic ambiguity resolution in GitHub feature requests.
Carefully read the provided statement along with the extracted Semantic ambiguity segment and the reasoning behind why the extracted text segment is considered ambiguous. Based on the information, generate clear and concise clarification questions aimed at addressing the Semantic ambiguity in the extracted text segment; include all generated clarifying questions in a single comma-separated list. Make sure to have all elements of the list in quotation marks.
Demonstrations are provided for clarity. Each demonstration is separated by the trigger word # END. Inside each demonstration, the statement, reason, extracted segment, and clarifying questions are separated using the trigger word ####. Strictly follow the provided demonstration.
Statement: Request Number - 1504 | Request Title - Notification Color for Individual Contacts or Groups | Request Description - how about we edit this one too?  or just delete it..... üôà
####
Reason: It is unclear how the different noun phrases (notification color, individual contacts, groups) associate with one another in a collective/distributive sense, creating multiple possible interpretations.
####
Extracted Semantic ambiguity segment: Notification Color for Individual Contacts or Groups
####
Clarifying Question(s): ['When writing ""notification color for individual contacts or groups"", are you suggesting one color for all individual contacts and one different color for all group messages, one different color for each individual and group, one color for all individual contact and group message notifications (to differentiate user communications from system or other types of notifications), or something else?']
# END
Statement: Request Number - 604 | Request Title - Number registration (for push messaging) doesn't work with Google Voice | Request Description - The new push based TextSecure doesn't seem to like using Google Voice numbers (which are then forwarded to my phone's real number via SMS).  Although there are of course privacy downsides associated with letting Google see all of your incoming/outgoing SMS data, there are also serious privacy harms associated with letting people know your actual phone number, rather than a number that will just forward texts to you* The first step of the TextSecure number registration process (""Connecting"") works fine. An incoming text message with the verification code is received by the default Android SMS app, but TextSecure doesn't catch it. Thankfully, after 2 minutes of waiting, I am given the opportunity verify by voice, which does work.
####
Reason: The pronoun 'it' can refer to two different targets in the sentence, changing the nature of the problem based on the interpretation.
####
Extracted Semantic ambiguity segment: it.
####
Clarifying Question(s): ['When you wrote ""TextSecure doesn\'t catch it"", do you mean ""TextSecure doesn\'t catch the message"", ""TextSecure doesn\'t catch the verification code"", or something else?']
# END
Statement: Request Number - 6077 | Request Title - Update libphonenumber to >=8.2.0 (Cannot send SMS to my mobile provider) | Request Description - I have:   searched open and closed issues for duplicates  read https://github.com/WhisperSystems/Signal-Android/wiki/Submitting-useful-bug-reports  Bug description. My friend made me aware of this as I'm never checking my account status via SMS, but it doesn't work for me neither. To check our account status, we have to send an SMS message to 13977, but Signal fails to deliver it. I tried sending it through the native Oneplus SMS app and it goes through just fine, with an immediate response. I can send an SMS to other people, though, so it has something to do with that number. (Signal adds +385 to it for Croatia, maybe that's it?) Steps to reproduce.  send an SMS to my provider through Signal Actual result: it doesn't go through, ""Failed to send"", ""Some issues need your attention."" Expected result: Message should go through and I should get a response. Device info. Device: OnePlus3T Android version: 7.0 Signal version: 3.27.1 Link to debug log. https://gist.github.com/anonymous/f656572561ea3a91d0f4bbdeb98e587b
####
Reason: The pronoun 'it' could point to multiple noun phrases earlier in the sentence, creating multiple possible meanings.
####
Extracted Semantic ambiguity segment: it.
####
Clarifying Question(s): ['When you wrote ""Signal fails to deliver it"", does \'it\' refer to ""an SMS message to 13977"", ""our account status"", or something else?']
# END
Request Number - 1407 | Request Title - textsecure not an option when ""sharing"" an address book contact | Request Description - TextSecure is not an option when attempting to share a contact from the address book, in Android 4.4.2 when i select ""messaging"" it tells me ""messaging"" is not the default sms app. This would be a nice feature to have added to the app.
####
Reason: The pronoun ""it"" can point to multiple possible targets in the sentence, creating multiple interpretations.
####
Extracted Semantic ambiguity segment: it
####
Clarifying Question(s): ","['When you wrote ""it tells me \'messaging\' is not the default sms app"", does \'it\' refer to ""TextSecure"", ""the Android system"", or something else?']","""When you wrote 'it tells me ""messaging"" is not the default SMS app', does 'it' refer to 'Android 4.4.2', the 'address book', the 'messaging' app itself, or something else?""","['When you wrote ""it tells me \'messaging\' is not the default sms app"", does \'it\' refer to ""Android 4.4.2"", ""TextSecure"", or something else?']","""When you wrote 'it tells me ""messaging"" is not the default SMS app', does 'it' refer to the 'TextSecure app', 'Android system', or something else?""","['When you wrote ""it tells me"", does \'it\' refer to ""Android 4.4.2"", ""messaging"", or something else?']","""When you wrote 'it tells me ""messaging"" is not the default sms app', does 'it' refer to 'TextSecure', 'Android', 'the device', or something else?""","""When you wrote 'it tells me ""messaging"" is not the default sms app', does 'it' refer to 'Android 4.4.2', 'TextSecure', 'the address book', or something else?""","""When you wrote 'it tells me ""messaging"" is not the default sms app', does 'it' refer to 'Android 4.4.2', 'TextSecure', 'the action of selecting messaging', or something else?""","['When you wrote ""it tells me \'messaging\' is not the default sms app"", does \'it\' refer to ""Android 4.4.2"", ""TextSecure"", or something else?']","['When you wrote ""it tells me \'messaging\' is not the default sms app"", does \'it\' refer to ""Android 4.4.2"", ""TextSecure"", or something else?']"
5,5,2055-Signal,"Request Number - 2055 | Request Title - use delivery receipts to show message received time for outgoing messages | Request Description - After long pressing on a message and selecting the info button, the message details are shown. This includes the sent and received times for incoming messages. For outgoing messages, in contrast, only one Sent/Received time is displayed, probably containing sent time. Now that delivery receipts are implemented, it would be possible to display the received time for outgoing messages (by taking the sent time from the receipt). Or to make it more precise, let the receipt message piggybag the real received time. This would make the user interface more consistent. When this is rejected for some reasons, I suggest renaming the ""Sent/Received"" label for outgoing messages to ""Sent"" because this is what it really is about.","only one Sent/Received time is displayed,",What time receipt is shown for an outgoing message?,['What time receipt is shown for an outgoing message?'],"Semantic ambiguity: a sentence has more than one way of reading it within its context, although it contains no lexical or syntactic ambiguity. Semantic ambiguity can be viewed as ambiguity with respect to the logical form, usually expressed in predicate logic, of a sentence.
You are a software analyst specializing in Semantic ambiguity resolution in GitHub feature requests.
Carefully read the provided statement along with the extracted Semantic ambiguity segment and the reasoning behind why the extracted text segment is considered ambiguous. Based on the information, generate clear and concise clarification questions aimed at addressing the Semantic ambiguity in the extracted text segment; include all generated clarifying questions in a single comma-separated list. Make sure to have all elements of the list in quotation marks.
Demonstrations are provided for clarity. Each demonstration is separated by the trigger word # END. Inside each demonstration, the statement, reason, extracted segment, and clarifying questions are separated using the trigger word ####. Strictly follow the provided demonstration.
Statement: Request Number - 1504 | Request Title - Notification Color for Individual Contacts or Groups | Request Description - how about we edit this one too?  or just delete it..... üôà
####
Reason: It is unclear how the different noun phrases (notification color, individual contacts, groups) associate with one another in a collective/distributive sense, creating multiple possible interpretations.
####
Extracted Semantic ambiguity segment: Notification Color for Individual Contacts or Groups
####
Clarifying Question(s): ['When writing ""notification color for individual contacts or groups"", are you suggesting one color for all individual contacts and one different color for all group messages, one different color for each individual and group, one color for all individual contact and group message notifications (to differentiate user communications from system or other types of notifications), or something else?']
# END
Statement: Request Number - 604 | Request Title - Number registration (for push messaging) doesn't work with Google Voice | Request Description - The new push based TextSecure doesn't seem to like using Google Voice numbers (which are then forwarded to my phone's real number via SMS).  Although there are of course privacy downsides associated with letting Google see all of your incoming/outgoing SMS data, there are also serious privacy harms associated with letting people know your actual phone number, rather than a number that will just forward texts to you* The first step of the TextSecure number registration process (""Connecting"") works fine. An incoming text message with the verification code is received by the default Android SMS app, but TextSecure doesn't catch it. Thankfully, after 2 minutes of waiting, I am given the opportunity verify by voice, which does work.
####
Reason: The pronoun 'it' can refer to two different targets in the sentence, changing the nature of the problem based on the interpretation.
####
Extracted Semantic ambiguity segment: it.
####
Clarifying Question(s): ['When you wrote ""TextSecure doesn\'t catch it"", do you mean ""TextSecure doesn\'t catch the message"", ""TextSecure doesn\'t catch the verification code"", or something else?']
# END
Statement: Request Number - 6077 | Request Title - Update libphonenumber to >=8.2.0 (Cannot send SMS to my mobile provider) | Request Description - I have:   searched open and closed issues for duplicates  read https://github.com/WhisperSystems/Signal-Android/wiki/Submitting-useful-bug-reports  Bug description. My friend made me aware of this as I'm never checking my account status via SMS, but it doesn't work for me neither. To check our account status, we have to send an SMS message to 13977, but Signal fails to deliver it. I tried sending it through the native Oneplus SMS app and it goes through just fine, with an immediate response. I can send an SMS to other people, though, so it has something to do with that number. (Signal adds +385 to it for Croatia, maybe that's it?) Steps to reproduce.  send an SMS to my provider through Signal Actual result: it doesn't go through, ""Failed to send"", ""Some issues need your attention."" Expected result: Message should go through and I should get a response. Device info. Device: OnePlus3T Android version: 7.0 Signal version: 3.27.1 Link to debug log. https://gist.github.com/anonymous/f656572561ea3a91d0f4bbdeb98e587b
####
Reason: The pronoun 'it' could point to multiple noun phrases earlier in the sentence, creating multiple possible meanings.
####
Extracted Semantic ambiguity segment: it.
####
Clarifying Question(s): ['When you wrote ""Signal fails to deliver it"", does \'it\' refer to ""an SMS message to 13977"", ""our account status"", or something else?']
# END
Request Number - 2055 | Request Title - use delivery receipts to show message received time for outgoing messages | Request Description - After long pressing on a message and selecting the info button, the message details are shown. This includes the sent and received times for incoming messages. For outgoing messages, in contrast, only one Sent/Received time is displayed, probably containing sent time. Now that delivery receipts are implemented, it would be possible to display the received time for outgoing messages (by taking the sent time from the receipt). Or to make it more precise, let the receipt message piggybag the real received time. This would make the user interface more consistent. When this is rejected for some reasons, I suggest renaming the ""Sent/Received"" label for outgoing messages to ""Sent"" because this is what it really is about.
####
Reason: There are quantifiers ""only one"" and also ""/"" in the sentence. In this case, sent/received can be interpreted in two different ways: (1) sent or received. (2) sent and received as one token. 
####
Extracted Semantic ambiguity segment: only one Sent/Received time is displayed,
####
Clarifying Question(s): ","['When you mention ""only one Sent/Received time is displayed"", do you mean that the sent and received times are shown as a single combined entry, or should it indicate that only one of either the sent or received time is being displayed?', 'Are you suggesting that the label ""Sent/Received"" should show separate sent and received times, or just acknowledge one of these times?', 'Would you prefer the interface to differentiate between sent and received times explicitly, or maintain a singular time label for simplicity?']","['When you mentioned ""only one Sent/Received time is displayed,"" did you mean that only the ""Sent"" time or only the ""Received"" time is displayed, or that both ""Sent"" and ""Received"" are displayed as a combined single entry?']","['When you mentioned ""only one Sent/Received time is displayed,"" are you referring to ""only one sent or received time is displayed,"" or ""sent and received time as one combined token is displayed""?']","['When you mention ""only one Sent/Received time is displayed"", are you suggesting that the time displayed could be either the sent time or the received time, or are you indicating that the sent and received times are combined into a single token that represents only one of these times?']","[""When you mention 'only one Sent/Received time is displayed', do you mean there is only one time labeled as 'Sent/Received' which could indicate either sent or received time, or do you mean there is a single time that represents both sent and received as a combined token, or something else?""]","[""When you mention 'only one Sent/Received time is displayed', do you mean that only either the sent time or the received time is shown, or do you mean that the label 'Sent/Received' represents a single unified time that's displayed?"", ""Does the label 'Sent/Received' indicate two separate times that could potentially be shown (i.e., sent time or received time), or is it presenting a combined concept that's meant to reflect a singular time detail?""]","['When you write ""only one Sent/Received time is displayed"", do you mean there is only one time displayed that represents either sent or received, or is it a single combined value representing both sent and received time?']","""When you mention 'only one Sent/Received time is displayed,' do you mean that only one time is shown which could be either the sent or received time, or is it that the label 'Sent/Received' is being used as a single term to describe the time shown, which is actually just the sent time?""","['When you mention ""only one Sent/Received time is displayed"", are you referring to the time being labeled as either sent or received, the time being considered as both sent and received in a single value, or something else?']","[""When you wrote 'only one Sent/Received time is displayed', do you mean that the time displayed could be either the sent time or the received time, but not both, or do you mean that 'Sent/Received' is displayed as a single placeholder for the same time, whether it's sent or received?""]"
6,6,2055-Signal,"Request Number - 2055 | Request Title - use delivery receipts to show message received time for outgoing messages | Request Description - After long pressing on a message and selecting the info button, the message details are shown. This includes the sent and received times for incoming messages. For outgoing messages, in contrast, only one Sent/Received time is displayed, probably containing sent time. Now that delivery receipts are implemented, it would be possible to display the received time for outgoing messages (by taking the sent time from the receipt). Or to make it more precise, let the receipt message piggybag the real received time. This would make the user interface more consistent. When this is rejected for some reasons, I suggest renaming the ""Sent/Received"" label for outgoing messages to ""Sent"" because this is what it really is about.",it,"What do you mean by ""it"" when you stated, ""because this is what it really is about""?","['What do you mean by ""it"" when you stated, ""because this is what it really is about""?']","Semantic ambiguity: a sentence has more than one way of reading it within its context, although it contains no lexical or syntactic ambiguity. Semantic ambiguity can be viewed as ambiguity with respect to the logical form, usually expressed in predicate logic, of a sentence.
You are a software analyst specializing in Semantic ambiguity resolution in GitHub feature requests.
Carefully read the provided statement along with the extracted Semantic ambiguity segment and the reasoning behind why the extracted text segment is considered ambiguous. Based on the information, generate clear and concise clarification questions aimed at addressing the Semantic ambiguity in the extracted text segment; include all generated clarifying questions in a single comma-separated list. Make sure to have all elements of the list in quotation marks.
Demonstrations are provided for clarity. Each demonstration is separated by the trigger word # END. Inside each demonstration, the statement, reason, extracted segment, and clarifying questions are separated using the trigger word ####. Strictly follow the provided demonstration.
Statement: Request Number - 1504 | Request Title - Notification Color for Individual Contacts or Groups | Request Description - how about we edit this one too?  or just delete it..... üôà
####
Reason: It is unclear how the different noun phrases (notification color, individual contacts, groups) associate with one another in a collective/distributive sense, creating multiple possible interpretations.
####
Extracted Semantic ambiguity segment: Notification Color for Individual Contacts or Groups
####
Clarifying Question(s): ['When writing ""notification color for individual contacts or groups"", are you suggesting one color for all individual contacts and one different color for all group messages, one different color for each individual and group, one color for all individual contact and group message notifications (to differentiate user communications from system or other types of notifications), or something else?']
# END
Statement: Request Number - 604 | Request Title - Number registration (for push messaging) doesn't work with Google Voice | Request Description - The new push based TextSecure doesn't seem to like using Google Voice numbers (which are then forwarded to my phone's real number via SMS).  Although there are of course privacy downsides associated with letting Google see all of your incoming/outgoing SMS data, there are also serious privacy harms associated with letting people know your actual phone number, rather than a number that will just forward texts to you* The first step of the TextSecure number registration process (""Connecting"") works fine. An incoming text message with the verification code is received by the default Android SMS app, but TextSecure doesn't catch it. Thankfully, after 2 minutes of waiting, I am given the opportunity verify by voice, which does work.
####
Reason: The pronoun 'it' can refer to two different targets in the sentence, changing the nature of the problem based on the interpretation.
####
Extracted Semantic ambiguity segment: it.
####
Clarifying Question(s): ['When you wrote ""TextSecure doesn\'t catch it"", do you mean ""TextSecure doesn\'t catch the message"", ""TextSecure doesn\'t catch the verification code"", or something else?']
# END
Statement: Request Number - 6077 | Request Title - Update libphonenumber to >=8.2.0 (Cannot send SMS to my mobile provider) | Request Description - I have:   searched open and closed issues for duplicates  read https://github.com/WhisperSystems/Signal-Android/wiki/Submitting-useful-bug-reports  Bug description. My friend made me aware of this as I'm never checking my account status via SMS, but it doesn't work for me neither. To check our account status, we have to send an SMS message to 13977, but Signal fails to deliver it. I tried sending it through the native Oneplus SMS app and it goes through just fine, with an immediate response. I can send an SMS to other people, though, so it has something to do with that number. (Signal adds +385 to it for Croatia, maybe that's it?) Steps to reproduce.  send an SMS to my provider through Signal Actual result: it doesn't go through, ""Failed to send"", ""Some issues need your attention."" Expected result: Message should go through and I should get a response. Device info. Device: OnePlus3T Android version: 7.0 Signal version: 3.27.1 Link to debug log. https://gist.github.com/anonymous/f656572561ea3a91d0f4bbdeb98e587b
####
Reason: The pronoun 'it' could point to multiple noun phrases earlier in the sentence, creating multiple possible meanings.
####
Extracted Semantic ambiguity segment: it.
####
Clarifying Question(s): ['When you wrote ""Signal fails to deliver it"", does \'it\' refer to ""an SMS message to 13977"", ""our account status"", or something else?']
# END
Request Number - 2055 | Request Title - use delivery receipts to show message received time for outgoing messages | Request Description - After long pressing on a message and selecting the info button, the message details are shown. This includes the sent and received times for incoming messages. For outgoing messages, in contrast, only one Sent/Received time is displayed, probably containing sent time. Now that delivery receipts are implemented, it would be possible to display the received time for outgoing messages (by taking the sent time from the receipt). Or to make it more precise, let the receipt message piggybag the real received time. This would make the user interface more consistent. When this is rejected for some reasons, I suggest renaming the ""Sent/Received"" label for outgoing messages to ""Sent"" because this is what it really is about.
####
Reason: ""it"" can refer to two references in the same sentence. 
####
Extracted Semantic ambiguity segment: it
####
Clarifying Question(s): ","['In the statement ""Or to make it more precise, let the receipt message piggybag the real received time. This would make the user interface more consistent. When this is rejected for some reasons, I suggest renaming the \'Sent/Received\' label for outgoing messages to \'Sent\' because this is what it really is about."", does ""it"" refer to the idea of making the user interface more consistent by using delivery receipts to show the message received time, or does ""it"" refer to the suggestion of renaming the \'Sent/Received\' label for outgoing messages to \'Sent\'?']","['In the phrase ""it would be possible to display the received time for outgoing messages,"" does ""it"" refer to displaying the received time as a feature, using delivery receipts to determine the time, or something else?', 'In the suggestion ""let the receipt message piggybag the real received time,"" does ""it"" refer to the outgoing message itself, the receipt feature, or something else?']","['When you wrote ""it would be possible to display the received time for outgoing messages"", does ""it"" refer to ""using delivery receipts"" or ""the message details"", or something else?']","[""When you wrote 'it would be possible to display the received time for outgoing messages,' does 'it' refer to 'the use of delivery receipts to show message received time,' or something else?""]","[""In the sentence 'Now that delivery receipts are implemented, it would be possible to display the received time for outgoing messages,' does 'it' refer to the implementation of delivery receipts making display possible, or does 'it' refer to some other aspect?""]","""When you wrote 'it would be possible to display the received time for outgoing messages', does 'it' refer to using 'the sent time from the receipt' or 'the receipt message piggybacking the real received time' as the method to display the received time?"", ""When you mentioned 'this is what it really is about', does 'it' refer to renaming the 'Sent/Received' label to 'Sent' or to the actual process of showing received times for outgoing messages?""","""When you mentioned 'it would be possible to display the received time for outgoing messages,' does 'it' refer to using the delivery receipts to display the received time, or does 'it' refer to renaming the 'Sent/Received' label to 'Sent'?"", ""In the phrase 'let the receipt message piggybag the real received time,' does 'it' refer to the delivery receipt implementation or the action of piggybacking the received time into the message display?""","""When you wrote 'Now that delivery receipts are implemented, it would be possible to display the received time for outgoing messages', does 'it' refer to 'the ability to display received time for outgoing messages', 'the use of delivery receipts for received time', or something else?""","[""When you wrote 'it would be possible to display the received time for outgoing messages (by taking the sent time from the receipt)', does 'it' refer to 'display the received time' or 'make the user interface more consistent', or something else?""]","['When you wrote ""it would be possible to display the received time for outgoing messages"", are you referring to the process of displaying the received time itself, or the functionality of using delivery receipts to obtain and display the received time?', 'In the phrase ""this would make the user interface more consistent"", does ""this"" refer to displaying the received time for outgoing messages, renaming the ""Sent/Received"" label to ""Sent"", or something else?']"
7,7,6069-Signal,"Request Number - 6069 | Request Title - Unread notification badges do not work on Huawei EMUI | Request Description - I have:   searched open and closed issues for duplicates  read https://github.com/WhisperSystems/Signal-Android/wiki/Submitting-useful-bug-reports  Bug description. I've installed Signal on a Honor 8 (made by Huawei) with EMUI 4.1 (Android 6.0). I've noticed that Signal receives notifications on new messages and they are also listed in the notification area, but the unread notifications badge on the app icon on the home screen is not shown. In Signal support articles there is mentioned, that badge icons are supported for some launchers, see https://support.whispersystems.org/hc/en-us/articles/215766077-How-can-I-see-my-unread-badge-count-What-launcher-should-I-use- So far I could not find out if this is a Signal or EMUI problem, but Threema and Conversations show the notification badges. Device info. Device: Honor 8 Android version: 6.0 Signal version: 3.26.2",they,"When you wrote ""they are also listed in the notification area"", does 'they' refer to 'notifications', 'messages', or something else?","['When you wrote ""they are also listed in the notification area"", does \'they\' refer to \'notifications\', \'messages\', or something else?']","Semantic ambiguity: a sentence has more than one way of reading it within its context, although it contains no lexical or syntactic ambiguity. Semantic ambiguity can be viewed as ambiguity with respect to the logical form, usually expressed in predicate logic, of a sentence.
You are a software analyst specializing in Semantic ambiguity resolution in GitHub feature requests.
Carefully read the provided statement along with the extracted Semantic ambiguity segment and the reasoning behind why the extracted text segment is considered ambiguous. Based on the information, generate clear and concise clarification questions aimed at addressing the Semantic ambiguity in the extracted text segment; include all generated clarifying questions in a single comma-separated list. Make sure to have all elements of the list in quotation marks.
Demonstrations are provided for clarity. Each demonstration is separated by the trigger word # END. Inside each demonstration, the statement, reason, extracted segment, and clarifying questions are separated using the trigger word ####. Strictly follow the provided demonstration.
Statement: Request Number - 1504 | Request Title - Notification Color for Individual Contacts or Groups | Request Description - how about we edit this one too?  or just delete it..... üôà
####
Reason: It is unclear how the different noun phrases (notification color, individual contacts, groups) associate with one another in a collective/distributive sense, creating multiple possible interpretations.
####
Extracted Semantic ambiguity segment: Notification Color for Individual Contacts or Groups
####
Clarifying Question(s): ['When writing ""notification color for individual contacts or groups"", are you suggesting one color for all individual contacts and one different color for all group messages, one different color for each individual and group, one color for all individual contact and group message notifications (to differentiate user communications from system or other types of notifications), or something else?']
# END
Statement: Request Number - 6077 | Request Title - Update libphonenumber to >=8.2.0 (Cannot send SMS to my mobile provider) | Request Description - I have:   searched open and closed issues for duplicates  read https://github.com/WhisperSystems/Signal-Android/wiki/Submitting-useful-bug-reports  Bug description. My friend made me aware of this as I'm never checking my account status via SMS, but it doesn't work for me neither. To check our account status, we have to send an SMS message to 13977, but Signal fails to deliver it. I tried sending it through the native Oneplus SMS app and it goes through just fine, with an immediate response. I can send an SMS to other people, though, so it has something to do with that number. (Signal adds +385 to it for Croatia, maybe that's it?) Steps to reproduce.  send an SMS to my provider through Signal Actual result: it doesn't go through, ""Failed to send"", ""Some issues need your attention."" Expected result: Message should go through and I should get a response. Device info. Device: OnePlus3T Android version: 7.0 Signal version: 3.27.1 Link to debug log. https://gist.github.com/anonymous/f656572561ea3a91d0f4bbdeb98e587b
####
Reason: The pronoun 'it' could point to multiple noun phrases earlier in the sentence, creating multiple possible meanings.
####
Extracted Semantic ambiguity segment: it.
####
Clarifying Question(s): ['When you wrote ""Signal fails to deliver it"", does \'it\' refer to ""an SMS message to 13977"", ""our account status"", or something else?']
# END
Statement: Request Number - 604 | Request Title - Number registration (for push messaging) doesn't work with Google Voice | Request Description - The new push based TextSecure doesn't seem to like using Google Voice numbers (which are then forwarded to my phone's real number via SMS).  Although there are of course privacy downsides associated with letting Google see all of your incoming/outgoing SMS data, there are also serious privacy harms associated with letting people know your actual phone number, rather than a number that will just forward texts to you* The first step of the TextSecure number registration process (""Connecting"") works fine. An incoming text message with the verification code is received by the default Android SMS app, but TextSecure doesn't catch it. Thankfully, after 2 minutes of waiting, I am given the opportunity verify by voice, which does work.
####
Reason: The pronoun 'it' can refer to two different targets in the sentence, changing the nature of the problem based on the interpretation.
####
Extracted Semantic ambiguity segment: it.
####
Clarifying Question(s): ['When you wrote ""TextSecure doesn\'t catch it"", do you mean ""TextSecure doesn\'t catch the message"", ""TextSecure doesn\'t catch the verification code"", or something else?']
# END
Request Number - 6069 | Request Title - Unread notification badges do not work on Huawei EMUI | Request Description - I have:   searched open and closed issues for duplicates  read https://github.com/WhisperSystems/Signal-Android/wiki/Submitting-useful-bug-reports  Bug description. I've installed Signal on a Honor 8 (made by Huawei) with EMUI 4.1 (Android 6.0). I've noticed that Signal receives notifications on new messages and they are also listed in the notification area, but the unread notifications badge on the app icon on the home screen is not shown. In Signal support articles there is mentioned, that badge icons are supported for some launchers, see https://support.whispersystems.org/hc/en-us/articles/215766077-How-can-I-see-my-unread-badge-count-What-launcher-should-I-use- So far I could not find out if this is a Signal or EMUI problem, but Threema and Conversations show the notification badges. Device info. Device: Honor 8 Android version: 6.0 Signal version: 3.26.2
####
Reason: The pronoun ""they"" can point to two possible targets in the sentence, creating multiple possible interpretations.
####
Extracted Semantic ambiguity segment: they
####
Clarifying Question(s): ","['When you wrote ""they are also listed in the notification area"", does ""they"" refer to ""notifications on new messages"" or the ""new messages"" themselves?']","""When you wrote 'they are also listed in the notification area', does 'they' refer to 'notifications on new messages', 'unread notifications', or something else?""","""Does 'they' refer to 'notifications on new messages', 'notifications listed in the notification area', or something else?""","""When you wrote 'they are also listed in the notification area', does 'they' refer to the 'new messages' or 'notifications on new messages'?""","['When you wrote ""they are also listed in the notification area"", does \'they\' refer to ""notifications on new messages"", ""unread notifications badges"", or something else?']","['When you wrote ""they are also listed in the notification area,"" does ""they"" refer to ""notifications on new messages"" or ""unread notifications badge""?']","['When you wrote ""Signal receives notifications on new messages and they are also listed in the notification area,"" does ""they"" refer to the new messages, the notifications, or something else?']","['When you mentioned ""they are also listed in the notification area"", does ""they"" refer to ""Signal notifications on new messages"", ""unread notifications badge"", or something else?']","['When you mention ""they are also listed in the notification area,"" does ""they"" refer to ""Signal receives notifications on new messages,"" ""new messages themselves,"" or something else?']","['When you wrote ""they are also listed in the notification area"", does ""they"" refer to ""notifications on new messages"", ""unread notifications badge"", or something else?']"
8,8,555-Signal,"Request Number - 555 | Request Title - Not working in dual sim phone | Request Description - My friend has a dual sim Lava iris 405 and i have samsung galaxy s3. we both have installed the TextSecure when i start secure session, it sends Key exchange message and its received in my friends. After that it says Received and processed key exchange message but he is unable to send me any message, it says error sending. i know its giving problem because its a dual sim phone, text secure app is not able to send sms from particular sim and giving this error. Is dual sim phone supported by textSecure?",particular sim,"When you say the app is not able to send from a particular SIM, do you mean it cannot send from a specific SIM, it cannot send from either SIM interchangeably, or something else?","['When you say the app is not able to send from a particular SIM, do you mean it cannot send from a specific SIM, it cannot send from either SIM interchangeably, or something else?']","Semantic ambiguity: a sentence has more than one way of reading it within its context, although it contains no lexical or syntactic ambiguity. Semantic ambiguity can be viewed as ambiguity with respect to the logical form, usually expressed in predicate logic, of a sentence.
You are a software analyst specializing in Semantic ambiguity resolution in GitHub feature requests.
Carefully read the provided statement along with the extracted Semantic ambiguity segment and the reasoning behind why the extracted text segment is considered ambiguous. Based on the information, generate clear and concise clarification questions aimed at addressing the Semantic ambiguity in the extracted text segment; include all generated clarifying questions in a single comma-separated list. Make sure to have all elements of the list in quotation marks.
Demonstrations are provided for clarity. Each demonstration is separated by the trigger word # END. Inside each demonstration, the statement, reason, extracted segment, and clarifying questions are separated using the trigger word ####. Strictly follow the provided demonstration.
Statement: Request Number - 1504 | Request Title - Notification Color for Individual Contacts or Groups | Request Description - how about we edit this one too?  or just delete it..... üôà
####
Reason: It is unclear how the different noun phrases (notification color, individual contacts, groups) associate with one another in a collective/distributive sense, creating multiple possible interpretations.
####
Extracted Semantic ambiguity segment: Notification Color for Individual Contacts or Groups
####
Clarifying Question(s): ['When writing ""notification color for individual contacts or groups"", are you suggesting one color for all individual contacts and one different color for all group messages, one different color for each individual and group, one color for all individual contact and group message notifications (to differentiate user communications from system or other types of notifications), or something else?']
# END
Statement: Request Number - 6077 | Request Title - Update libphonenumber to >=8.2.0 (Cannot send SMS to my mobile provider) | Request Description - I have:   searched open and closed issues for duplicates  read https://github.com/WhisperSystems/Signal-Android/wiki/Submitting-useful-bug-reports  Bug description. My friend made me aware of this as I'm never checking my account status via SMS, but it doesn't work for me neither. To check our account status, we have to send an SMS message to 13977, but Signal fails to deliver it. I tried sending it through the native Oneplus SMS app and it goes through just fine, with an immediate response. I can send an SMS to other people, though, so it has something to do with that number. (Signal adds +385 to it for Croatia, maybe that's it?) Steps to reproduce.  send an SMS to my provider through Signal Actual result: it doesn't go through, ""Failed to send"", ""Some issues need your attention."" Expected result: Message should go through and I should get a response. Device info. Device: OnePlus3T Android version: 7.0 Signal version: 3.27.1 Link to debug log. https://gist.github.com/anonymous/f656572561ea3a91d0f4bbdeb98e587b
####
Reason: The pronoun 'it' could point to multiple noun phrases earlier in the sentence, creating multiple possible meanings.
####
Extracted Semantic ambiguity segment: it.
####
Clarifying Question(s): ['When you wrote ""Signal fails to deliver it"", does \'it\' refer to ""an SMS message to 13977"", ""our account status"", or something else?']
# END
Statement: Request Number - 604 | Request Title - Number registration (for push messaging) doesn't work with Google Voice | Request Description - The new push based TextSecure doesn't seem to like using Google Voice numbers (which are then forwarded to my phone's real number via SMS).  Although there are of course privacy downsides associated with letting Google see all of your incoming/outgoing SMS data, there are also serious privacy harms associated with letting people know your actual phone number, rather than a number that will just forward texts to you* The first step of the TextSecure number registration process (""Connecting"") works fine. An incoming text message with the verification code is received by the default Android SMS app, but TextSecure doesn't catch it. Thankfully, after 2 minutes of waiting, I am given the opportunity verify by voice, which does work.
####
Reason: The pronoun 'it' can refer to two different targets in the sentence, changing the nature of the problem based on the interpretation.
####
Extracted Semantic ambiguity segment: it.
####
Clarifying Question(s): ['When you wrote ""TextSecure doesn\'t catch it"", do you mean ""TextSecure doesn\'t catch the message"", ""TextSecure doesn\'t catch the verification code"", or something else?']
# END
Request Number - 555 | Request Title - Not working in dual sim phone | Request Description - My friend has a dual sim Lava iris 405 and i have samsung galaxy s3. we both have installed the TextSecure when i start secure session, it sends Key exchange message and its received in my friends. After that it says Received and processed key exchange message but he is unable to send me any message, it says error sending. i know its giving problem because its a dual sim phone, text secure app is not able to send sms from particular sim and giving this error. Is dual sim phone supported by textSecure?
####
Reason: It is unclear whether the indefinite noun phrase ""particular sim"" is intended to be specific or non-specific, creating multiple possible interpretations.
####
Extracted Semantic ambiguity segment: particular sim
####
Clarifying Question(s): ","['When you mention ""particular sim"", are you referring to a specific SIM that TextSecure is failing to send SMS from, or do you mean any SIM in a dual SIM phone setup, or something else?']","['When you mention ""particular sim"", are you referring to one specific SIM card out of the two in the dual SIM phone, or any SIM card that is selected as the default for sending messages?']","['When you mention ""particular sim"", are you referring to a specific SIM card that TextSecure is having trouble with, or do you mean any one of the two SIM cards, in general?']","['When you mention ""particular sim"", are you referring to one of the SIM cards specifically not working while the other does, either SIM card potentially causing issues, or something else?']","['When you mention ""particular sim"", are you referring to a specific SIM card out of the two installed in the dual SIM phone, or are you using ""particular sim"" in a general sense to mean any one of the two SIM cards causing the issue?']","['When you mention ""particular sim"", are you referring to a specific SIM card in your friend\'s dual SIM phone that is consistently having issues, or do you mean any SIM card in a dual SIM setup could potentially experience the problem?']","[""When you mention 'particular sim', are you referring to a specific SIM card (such as the primary or secondary one), or are you using 'particular' in a general sense to indicate that no specific SIM card is chosen from the dual options?""]","['When you mention ""particular sim"", are you referring to a specific SIM card on the dual SIM phone that is failing to send messages, or are you indicating that the TextSecure app is having issues with dual SIM phones in general without specifying which SIM card?']","[""When you mention 'particular sim', are you referring to a specific SIM card inserted in the dual SIM phone (such as SIM 1 or SIM 2), or do you mean any SIM card randomly chosen by TextSecure within the dual SIM phone?""]","['When you mention ""particular sim"", are you referring to a specific SIM card in your friend's dual SIM phone, such as SIM 1 or SIM 2, or do you mean it could be any of the two SIM cards randomly causing the issue?']"
9,9,801-Signal,"Request Number - 801 | Request Title - Feature request: Mute Group (or any user) | Request Description - Sometimes friends in a group are discussing something I'm not interested in and my phone would go nuts vibrating and ringing all the time. A ""Mute for X minutes/hours"" feature would be awesome.",any,"When you wrote ""any user"", do you mean ""a selected user"", ""all applicable users"", or something else?","['When you wrote ""any user"", do you mean ""a selected user"", ""all applicable users"", or something else?']","Semantic ambiguity: a sentence has more than one way of reading it within its context, although it contains no lexical or syntactic ambiguity. Semantic ambiguity can be viewed as ambiguity with respect to the logical form, usually expressed in predicate logic, of a sentence.
You are a software analyst specializing in Semantic ambiguity resolution in GitHub feature requests.
Carefully read the provided statement along with the extracted Semantic ambiguity segment and the reasoning behind why the extracted text segment is considered ambiguous. Based on the information, generate clear and concise clarification questions aimed at addressing the Semantic ambiguity in the extracted text segment; include all generated clarifying questions in a single comma-separated list. Make sure to have all elements of the list in quotation marks.
Demonstrations are provided for clarity. Each demonstration is separated by the trigger word # END. Inside each demonstration, the statement, reason, extracted segment, and clarifying questions are separated using the trigger word ####. Strictly follow the provided demonstration.
Statement: Request Number - 1504 | Request Title - Notification Color for Individual Contacts or Groups | Request Description - how about we edit this one too?  or just delete it..... üôà
####
Reason: It is unclear how the different noun phrases (notification color, individual contacts, groups) associate with one another in a collective/distributive sense, creating multiple possible interpretations.
####
Extracted Semantic ambiguity segment: Notification Color for Individual Contacts or Groups
####
Clarifying Question(s): ['When writing ""notification color for individual contacts or groups"", are you suggesting one color for all individual contacts and one different color for all group messages, one different color for each individual and group, one color for all individual contact and group message notifications (to differentiate user communications from system or other types of notifications), or something else?']
# END
Statement: Request Number - 6077 | Request Title - Update libphonenumber to >=8.2.0 (Cannot send SMS to my mobile provider) | Request Description - I have:   searched open and closed issues for duplicates  read https://github.com/WhisperSystems/Signal-Android/wiki/Submitting-useful-bug-reports  Bug description. My friend made me aware of this as I'm never checking my account status via SMS, but it doesn't work for me neither. To check our account status, we have to send an SMS message to 13977, but Signal fails to deliver it. I tried sending it through the native Oneplus SMS app and it goes through just fine, with an immediate response. I can send an SMS to other people, though, so it has something to do with that number. (Signal adds +385 to it for Croatia, maybe that's it?) Steps to reproduce.  send an SMS to my provider through Signal Actual result: it doesn't go through, ""Failed to send"", ""Some issues need your attention."" Expected result: Message should go through and I should get a response. Device info. Device: OnePlus3T Android version: 7.0 Signal version: 3.27.1 Link to debug log. https://gist.github.com/anonymous/f656572561ea3a91d0f4bbdeb98e587b
####
Reason: The pronoun 'it' could point to multiple noun phrases earlier in the sentence, creating multiple possible meanings.
####
Extracted Semantic ambiguity segment: it.
####
Clarifying Question(s): ['When you wrote ""Signal fails to deliver it"", does \'it\' refer to ""an SMS message to 13977"", ""our account status"", or something else?']
# END
Statement: Request Number - 604 | Request Title - Number registration (for push messaging) doesn't work with Google Voice | Request Description - The new push based TextSecure doesn't seem to like using Google Voice numbers (which are then forwarded to my phone's real number via SMS).  Although there are of course privacy downsides associated with letting Google see all of your incoming/outgoing SMS data, there are also serious privacy harms associated with letting people know your actual phone number, rather than a number that will just forward texts to you* The first step of the TextSecure number registration process (""Connecting"") works fine. An incoming text message with the verification code is received by the default Android SMS app, but TextSecure doesn't catch it. Thankfully, after 2 minutes of waiting, I am given the opportunity verify by voice, which does work.
####
Reason: The pronoun 'it' can refer to two different targets in the sentence, changing the nature of the problem based on the interpretation.
####
Extracted Semantic ambiguity segment: it.
####
Clarifying Question(s): ['When you wrote ""TextSecure doesn\'t catch it"", do you mean ""TextSecure doesn\'t catch the message"", ""TextSecure doesn\'t catch the verification code"", or something else?']
# END
Request Number - 801 | Request Title - Feature request: Mute Group (or any user) | Request Description - Sometimes friends in a group are discussing something I'm not interested in and my phone would go nuts vibrating and ringing all the time. A ""Mute for X minutes/hours"" feature would be awesome.
####
Reason: The word ""any"" can have a specific or non-specific meaning, affecting the scope implied by the term and creating multiple possible meanings.
####
Extracted Semantic ambiguity segment: any
####
Clarifying Question(s): ","['When you use ""any"" in ""Mute Group (or any user)"", are you referring to specific users chosen by the individual or literally any user in general without specification?']","['When you wrote ""Mute Group (or any user)"", does ""any"" imply that you want the ability to mute a specific user within a group, the ability to mute any user or group of users you choose, or something else?']","['When you wrote ""Mute Group (or any user)"", does ""any"" refer to ""any user within a group"", ""any user including individual contacts outside a group"", or something else?']","""When you say 'Mute Group (or any user)', does 'any user' refer to muting all users indiscriminately, the ability to choose specific users to mute, or something else?""","""When you suggest 'mute group (or any user)', do you mean any user within a particular group, any user from your entire contact list, or any user in the context of your app interface?"", ""When you use the word 'any', are you implying the flexibility to mute individual users outside of a group or only within group discussions?""","['When you mentioned ""Mute Group (or any user)"", do you mean ""mute any specific user within a group"", ""mute any user irrespective of specific conversations"", or something else?']","['When you refer to ""mute group (or any user)"", does ""any"" imply the ability to mute individual users within a group, mute any user outside of a group, or both?', 'Are you suggesting a feature that allows muting any user regardless of group membership, or is it specific to users within a group context?']","['When you write ""Mute Group (or any user)"", does ""any"" refer specifically to individual users within a group, any group as a whole, or both individual users and groups independently?']","['When writing ""Mute Group (or any user)"", does ""any"" mean you want the ability to mute any specific user within a group or outside a group, or do you mean a general option to mute anyone in any context?']","""When you wrote 'Mute Group (or any user)', does 'any' refer to 'specific individual users that the user selects' or 'all users in general who are not part of any group', or something else?"""
10,10,757-Signal,"Request Number - 757 | Request Title - different notification settings for group chats | Request Description - It would be very nice to be able to change the notification settings for goups independently from other (personal) chats, as group chats might have a lower priority for the user.",notification settings for goups,"When you wrote ""notification settings for all goups"", did you mean notification settings for all groups together, notification settings for each group individually, or something else?","['When you wrote ""notification settings for all goups"", did you mean notification settings for all groups together, notification settings for each group individually, or something else?']","Semantic ambiguity: a sentence has more than one way of reading it within its context, although it contains no lexical or syntactic ambiguity. Semantic ambiguity can be viewed as ambiguity with respect to the logical form, usually expressed in predicate logic, of a sentence.
You are a software analyst specializing in Semantic ambiguity resolution in GitHub feature requests.
Carefully read the provided statement along with the extracted Semantic ambiguity segment and the reasoning behind why the extracted text segment is considered ambiguous. Based on the information, generate clear and concise clarification questions aimed at addressing the Semantic ambiguity in the extracted text segment; include all generated clarifying questions in a single comma-separated list. Make sure to have all elements of the list in quotation marks.
Demonstrations are provided for clarity. Each demonstration is separated by the trigger word # END. Inside each demonstration, the statement, reason, extracted segment, and clarifying questions are separated using the trigger word ####. Strictly follow the provided demonstration.
Statement: Request Number - 1504 | Request Title - Notification Color for Individual Contacts or Groups | Request Description - how about we edit this one too?  or just delete it..... üôà
####
Reason: It is unclear how the different noun phrases (notification color, individual contacts, groups) associate with one another in a collective/distributive sense, creating multiple possible interpretations.
####
Extracted Semantic ambiguity segment: Notification Color for Individual Contacts or Groups
####
Clarifying Question(s): ['When writing ""notification color for individual contacts or groups"", are you suggesting one color for all individual contacts and one different color for all group messages, one different color for each individual and group, one color for all individual contact and group message notifications (to differentiate user communications from system or other types of notifications), or something else?']
# END
Statement: Request Number - 6077 | Request Title - Update libphonenumber to >=8.2.0 (Cannot send SMS to my mobile provider) | Request Description - I have:   searched open and closed issues for duplicates  read https://github.com/WhisperSystems/Signal-Android/wiki/Submitting-useful-bug-reports  Bug description. My friend made me aware of this as I'm never checking my account status via SMS, but it doesn't work for me neither. To check our account status, we have to send an SMS message to 13977, but Signal fails to deliver it. I tried sending it through the native Oneplus SMS app and it goes through just fine, with an immediate response. I can send an SMS to other people, though, so it has something to do with that number. (Signal adds +385 to it for Croatia, maybe that's it?) Steps to reproduce.  send an SMS to my provider through Signal Actual result: it doesn't go through, ""Failed to send"", ""Some issues need your attention."" Expected result: Message should go through and I should get a response. Device info. Device: OnePlus3T Android version: 7.0 Signal version: 3.27.1 Link to debug log. https://gist.github.com/anonymous/f656572561ea3a91d0f4bbdeb98e587b
####
Reason: The pronoun 'it' could point to multiple noun phrases earlier in the sentence, creating multiple possible meanings.
####
Extracted Semantic ambiguity segment: it.
####
Clarifying Question(s): ['When you wrote ""Signal fails to deliver it"", does \'it\' refer to ""an SMS message to 13977"", ""our account status"", or something else?']
# END
Statement: Request Number - 604 | Request Title - Number registration (for push messaging) doesn't work with Google Voice | Request Description - The new push based TextSecure doesn't seem to like using Google Voice numbers (which are then forwarded to my phone's real number via SMS).  Although there are of course privacy downsides associated with letting Google see all of your incoming/outgoing SMS data, there are also serious privacy harms associated with letting people know your actual phone number, rather than a number that will just forward texts to you* The first step of the TextSecure number registration process (""Connecting"") works fine. An incoming text message with the verification code is received by the default Android SMS app, but TextSecure doesn't catch it. Thankfully, after 2 minutes of waiting, I am given the opportunity verify by voice, which does work.
####
Reason: The pronoun 'it' can refer to two different targets in the sentence, changing the nature of the problem based on the interpretation.
####
Extracted Semantic ambiguity segment: it.
####
Clarifying Question(s): ['When you wrote ""TextSecure doesn\'t catch it"", do you mean ""TextSecure doesn\'t catch the message"", ""TextSecure doesn\'t catch the verification code"", or something else?']
# END
Request Number - 757 | Request Title - different notification settings for group chats | Request Description - It would be very nice to be able to change the notification settings for goups independently from other (personal) chats, as group chats might have a lower priority for the user.
####
Reason: The interaction between the term ""settings"" and the plural ""groups"" can be interpreted as having the collective scope of ""all groups"" or the distributive scope of ""each group"", which creates multiple possible interpretations.
####
Extracted Semantic ambiguity segment: notification settings for goups
####
Clarifying Question(s): ","['When you mention ""notification settings for groups"", are you referring to having one universal setting for all group chats, or are you suggesting the ability to customize notification settings for each group independently?']","['When mentioning ""notification settings for groups"", are you proposing a single set of notification settings to be applied uniformly to all group chats, or do you envision the ability to set different notification settings for each individual group chat separately?']","['When you mention ""notification settings for groups"", do you mean having one universal setting for all group chats, or allowing different settings for each individual group chat?']","[""When you mention 'notification settings for groups', are you suggesting one universal setting for all group chats collectively, different settings for each individual group, or something else?""]","['When you mention ""notification settings for groups"", are you referring to having one set of notification settings applied universally to all group chats, or different settings for each individual group chat?']","['When you mention ""notification settings for goups"", are you referring to setting one common notification preference for all group chats collectively or having separate notification preferences for each group chat individually?']","['When you mention ""notification settings for groups"", are you suggesting having one set of notification settings that applies to all group chats collectively, or individual notification settings for each group chat?']","['When you mention ""notification settings for goups"", are you referring to having a single set of notification settings applied to all group chats collectively, or are you suggesting separate notification settings for each individual group chat?']","""Are you suggesting having one set of notification settings applied to all group chats collectively, or would you like the ability to configure different notification settings for each group chat individually?""","['When you mention ""notification settings for groups"", are you suggesting a single notification setting applicable to all group chats collectively, or distinct notification settings that can be customized for each individual group chat?']"
11,11,1407-Signal,"Request Number - 1407 | Request Title - textsecure not an option when ""sharing"" an address book contact | Request Description - TextSecure is not an option when attempting to share a contact from the address book, in Android 4.4.2 when i select ""messaging"" it tells me ""messaging"" is not the default sms app. This would be a nice feature to have added to the app.",it,"When you wrote ""it tells me"", does ""it"" refer to TextSecure, the Android OS, or something else?","['When you wrote ""it tells me"", does ""it"" refer to TextSecure, the Android OS, or something else?']","Semantic ambiguity: a sentence has more than one way of reading it within its context, although it contains no lexical or syntactic ambiguity. Semantic ambiguity can be viewed as ambiguity with respect to the logical form, usually expressed in predicate logic, of a sentence.
You are a software analyst specializing in Semantic ambiguity resolution in GitHub feature requests.
Carefully read the provided statement along with the extracted Semantic ambiguity segment and the reasoning behind why the extracted text segment is considered ambiguous. Based on the information, generate clear and concise clarification questions aimed at addressing the Semantic ambiguity in the extracted text segment; include all generated clarifying questions in a single comma-separated list. Make sure to have all elements of the list in quotation marks.
Demonstrations are provided for clarity. Each demonstration is separated by the trigger word # END. Inside each demonstration, the statement, reason, extracted segment, and clarifying questions are separated using the trigger word ####. Strictly follow the provided demonstration.
Statement: Request Number - 1504 | Request Title - Notification Color for Individual Contacts or Groups | Request Description - how about we edit this one too?  or just delete it..... üôà
####
Reason: It is unclear how the different noun phrases (notification color, individual contacts, groups) associate with one another in a collective/distributive sense, creating multiple possible interpretations.
####
Extracted Semantic ambiguity segment: Notification Color for Individual Contacts or Groups
####
Clarifying Question(s): ['When writing ""notification color for individual contacts or groups"", are you suggesting one color for all individual contacts and one different color for all group messages, one different color for each individual and group, one color for all individual contact and group message notifications (to differentiate user communications from system or other types of notifications), or something else?']
# END
Statement: Request Number - 6077 | Request Title - Update libphonenumber to >=8.2.0 (Cannot send SMS to my mobile provider) | Request Description - I have:   searched open and closed issues for duplicates  read https://github.com/WhisperSystems/Signal-Android/wiki/Submitting-useful-bug-reports  Bug description. My friend made me aware of this as I'm never checking my account status via SMS, but it doesn't work for me neither. To check our account status, we have to send an SMS message to 13977, but Signal fails to deliver it. I tried sending it through the native Oneplus SMS app and it goes through just fine, with an immediate response. I can send an SMS to other people, though, so it has something to do with that number. (Signal adds +385 to it for Croatia, maybe that's it?) Steps to reproduce.  send an SMS to my provider through Signal Actual result: it doesn't go through, ""Failed to send"", ""Some issues need your attention."" Expected result: Message should go through and I should get a response. Device info. Device: OnePlus3T Android version: 7.0 Signal version: 3.27.1 Link to debug log. https://gist.github.com/anonymous/f656572561ea3a91d0f4bbdeb98e587b
####
Reason: The pronoun 'it' could point to multiple noun phrases earlier in the sentence, creating multiple possible meanings.
####
Extracted Semantic ambiguity segment: it.
####
Clarifying Question(s): ['When you wrote ""Signal fails to deliver it"", does \'it\' refer to ""an SMS message to 13977"", ""our account status"", or something else?']
# END
Statement: Request Number - 604 | Request Title - Number registration (for push messaging) doesn't work with Google Voice | Request Description - The new push based TextSecure doesn't seem to like using Google Voice numbers (which are then forwarded to my phone's real number via SMS).  Although there are of course privacy downsides associated with letting Google see all of your incoming/outgoing SMS data, there are also serious privacy harms associated with letting people know your actual phone number, rather than a number that will just forward texts to you* The first step of the TextSecure number registration process (""Connecting"") works fine. An incoming text message with the verification code is received by the default Android SMS app, but TextSecure doesn't catch it. Thankfully, after 2 minutes of waiting, I am given the opportunity verify by voice, which does work.
####
Reason: The pronoun 'it' can refer to two different targets in the sentence, changing the nature of the problem based on the interpretation.
####
Extracted Semantic ambiguity segment: it.
####
Clarifying Question(s): ['When you wrote ""TextSecure doesn\'t catch it"", do you mean ""TextSecure doesn\'t catch the message"", ""TextSecure doesn\'t catch the verification code"", or something else?']
# END
Request Number - 1407 | Request Title - textsecure not an option when ""sharing"" an address book contact | Request Description - TextSecure is not an option when attempting to share a contact from the address book, in Android 4.4.2 when i select ""messaging"" it tells me ""messaging"" is not the default sms app. This would be a nice feature to have added to the app.
####
Reason: The pronoun ""it"" can point to multiple possible targets in the sentence, creating multiple interpretations.
####
Extracted Semantic ambiguity segment: it
####
Clarifying Question(s): ","['When you wrote ""when I select \'messaging\' it tells me \'messaging\' is not the default SMS app"", does \'it\' refer to ""Android 4.4.2"", ""TextSecure"", or something else?']","['When you wrote ""it tells me \'messaging\' is not the default sms app"", does \'it\' refer to ""Android 4.4.2"", ""the address book"", ""TextSecure"", ""the messaging app"", or something else?']","""When you wrote 'it tells me ""messaging"" is not the default sms app', does 'it' refer to 'Android 4.4.2', 'the attempt to share a contact', or something else?""","""When you wrote 'it tells me ""messaging"" is not the default sms app', does 'it' refer to the action of 'selecting ""messaging""', the system response after selecting 'messaging', or something else?""","['In the sentence ""when I select \'messaging\' it tells me \'messaging\' is not the default sms app"", does \'it\' refer to ""Android 4.4.2"", ""the phone"", ""the OS"", or something else?']","['When you wrote ""it tells me \'messaging\' is not the default sms app"", does \'it\' refer to ""Android 4.4.2"", ""TextSecure"", ""messaging"", or something else?']","""When you wrote 'it tells me ""messaging"" is not the default sms app', does 'it' refer to Android 4.4.2, the act of selecting 'messaging', the TextSecure app, or something else?""","['When you wrote ""it tells me \'messaging\' is not the default SMS app"", does \'it\' refer to the Android 4.4.2 operating system, the ""messaging"" app, or something else?']","""When you wrote 'when i select \""messaging\"" it tells me \""messaging\"" is not the default sms app,' does 'it' refer to Android 4.4.2, the 'messaging' application, or something else?""","""Regarding the sentence 'when i select ""messaging"" it tells me ""messaging"" is not the default sms app', does 'it' refer to Android 4.4.2, TextSecure, or something else?"""
12,12,2055-Signal,"Request Number - 2055 | Request Title - use delivery receipts to show message received time for outgoing messages | Request Description - After long pressing on a message and selecting the info button, the message details are shown. This includes the sent and received times for incoming messages. For outgoing messages, in contrast, only one Sent/Received time is displayed, probably containing sent time. Now that delivery receipts are implemented, it would be possible to display the received time for outgoing messages (by taking the sent time from the receipt). Or to make it more precise, let the receipt message piggybag the real received time. This would make the user interface more consistent. When this is rejected for some reasons, I suggest renaming the ""Sent/Received"" label for outgoing messages to ""Sent"" because this is what it really is about.","only one Sent/Received time is displayed,",What time receipt is shown for an outgoing message?,['What time receipt is shown for an outgoing message?'],"Semantic ambiguity: a sentence has more than one way of reading it within its context, although it contains no lexical or syntactic ambiguity. Semantic ambiguity can be viewed as ambiguity with respect to the logical form, usually expressed in predicate logic, of a sentence.
You are a software analyst specializing in Semantic ambiguity resolution in GitHub feature requests.
Carefully read the provided statement along with the extracted Semantic ambiguity segment and the reasoning behind why the extracted text segment is considered ambiguous. Based on the information, generate clear and concise clarification questions aimed at addressing the Semantic ambiguity in the extracted text segment; include all generated clarifying questions in a single comma-separated list. Make sure to have all elements of the list in quotation marks.
Demonstrations are provided for clarity. Each demonstration is separated by the trigger word # END. Inside each demonstration, the statement, reason, extracted segment, and clarifying questions are separated using the trigger word ####. Strictly follow the provided demonstration.
Statement: Request Number - 1504 | Request Title - Notification Color for Individual Contacts or Groups | Request Description - how about we edit this one too?  or just delete it..... üôà
####
Reason: It is unclear how the different noun phrases (notification color, individual contacts, groups) associate with one another in a collective/distributive sense, creating multiple possible interpretations.
####
Extracted Semantic ambiguity segment: Notification Color for Individual Contacts or Groups
####
Clarifying Question(s): ['When writing ""notification color for individual contacts or groups"", are you suggesting one color for all individual contacts and one different color for all group messages, one different color for each individual and group, one color for all individual contact and group message notifications (to differentiate user communications from system or other types of notifications), or something else?']
# END
Statement: Request Number - 6077 | Request Title - Update libphonenumber to >=8.2.0 (Cannot send SMS to my mobile provider) | Request Description - I have:   searched open and closed issues for duplicates  read https://github.com/WhisperSystems/Signal-Android/wiki/Submitting-useful-bug-reports  Bug description. My friend made me aware of this as I'm never checking my account status via SMS, but it doesn't work for me neither. To check our account status, we have to send an SMS message to 13977, but Signal fails to deliver it. I tried sending it through the native Oneplus SMS app and it goes through just fine, with an immediate response. I can send an SMS to other people, though, so it has something to do with that number. (Signal adds +385 to it for Croatia, maybe that's it?) Steps to reproduce.  send an SMS to my provider through Signal Actual result: it doesn't go through, ""Failed to send"", ""Some issues need your attention."" Expected result: Message should go through and I should get a response. Device info. Device: OnePlus3T Android version: 7.0 Signal version: 3.27.1 Link to debug log. https://gist.github.com/anonymous/f656572561ea3a91d0f4bbdeb98e587b
####
Reason: The pronoun 'it' could point to multiple noun phrases earlier in the sentence, creating multiple possible meanings.
####
Extracted Semantic ambiguity segment: it.
####
Clarifying Question(s): ['When you wrote ""Signal fails to deliver it"", does \'it\' refer to ""an SMS message to 13977"", ""our account status"", or something else?']
# END
Statement: Request Number - 604 | Request Title - Number registration (for push messaging) doesn't work with Google Voice | Request Description - The new push based TextSecure doesn't seem to like using Google Voice numbers (which are then forwarded to my phone's real number via SMS).  Although there are of course privacy downsides associated with letting Google see all of your incoming/outgoing SMS data, there are also serious privacy harms associated with letting people know your actual phone number, rather than a number that will just forward texts to you* The first step of the TextSecure number registration process (""Connecting"") works fine. An incoming text message with the verification code is received by the default Android SMS app, but TextSecure doesn't catch it. Thankfully, after 2 minutes of waiting, I am given the opportunity verify by voice, which does work.
####
Reason: The pronoun 'it' can refer to two different targets in the sentence, changing the nature of the problem based on the interpretation.
####
Extracted Semantic ambiguity segment: it.
####
Clarifying Question(s): ['When you wrote ""TextSecure doesn\'t catch it"", do you mean ""TextSecure doesn\'t catch the message"", ""TextSecure doesn\'t catch the verification code"", or something else?']
# END
Request Number - 2055 | Request Title - use delivery receipts to show message received time for outgoing messages | Request Description - After long pressing on a message and selecting the info button, the message details are shown. This includes the sent and received times for incoming messages. For outgoing messages, in contrast, only one Sent/Received time is displayed, probably containing sent time. Now that delivery receipts are implemented, it would be possible to display the received time for outgoing messages (by taking the sent time from the receipt). Or to make it more precise, let the receipt message piggybag the real received time. This would make the user interface more consistent. When this is rejected for some reasons, I suggest renaming the ""Sent/Received"" label for outgoing messages to ""Sent"" because this is what it really is about.
####
Reason: There are quantifiers ""only one"" and also ""/"" in the sentence. In this case, sent/received can be interpreted in two different ways: (1) sent or received. (2) sent and received as one token. 
####
Extracted Semantic ambiguity segment: only one Sent/Received time is displayed,
####
Clarifying Question(s): ","""When you mention 'only one Sent/Received time is displayed', are you indicating that 'Sent/Received' refers to both sent and received times combined into one label, or are you suggesting it means either the sent time or the received time alone?""","[""When you mention 'only one Sent/Received time is displayed,' are you suggesting that it's currently showing just the sent time, just the received time, or both as a combined single entry but not individually?""]","[""When you mention 'only one Sent/Received time is displayed,' do you mean that the system should display either 'Sent' or 'Received' time separately, or that 'Sent/Received' is treated as a combined entity showing a single piece of information, which currently represents the sent time?""]","['When you mention ""only one Sent/Received time is displayed,"" are you indicating that the system currently shows only the ""Sent"" time, interpreting ""Sent/Received"" as a single label, or do you mean it can only show either ""Sent"" or ""Received"" individually?']","['When stating ""only one Sent/Received time is displayed"", does this mean there is only a single time shown that represents either the sent or received time, or that there is a single time labeled ""Sent/Received"" intended to represent both the sent and received times as a combined token?']","['When you mention ""only one Sent/Received time is displayed,"" do you mean that there is only a single timestamp that could either represent the sent or received time, or that it combines both the sent and received times into one timestamp?']","['When you mention ""only one Sent/Received time is displayed,"" do you mean that either the sent or the received time is displayed, depending on availability, or that a single token representing both sent and received is shown?', 'Is the displayed Sent/Received time for outgoing messages meant to indicate both the sent and received times as a combined label, or just one of these times, depending on possibility?']","['When you mention ""only one Sent/Received time is displayed"", do you mean that either the sent or received time is displayed but not both, or do you mean that they are combined and displayed as a single token (e.g., ""Sent/Received"" as one label)?']","""When you write 'only one Sent/Received time is displayed', do you mean one time representing either sent or received (depending on the context), or do you mean one time that collectively represents both sent and received as a single token?""","['When stating ""only one Sent/Received time is displayed,"" do you mean that only one timestamp is displayed which could be either the sent time or the received time, or do you mean that the sent and received times are combined into one display token?']"
13,13,2055-Signal,"Request Number - 2055 | Request Title - use delivery receipts to show message received time for outgoing messages | Request Description - After long pressing on a message and selecting the info button, the message details are shown. This includes the sent and received times for incoming messages. For outgoing messages, in contrast, only one Sent/Received time is displayed, probably containing sent time. Now that delivery receipts are implemented, it would be possible to display the received time for outgoing messages (by taking the sent time from the receipt). Or to make it more precise, let the receipt message piggybag the real received time. This would make the user interface more consistent. When this is rejected for some reasons, I suggest renaming the ""Sent/Received"" label for outgoing messages to ""Sent"" because this is what it really is about.",it,"What do you mean by ""it"" when you stated, ""because this is what it really is about""?","['What do you mean by ""it"" when you stated, ""because this is what it really is about""?']","Semantic ambiguity: a sentence has more than one way of reading it within its context, although it contains no lexical or syntactic ambiguity. Semantic ambiguity can be viewed as ambiguity with respect to the logical form, usually expressed in predicate logic, of a sentence.
You are a software analyst specializing in Semantic ambiguity resolution in GitHub feature requests.
Carefully read the provided statement along with the extracted Semantic ambiguity segment and the reasoning behind why the extracted text segment is considered ambiguous. Based on the information, generate clear and concise clarification questions aimed at addressing the Semantic ambiguity in the extracted text segment; include all generated clarifying questions in a single comma-separated list. Make sure to have all elements of the list in quotation marks.
Demonstrations are provided for clarity. Each demonstration is separated by the trigger word # END. Inside each demonstration, the statement, reason, extracted segment, and clarifying questions are separated using the trigger word ####. Strictly follow the provided demonstration.
Statement: Request Number - 1504 | Request Title - Notification Color for Individual Contacts or Groups | Request Description - how about we edit this one too?  or just delete it..... üôà
####
Reason: It is unclear how the different noun phrases (notification color, individual contacts, groups) associate with one another in a collective/distributive sense, creating multiple possible interpretations.
####
Extracted Semantic ambiguity segment: Notification Color for Individual Contacts or Groups
####
Clarifying Question(s): ['When writing ""notification color for individual contacts or groups"", are you suggesting one color for all individual contacts and one different color for all group messages, one different color for each individual and group, one color for all individual contact and group message notifications (to differentiate user communications from system or other types of notifications), or something else?']
# END
Statement: Request Number - 6077 | Request Title - Update libphonenumber to >=8.2.0 (Cannot send SMS to my mobile provider) | Request Description - I have:   searched open and closed issues for duplicates  read https://github.com/WhisperSystems/Signal-Android/wiki/Submitting-useful-bug-reports  Bug description. My friend made me aware of this as I'm never checking my account status via SMS, but it doesn't work for me neither. To check our account status, we have to send an SMS message to 13977, but Signal fails to deliver it. I tried sending it through the native Oneplus SMS app and it goes through just fine, with an immediate response. I can send an SMS to other people, though, so it has something to do with that number. (Signal adds +385 to it for Croatia, maybe that's it?) Steps to reproduce.  send an SMS to my provider through Signal Actual result: it doesn't go through, ""Failed to send"", ""Some issues need your attention."" Expected result: Message should go through and I should get a response. Device info. Device: OnePlus3T Android version: 7.0 Signal version: 3.27.1 Link to debug log. https://gist.github.com/anonymous/f656572561ea3a91d0f4bbdeb98e587b
####
Reason: The pronoun 'it' could point to multiple noun phrases earlier in the sentence, creating multiple possible meanings.
####
Extracted Semantic ambiguity segment: it.
####
Clarifying Question(s): ['When you wrote ""Signal fails to deliver it"", does \'it\' refer to ""an SMS message to 13977"", ""our account status"", or something else?']
# END
Statement: Request Number - 604 | Request Title - Number registration (for push messaging) doesn't work with Google Voice | Request Description - The new push based TextSecure doesn't seem to like using Google Voice numbers (which are then forwarded to my phone's real number via SMS).  Although there are of course privacy downsides associated with letting Google see all of your incoming/outgoing SMS data, there are also serious privacy harms associated with letting people know your actual phone number, rather than a number that will just forward texts to you* The first step of the TextSecure number registration process (""Connecting"") works fine. An incoming text message with the verification code is received by the default Android SMS app, but TextSecure doesn't catch it. Thankfully, after 2 minutes of waiting, I am given the opportunity verify by voice, which does work.
####
Reason: The pronoun 'it' can refer to two different targets in the sentence, changing the nature of the problem based on the interpretation.
####
Extracted Semantic ambiguity segment: it.
####
Clarifying Question(s): ['When you wrote ""TextSecure doesn\'t catch it"", do you mean ""TextSecure doesn\'t catch the message"", ""TextSecure doesn\'t catch the verification code"", or something else?']
# END
Request Number - 2055 | Request Title - use delivery receipts to show message received time for outgoing messages | Request Description - After long pressing on a message and selecting the info button, the message details are shown. This includes the sent and received times for incoming messages. For outgoing messages, in contrast, only one Sent/Received time is displayed, probably containing sent time. Now that delivery receipts are implemented, it would be possible to display the received time for outgoing messages (by taking the sent time from the receipt). Or to make it more precise, let the receipt message piggybag the real received time. This would make the user interface more consistent. When this is rejected for some reasons, I suggest renaming the ""Sent/Received"" label for outgoing messages to ""Sent"" because this is what it really is about.
####
Reason: ""it"" can refer to two references in the same sentence. 
####
Extracted Semantic ambiguity segment: it
####
Clarifying Question(s): ","[""When you write 'it would be possible to display the received time for outgoing messages', does 'it' refer to 'taking the sent time from the receipt', 'having the receipt message piggyback the real received time', or something else?""]","['In the sentence ""Or to make it more precise, let the receipt message piggybag the real received time"", does ""it"" refer to ""displaying the received time for outgoing messages"" or ""the receipt message""?']","[""When you wrote 'Now that delivery receipts are implemented, it would be possible to display...,' does 'it' refer to 'displaying the received time for outgoing messages' or 'letting the receipt message piggyback the real received time'?""]","['When you wrote ""it would be possible to display the received time for outgoing messages"", does \'it\' refer to ""displaying the received time"", ""taking the sent time from the receipt"", or something else?']","""When you wrote 'it would be possible to display the received time for outgoing messages', does 'it' refer to 'the implementation of delivery receipts' or 'the process of displaying the received time for outgoing messages'?""","[""When you wrote 'it would be possible to display the received time for outgoing messages', does 'it' refer to 'displaying the received time using the sent time from the receipt', 'letting the receipt message piggyback the real received time', or something else?""]","['In the statement ""only one Sent/Received time is displayed, probably containing sent time"", does ""it"" refer to the single displayed time being labeled, or does ""it"" refer to the assumption that the ""Sent/Received"" time includes only the sent time?']","['In the statement ""probably containing sent time. Now that delivery receipts are implemented, it would be possible to display the received time for outgoing messages"", does ""it"" refer to implementing the display of received time for outgoing messages using delivery receipts, or does ""it"" refer to the ""Sent/Received"" time label needing to be changed to ""Sent"" for accuracy?']","['When you wrote ""it would be possible to display the received time for outgoing messages,"" does \'it\' refer to ""using delivery receipts"" or to ""displaying the received time""?']","['When you wrote ""it would be possible to display the received time for outgoing messages"", does \'it\' refer to using the sent time from the receipt to display the received time or making the receipt message piggyback the real received time?']"
14,14,6069-Signal,"Request Number - 6069 | Request Title - Unread notification badges do not work on Huawei EMUI | Request Description - I have:   searched open and closed issues for duplicates  read https://github.com/WhisperSystems/Signal-Android/wiki/Submitting-useful-bug-reports  Bug description. I've installed Signal on a Honor 8 (made by Huawei) with EMUI 4.1 (Android 6.0). I've noticed that Signal receives notifications on new messages and they are also listed in the notification area, but the unread notifications badge on the app icon on the home screen is not shown. In Signal support articles there is mentioned, that badge icons are supported for some launchers, see https://support.whispersystems.org/hc/en-us/articles/215766077-How-can-I-see-my-unread-badge-count-What-launcher-should-I-use- So far I could not find out if this is a Signal or EMUI problem, but Threema and Conversations show the notification badges. Device info. Device: Honor 8 Android version: 6.0 Signal version: 3.26.2",they,"When you wrote ""they are also listed in the notification area"", does 'they' refer to 'notifications', 'messages', or something else?","['When you wrote ""they are also listed in the notification area"", does \'they\' refer to \'notifications\', \'messages\', or something else?']","Semantic ambiguity: a sentence has more than one way of reading it within its context, although it contains no lexical or syntactic ambiguity. Semantic ambiguity can be viewed as ambiguity with respect to the logical form, usually expressed in predicate logic, of a sentence.
You are a software analyst specializing in Semantic ambiguity resolution in GitHub feature requests.
Carefully read the provided statement along with the extracted Semantic ambiguity segment and the reasoning behind why the extracted text segment is considered ambiguous. Based on the information, generate clear and concise clarification questions aimed at addressing the Semantic ambiguity in the extracted text segment; include all generated clarifying questions in a single comma-separated list. Make sure to have all elements of the list in quotation marks.
Demonstrations are provided for clarity. Each demonstration is separated by the trigger word # END. Inside each demonstration, the statement, reason, extracted segment, and clarifying questions are separated using the trigger word ####. Strictly follow the provided demonstration.
Statement: Request Number - 604 | Request Title - Number registration (for push messaging) doesn't work with Google Voice | Request Description - The new push based TextSecure doesn't seem to like using Google Voice numbers (which are then forwarded to my phone's real number via SMS).  Although there are of course privacy downsides associated with letting Google see all of your incoming/outgoing SMS data, there are also serious privacy harms associated with letting people know your actual phone number, rather than a number that will just forward texts to you* The first step of the TextSecure number registration process (""Connecting"") works fine. An incoming text message with the verification code is received by the default Android SMS app, but TextSecure doesn't catch it. Thankfully, after 2 minutes of waiting, I am given the opportunity verify by voice, which does work.
####
Reason: The pronoun 'it' can refer to two different targets in the sentence, changing the nature of the problem based on the interpretation.
####
Extracted Semantic ambiguity segment: it.
####
Clarifying Question(s): ['When you wrote ""TextSecure doesn\'t catch it"", do you mean ""TextSecure doesn\'t catch the message"", ""TextSecure doesn\'t catch the verification code"", or something else?']
# END
Statement: Request Number - 1504 | Request Title - Notification Color for Individual Contacts or Groups | Request Description - how about we edit this one too?  or just delete it..... üôà
####
Reason: It is unclear how the different noun phrases (notification color, individual contacts, groups) associate with one another in a collective/distributive sense, creating multiple possible interpretations.
####
Extracted Semantic ambiguity segment: Notification Color for Individual Contacts or Groups
####
Clarifying Question(s): ['When writing ""notification color for individual contacts or groups"", are you suggesting one color for all individual contacts and one different color for all group messages, one different color for each individual and group, one color for all individual contact and group message notifications (to differentiate user communications from system or other types of notifications), or something else?']
# END
Statement: Request Number - 6077 | Request Title - Update libphonenumber to >=8.2.0 (Cannot send SMS to my mobile provider) | Request Description - I have:   searched open and closed issues for duplicates  read https://github.com/WhisperSystems/Signal-Android/wiki/Submitting-useful-bug-reports  Bug description. My friend made me aware of this as I'm never checking my account status via SMS, but it doesn't work for me neither. To check our account status, we have to send an SMS message to 13977, but Signal fails to deliver it. I tried sending it through the native Oneplus SMS app and it goes through just fine, with an immediate response. I can send an SMS to other people, though, so it has something to do with that number. (Signal adds +385 to it for Croatia, maybe that's it?) Steps to reproduce.  send an SMS to my provider through Signal Actual result: it doesn't go through, ""Failed to send"", ""Some issues need your attention."" Expected result: Message should go through and I should get a response. Device info. Device: OnePlus3T Android version: 7.0 Signal version: 3.27.1 Link to debug log. https://gist.github.com/anonymous/f656572561ea3a91d0f4bbdeb98e587b
####
Reason: The pronoun 'it' could point to multiple noun phrases earlier in the sentence, creating multiple possible meanings.
####
Extracted Semantic ambiguity segment: it.
####
Clarifying Question(s): ['When you wrote ""Signal fails to deliver it"", does \'it\' refer to ""an SMS message to 13977"", ""our account status"", or something else?']
# END
Request Number - 6069 | Request Title - Unread notification badges do not work on Huawei EMUI | Request Description - I have:   searched open and closed issues for duplicates  read https://github.com/WhisperSystems/Signal-Android/wiki/Submitting-useful-bug-reports  Bug description. I've installed Signal on a Honor 8 (made by Huawei) with EMUI 4.1 (Android 6.0). I've noticed that Signal receives notifications on new messages and they are also listed in the notification area, but the unread notifications badge on the app icon on the home screen is not shown. In Signal support articles there is mentioned, that badge icons are supported for some launchers, see https://support.whispersystems.org/hc/en-us/articles/215766077-How-can-I-see-my-unread-badge-count-What-launcher-should-I-use- So far I could not find out if this is a Signal or EMUI problem, but Threema and Conversations show the notification badges. Device info. Device: Honor 8 Android version: 6.0 Signal version: 3.26.2
####
Reason: The pronoun ""they"" can point to two possible targets in the sentence, creating multiple possible interpretations.
####
Extracted Semantic ambiguity segment: they
####
Clarifying Question(s): ","['When you wrote ""they are also listed in the notification area"", does ""they"" refer to ""notifications on new messages"", ""unread notifications"", or something else?']","""When you wrote 'they are also listed in the notification area', does 'they' refer to 'notifications on new messages', 'new messages' themselves, or something else?""","['When you mentioned ""they are also listed in the notification area"", does ""they"" refer to ""notifications on new messages"", ""unread notifications badges"", or something else?']","['When you say ""they are also listed in the notification area"", does ""they"" refer to ""Signal notifications on new messages"", ""unread notifications"", or something else?']","['When you wrote ""they are also listed in the notification area"", does ""they"" refer to ""notifications on new messages"", ""new messages"", or something else?']","['When you wrote ""they are also listed in the notification area"", does ""they"" refer to ""Signal notifications on new messages"", ""unread notifications badges"", or something else?']","['When you wrote ""they are also listed in the notification area"", does ""they"" refer to ""notifications on new messages"", ""new messages themselves"", or something else?']","['When you wrote ""they are also listed in the notification area"", does ""they"" refer to ""Signal notifications on new messages"", ""new messages"", or something else?']","[""In the sentence 'Signal receives notifications on new messages and they are also listed in the notification area,' does 'they' refer to 'notifications', 'new messages', or something else?""]","['When you wrote ""they are also listed in the notification area,"" does ""they"" refer to ""notifications on new messages,"" ""Unread notification badges,"" or something else?']"
15,15,555-Signal,"Request Number - 555 | Request Title - Not working in dual sim phone | Request Description - My friend has a dual sim Lava iris 405 and i have samsung galaxy s3. we both have installed the TextSecure when i start secure session, it sends Key exchange message and its received in my friends. After that it says Received and processed key exchange message but he is unable to send me any message, it says error sending. i know its giving problem because its a dual sim phone, text secure app is not able to send sms from particular sim and giving this error. Is dual sim phone supported by textSecure?",particular sim,"When you say the app is not able to send from a particular SIM, do you mean it cannot send from a specific SIM, it cannot send from either SIM interchangeably, or something else?","['When you say the app is not able to send from a particular SIM, do you mean it cannot send from a specific SIM, it cannot send from either SIM interchangeably, or something else?']","Semantic ambiguity: a sentence has more than one way of reading it within its context, although it contains no lexical or syntactic ambiguity. Semantic ambiguity can be viewed as ambiguity with respect to the logical form, usually expressed in predicate logic, of a sentence.
You are a software analyst specializing in Semantic ambiguity resolution in GitHub feature requests.
Carefully read the provided statement along with the extracted Semantic ambiguity segment and the reasoning behind why the extracted text segment is considered ambiguous. Based on the information, generate clear and concise clarification questions aimed at addressing the Semantic ambiguity in the extracted text segment; include all generated clarifying questions in a single comma-separated list. Make sure to have all elements of the list in quotation marks.
Demonstrations are provided for clarity. Each demonstration is separated by the trigger word # END. Inside each demonstration, the statement, reason, extracted segment, and clarifying questions are separated using the trigger word ####. Strictly follow the provided demonstration.
Statement: Request Number - 604 | Request Title - Number registration (for push messaging) doesn't work with Google Voice | Request Description - The new push based TextSecure doesn't seem to like using Google Voice numbers (which are then forwarded to my phone's real number via SMS).  Although there are of course privacy downsides associated with letting Google see all of your incoming/outgoing SMS data, there are also serious privacy harms associated with letting people know your actual phone number, rather than a number that will just forward texts to you* The first step of the TextSecure number registration process (""Connecting"") works fine. An incoming text message with the verification code is received by the default Android SMS app, but TextSecure doesn't catch it. Thankfully, after 2 minutes of waiting, I am given the opportunity verify by voice, which does work.
####
Reason: The pronoun 'it' can refer to two different targets in the sentence, changing the nature of the problem based on the interpretation.
####
Extracted Semantic ambiguity segment: it.
####
Clarifying Question(s): ['When you wrote ""TextSecure doesn\'t catch it"", do you mean ""TextSecure doesn\'t catch the message"", ""TextSecure doesn\'t catch the verification code"", or something else?']
# END
Statement: Request Number - 1504 | Request Title - Notification Color for Individual Contacts or Groups | Request Description - how about we edit this one too?  or just delete it..... üôà
####
Reason: It is unclear how the different noun phrases (notification color, individual contacts, groups) associate with one another in a collective/distributive sense, creating multiple possible interpretations.
####
Extracted Semantic ambiguity segment: Notification Color for Individual Contacts or Groups
####
Clarifying Question(s): ['When writing ""notification color for individual contacts or groups"", are you suggesting one color for all individual contacts and one different color for all group messages, one different color for each individual and group, one color for all individual contact and group message notifications (to differentiate user communications from system or other types of notifications), or something else?']
# END
Statement: Request Number - 6077 | Request Title - Update libphonenumber to >=8.2.0 (Cannot send SMS to my mobile provider) | Request Description - I have:   searched open and closed issues for duplicates  read https://github.com/WhisperSystems/Signal-Android/wiki/Submitting-useful-bug-reports  Bug description. My friend made me aware of this as I'm never checking my account status via SMS, but it doesn't work for me neither. To check our account status, we have to send an SMS message to 13977, but Signal fails to deliver it. I tried sending it through the native Oneplus SMS app and it goes through just fine, with an immediate response. I can send an SMS to other people, though, so it has something to do with that number. (Signal adds +385 to it for Croatia, maybe that's it?) Steps to reproduce.  send an SMS to my provider through Signal Actual result: it doesn't go through, ""Failed to send"", ""Some issues need your attention."" Expected result: Message should go through and I should get a response. Device info. Device: OnePlus3T Android version: 7.0 Signal version: 3.27.1 Link to debug log. https://gist.github.com/anonymous/f656572561ea3a91d0f4bbdeb98e587b
####
Reason: The pronoun 'it' could point to multiple noun phrases earlier in the sentence, creating multiple possible meanings.
####
Extracted Semantic ambiguity segment: it.
####
Clarifying Question(s): ['When you wrote ""Signal fails to deliver it"", does \'it\' refer to ""an SMS message to 13977"", ""our account status"", or something else?']
# END
Request Number - 555 | Request Title - Not working in dual sim phone | Request Description - My friend has a dual sim Lava iris 405 and i have samsung galaxy s3. we both have installed the TextSecure when i start secure session, it sends Key exchange message and its received in my friends. After that it says Received and processed key exchange message but he is unable to send me any message, it says error sending. i know its giving problem because its a dual sim phone, text secure app is not able to send sms from particular sim and giving this error. Is dual sim phone supported by textSecure?
####
Reason: It is unclear whether the indefinite noun phrase ""particular sim"" is intended to be specific or non-specific, creating multiple possible interpretations.
####
Extracted Semantic ambiguity segment: particular sim
####
Clarifying Question(s): ","['When you mentioned ""particular sim"", are you referring to a specific SIM card on a dual SIM phone that TextSecure is failing to use, or is it any SIM card being used that is not working as expected?']","[""When you mention 'particular sim,' are you referring to one specific SIM in the dual SIM setup that TextSecure is trying to use but failing, any SIM randomly selected by the app in a dual SIM phone, or do you mean something else?""]","['When you mention ""particular sim"", are you referring to a specific SIM card in the dual SIM phone that is having issues, any SIM card in general, or something else?']","['When you mention ""particular sim"", are you referring to a specific SIM card in the dual SIM phone, such as the primary SIM or secondary SIM, or do you mean any SIM card in a non-specific way?']","['When mentioning ""particular sim"", are you referring to a specific SIM card in your friend\'s phone, a specific SIM card in your phone, any non-default SIM card, or something else?']","['When you wrote ""TextSecure app is not able to send SMS from particular sim"", are you referring to one specific SIM card that consistently has issues, any SIM card selected in a dual SIM setup, or something else?']","['When mentioning ""particular sim"", are you referring to a specific SIM card that has been chosen or configured in the device settings, the SIM card that is set as the default for sending SMS, any SIM card randomly chosen by the TextSecure app, or something else?']","['When writing ""particular sim"", are you referring to a specific SIM card that TextSecure is failing to use (e.g., SIM 1 or SIM 2), any SIM card in a dual SIM phone at random, or something else entirely?']","['When mentioning ""particular sim"", are you referring to one specific SIM card that is generally problematic, the SIM card used for sending the secure message, or are you suggesting that either SIM card may encounter issues randomly?']","[""When you mention 'particular sim,' do you mean a specific SIM card (like SIM 1 or SIM 2), or are you referring to any SIM card without preference?""]"
16,16,801-Signal,"Request Number - 801 | Request Title - Feature request: Mute Group (or any user) | Request Description - Sometimes friends in a group are discussing something I'm not interested in and my phone would go nuts vibrating and ringing all the time. A ""Mute for X minutes/hours"" feature would be awesome.",any,"When you wrote ""any user"", do you mean ""a selected user"", ""all applicable users"", or something else?","['When you wrote ""any user"", do you mean ""a selected user"", ""all applicable users"", or something else?']","Semantic ambiguity: a sentence has more than one way of reading it within its context, although it contains no lexical or syntactic ambiguity. Semantic ambiguity can be viewed as ambiguity with respect to the logical form, usually expressed in predicate logic, of a sentence.
You are a software analyst specializing in Semantic ambiguity resolution in GitHub feature requests.
Carefully read the provided statement along with the extracted Semantic ambiguity segment and the reasoning behind why the extracted text segment is considered ambiguous. Based on the information, generate clear and concise clarification questions aimed at addressing the Semantic ambiguity in the extracted text segment; include all generated clarifying questions in a single comma-separated list. Make sure to have all elements of the list in quotation marks.
Demonstrations are provided for clarity. Each demonstration is separated by the trigger word # END. Inside each demonstration, the statement, reason, extracted segment, and clarifying questions are separated using the trigger word ####. Strictly follow the provided demonstration.
Statement: Request Number - 604 | Request Title - Number registration (for push messaging) doesn't work with Google Voice | Request Description - The new push based TextSecure doesn't seem to like using Google Voice numbers (which are then forwarded to my phone's real number via SMS).  Although there are of course privacy downsides associated with letting Google see all of your incoming/outgoing SMS data, there are also serious privacy harms associated with letting people know your actual phone number, rather than a number that will just forward texts to you* The first step of the TextSecure number registration process (""Connecting"") works fine. An incoming text message with the verification code is received by the default Android SMS app, but TextSecure doesn't catch it. Thankfully, after 2 minutes of waiting, I am given the opportunity verify by voice, which does work.
####
Reason: The pronoun 'it' can refer to two different targets in the sentence, changing the nature of the problem based on the interpretation.
####
Extracted Semantic ambiguity segment: it.
####
Clarifying Question(s): ['When you wrote ""TextSecure doesn\'t catch it"", do you mean ""TextSecure doesn\'t catch the message"", ""TextSecure doesn\'t catch the verification code"", or something else?']
# END
Statement: Request Number - 1504 | Request Title - Notification Color for Individual Contacts or Groups | Request Description - how about we edit this one too?  or just delete it..... üôà
####
Reason: It is unclear how the different noun phrases (notification color, individual contacts, groups) associate with one another in a collective/distributive sense, creating multiple possible interpretations.
####
Extracted Semantic ambiguity segment: Notification Color for Individual Contacts or Groups
####
Clarifying Question(s): ['When writing ""notification color for individual contacts or groups"", are you suggesting one color for all individual contacts and one different color for all group messages, one different color for each individual and group, one color for all individual contact and group message notifications (to differentiate user communications from system or other types of notifications), or something else?']
# END
Statement: Request Number - 6077 | Request Title - Update libphonenumber to >=8.2.0 (Cannot send SMS to my mobile provider) | Request Description - I have:   searched open and closed issues for duplicates  read https://github.com/WhisperSystems/Signal-Android/wiki/Submitting-useful-bug-reports  Bug description. My friend made me aware of this as I'm never checking my account status via SMS, but it doesn't work for me neither. To check our account status, we have to send an SMS message to 13977, but Signal fails to deliver it. I tried sending it through the native Oneplus SMS app and it goes through just fine, with an immediate response. I can send an SMS to other people, though, so it has something to do with that number. (Signal adds +385 to it for Croatia, maybe that's it?) Steps to reproduce.  send an SMS to my provider through Signal Actual result: it doesn't go through, ""Failed to send"", ""Some issues need your attention."" Expected result: Message should go through and I should get a response. Device info. Device: OnePlus3T Android version: 7.0 Signal version: 3.27.1 Link to debug log. https://gist.github.com/anonymous/f656572561ea3a91d0f4bbdeb98e587b
####
Reason: The pronoun 'it' could point to multiple noun phrases earlier in the sentence, creating multiple possible meanings.
####
Extracted Semantic ambiguity segment: it.
####
Clarifying Question(s): ['When you wrote ""Signal fails to deliver it"", does \'it\' refer to ""an SMS message to 13977"", ""our account status"", or something else?']
# END
Request Number - 801 | Request Title - Feature request: Mute Group (or any user) | Request Description - Sometimes friends in a group are discussing something I'm not interested in and my phone would go nuts vibrating and ringing all the time. A ""Mute for X minutes/hours"" feature would be awesome.
####
Reason: The word ""any"" can have a specific or non-specific meaning, affecting the scope implied by the term and creating multiple possible meanings.
####
Extracted Semantic ambiguity segment: any
####
Clarifying Question(s): ","['When you mentioned ""Mute Group (or any user)"", does ""any user"" refer specifically to individual users within a group that you might want to mute, to any user in your contacts, or to any user within a communication platform the app supports?']","['When you wrote ""Mute Group (or any user)"", does ""any user"" refer to muting a specific user chosen by the individual, muting every user except specific ones, or some other configuration?']","['When you wrote ""Mute Group (or any user)"", does ""any"" refer to ""mute any specific user of my choice"", ""mute all users except for specific ones"", ""choose any user to potentially mute"", or something else?']","['When you wrote ""Mute Group (or any user)"", does ""any user"" mean a specific user of your choice, every user in a group, any user outside of groups, or something else?']","['When you say ""mute any user"", do you mean being able to mute a specific user within a group, the ability to mute all users individually in different timeframes, or are you referring to something else?']","['When you wrote ""Mute Group (or any user)"", does ""any user"" mean you want the ability to mute any specific user of your choosing within a group, the ability to mute all users in a blanket action, or something else?']","[""When you mention 'Mute Group (or any user)', are you requesting the ability to mute specific individual users one at a time, the ability to mute all users collectively except specified ones, or something else?""]","['When you mention ""Mute Group (or any user)"", does ""any"" imply the ability to mute a specific user within a group, any user in any group, or any individual contact outside of a group, or something else?']","[""When you mentioned 'Mute Group (or any user)', does 'any' refer to muting specific individual users of your choosing, muting all users within a group, or something else?""]","['When you wrote ""Mute Group (or any user)"", does ""any"" refer to a specific user you choose to mute, all users you are not specifically talking to, or any user in the app regardless of interaction history?']"
17,17,757-Signal,"Request Number - 757 | Request Title - different notification settings for group chats | Request Description - It would be very nice to be able to change the notification settings for goups independently from other (personal) chats, as group chats might have a lower priority for the user.",notification settings for goups,"When you wrote ""notification settings for all goups"", did you mean notification settings for all groups together, notification settings for each group individually, or something else?","['When you wrote ""notification settings for all goups"", did you mean notification settings for all groups together, notification settings for each group individually, or something else?']","Semantic ambiguity: a sentence has more than one way of reading it within its context, although it contains no lexical or syntactic ambiguity. Semantic ambiguity can be viewed as ambiguity with respect to the logical form, usually expressed in predicate logic, of a sentence.
You are a software analyst specializing in Semantic ambiguity resolution in GitHub feature requests.
Carefully read the provided statement along with the extracted Semantic ambiguity segment and the reasoning behind why the extracted text segment is considered ambiguous. Based on the information, generate clear and concise clarification questions aimed at addressing the Semantic ambiguity in the extracted text segment; include all generated clarifying questions in a single comma-separated list. Make sure to have all elements of the list in quotation marks.
Demonstrations are provided for clarity. Each demonstration is separated by the trigger word # END. Inside each demonstration, the statement, reason, extracted segment, and clarifying questions are separated using the trigger word ####. Strictly follow the provided demonstration.
Statement: Request Number - 604 | Request Title - Number registration (for push messaging) doesn't work with Google Voice | Request Description - The new push based TextSecure doesn't seem to like using Google Voice numbers (which are then forwarded to my phone's real number via SMS).  Although there are of course privacy downsides associated with letting Google see all of your incoming/outgoing SMS data, there are also serious privacy harms associated with letting people know your actual phone number, rather than a number that will just forward texts to you* The first step of the TextSecure number registration process (""Connecting"") works fine. An incoming text message with the verification code is received by the default Android SMS app, but TextSecure doesn't catch it. Thankfully, after 2 minutes of waiting, I am given the opportunity verify by voice, which does work.
####
Reason: The pronoun 'it' can refer to two different targets in the sentence, changing the nature of the problem based on the interpretation.
####
Extracted Semantic ambiguity segment: it.
####
Clarifying Question(s): ['When you wrote ""TextSecure doesn\'t catch it"", do you mean ""TextSecure doesn\'t catch the message"", ""TextSecure doesn\'t catch the verification code"", or something else?']
# END
Statement: Request Number - 1504 | Request Title - Notification Color for Individual Contacts or Groups | Request Description - how about we edit this one too?  or just delete it..... üôà
####
Reason: It is unclear how the different noun phrases (notification color, individual contacts, groups) associate with one another in a collective/distributive sense, creating multiple possible interpretations.
####
Extracted Semantic ambiguity segment: Notification Color for Individual Contacts or Groups
####
Clarifying Question(s): ['When writing ""notification color for individual contacts or groups"", are you suggesting one color for all individual contacts and one different color for all group messages, one different color for each individual and group, one color for all individual contact and group message notifications (to differentiate user communications from system or other types of notifications), or something else?']
# END
Statement: Request Number - 6077 | Request Title - Update libphonenumber to >=8.2.0 (Cannot send SMS to my mobile provider) | Request Description - I have:   searched open and closed issues for duplicates  read https://github.com/WhisperSystems/Signal-Android/wiki/Submitting-useful-bug-reports  Bug description. My friend made me aware of this as I'm never checking my account status via SMS, but it doesn't work for me neither. To check our account status, we have to send an SMS message to 13977, but Signal fails to deliver it. I tried sending it through the native Oneplus SMS app and it goes through just fine, with an immediate response. I can send an SMS to other people, though, so it has something to do with that number. (Signal adds +385 to it for Croatia, maybe that's it?) Steps to reproduce.  send an SMS to my provider through Signal Actual result: it doesn't go through, ""Failed to send"", ""Some issues need your attention."" Expected result: Message should go through and I should get a response. Device info. Device: OnePlus3T Android version: 7.0 Signal version: 3.27.1 Link to debug log. https://gist.github.com/anonymous/f656572561ea3a91d0f4bbdeb98e587b
####
Reason: The pronoun 'it' could point to multiple noun phrases earlier in the sentence, creating multiple possible meanings.
####
Extracted Semantic ambiguity segment: it.
####
Clarifying Question(s): ['When you wrote ""Signal fails to deliver it"", does \'it\' refer to ""an SMS message to 13977"", ""our account status"", or something else?']
# END
Request Number - 757 | Request Title - different notification settings for group chats | Request Description - It would be very nice to be able to change the notification settings for goups independently from other (personal) chats, as group chats might have a lower priority for the user.
####
Reason: The interaction between the term ""settings"" and the plural ""groups"" can be interpreted as having the collective scope of ""all groups"" or the distributive scope of ""each group"", which creates multiple possible interpretations.
####
Extracted Semantic ambiguity segment: notification settings for goups
####
Clarifying Question(s): ","['When you wrote ""notification settings for groups"", are you suggesting having one set of notification settings applied to all group chats collectively, or having the ability to set different notification settings for each group chat individually?']","['When you wrote ""notification settings for groups"", do you mean having one universal notification setting for all group chats collectively, different settings for each individual group chat, or something else?']","['When mentioning ""notification settings for groups"", are you referring to adjusting settings collectively for all group chats at once or customizing settings individually for each group chat?']","['When you mention ""notification settings for groups"", are you referring to setting one notification configuration for all group chats collectively or having the option to set different notification configurations for each group chat individually?']","['When you mention ""notification settings for groups"", are you suggesting having one common setting for all group chats, or individual settings for each group chat?']","['When stating ""notification settings for groups"", are you suggesting having one set of settings for all group chats collectively, or are you proposing to allow different settings for each individual group chat?']","['When you mention ""notification settings for groups"", are you referring to the ability to set one notification setting for all group chats collectively, or the ability to set different notification settings for each group individually?']","['When you say ""notification settings for groups"", do you mean setting one notification setting that applies to all group chats collectively, having different settings for each individual group chat, or something else?']","['When writing ""notification settings for groups"", are you suggesting one set of settings that apply to all group chats collectively or individual settings that can be customized for each group chat separately?']","['When you wrote ""notification settings for groups,"" are you suggesting different settings for all groups as a whole or different settings for each group individually?']"
18,18,1407-Signal,"Request Number - 1407 | Request Title - textsecure not an option when ""sharing"" an address book contact | Request Description - TextSecure is not an option when attempting to share a contact from the address book, in Android 4.4.2 when i select ""messaging"" it tells me ""messaging"" is not the default sms app. This would be a nice feature to have added to the app.",it,"When you wrote ""it tells me"", does ""it"" refer to TextSecure, the Android OS, or something else?","['When you wrote ""it tells me"", does ""it"" refer to TextSecure, the Android OS, or something else?']","Semantic ambiguity: a sentence has more than one way of reading it within its context, although it contains no lexical or syntactic ambiguity. Semantic ambiguity can be viewed as ambiguity with respect to the logical form, usually expressed in predicate logic, of a sentence.
You are a software analyst specializing in Semantic ambiguity resolution in GitHub feature requests.
Carefully read the provided statement along with the extracted Semantic ambiguity segment and the reasoning behind why the extracted text segment is considered ambiguous. Based on the information, generate clear and concise clarification questions aimed at addressing the Semantic ambiguity in the extracted text segment; include all generated clarifying questions in a single comma-separated list. Make sure to have all elements of the list in quotation marks.
Demonstrations are provided for clarity. Each demonstration is separated by the trigger word # END. Inside each demonstration, the statement, reason, extracted segment, and clarifying questions are separated using the trigger word ####. Strictly follow the provided demonstration.
Statement: Request Number - 604 | Request Title - Number registration (for push messaging) doesn't work with Google Voice | Request Description - The new push based TextSecure doesn't seem to like using Google Voice numbers (which are then forwarded to my phone's real number via SMS).  Although there are of course privacy downsides associated with letting Google see all of your incoming/outgoing SMS data, there are also serious privacy harms associated with letting people know your actual phone number, rather than a number that will just forward texts to you* The first step of the TextSecure number registration process (""Connecting"") works fine. An incoming text message with the verification code is received by the default Android SMS app, but TextSecure doesn't catch it. Thankfully, after 2 minutes of waiting, I am given the opportunity verify by voice, which does work.
####
Reason: The pronoun 'it' can refer to two different targets in the sentence, changing the nature of the problem based on the interpretation.
####
Extracted Semantic ambiguity segment: it.
####
Clarifying Question(s): ['When you wrote ""TextSecure doesn\'t catch it"", do you mean ""TextSecure doesn\'t catch the message"", ""TextSecure doesn\'t catch the verification code"", or something else?']
# END
Statement: Request Number - 1504 | Request Title - Notification Color for Individual Contacts or Groups | Request Description - how about we edit this one too?  or just delete it..... üôà
####
Reason: It is unclear how the different noun phrases (notification color, individual contacts, groups) associate with one another in a collective/distributive sense, creating multiple possible interpretations.
####
Extracted Semantic ambiguity segment: Notification Color for Individual Contacts or Groups
####
Clarifying Question(s): ['When writing ""notification color for individual contacts or groups"", are you suggesting one color for all individual contacts and one different color for all group messages, one different color for each individual and group, one color for all individual contact and group message notifications (to differentiate user communications from system or other types of notifications), or something else?']
# END
Statement: Request Number - 6077 | Request Title - Update libphonenumber to >=8.2.0 (Cannot send SMS to my mobile provider) | Request Description - I have:   searched open and closed issues for duplicates  read https://github.com/WhisperSystems/Signal-Android/wiki/Submitting-useful-bug-reports  Bug description. My friend made me aware of this as I'm never checking my account status via SMS, but it doesn't work for me neither. To check our account status, we have to send an SMS message to 13977, but Signal fails to deliver it. I tried sending it through the native Oneplus SMS app and it goes through just fine, with an immediate response. I can send an SMS to other people, though, so it has something to do with that number. (Signal adds +385 to it for Croatia, maybe that's it?) Steps to reproduce.  send an SMS to my provider through Signal Actual result: it doesn't go through, ""Failed to send"", ""Some issues need your attention."" Expected result: Message should go through and I should get a response. Device info. Device: OnePlus3T Android version: 7.0 Signal version: 3.27.1 Link to debug log. https://gist.github.com/anonymous/f656572561ea3a91d0f4bbdeb98e587b
####
Reason: The pronoun 'it' could point to multiple noun phrases earlier in the sentence, creating multiple possible meanings.
####
Extracted Semantic ambiguity segment: it.
####
Clarifying Question(s): ['When you wrote ""Signal fails to deliver it"", does \'it\' refer to ""an SMS message to 13977"", ""our account status"", or something else?']
# END
Request Number - 1407 | Request Title - textsecure not an option when ""sharing"" an address book contact | Request Description - TextSecure is not an option when attempting to share a contact from the address book, in Android 4.4.2 when i select ""messaging"" it tells me ""messaging"" is not the default sms app. This would be a nice feature to have added to the app.
####
Reason: The pronoun ""it"" can point to multiple possible targets in the sentence, creating multiple interpretations.
####
Extracted Semantic ambiguity segment: it
####
Clarifying Question(s): ","['When you mention ""it tells me \'messaging\' is not the default sms app"", does \'it\' refer to ""Android 4.4.2"", ""TextSecure"", ""the address book application"", or something else?']","['When you wrote ""it tells me \'messaging\' is not the default sms app"", does \'it\' refer to ""Android 4.4.2"", ""TextSecure"", or something else?']","[""When you mention 'it tells me ""messaging"" is not the default sms app', does 'it' refer to the Android system, the app you are using to share the contact, or something else?""]","[""When you mentioned 'it' in 'it tells me ""messaging"" is not the default sms app', does 'it' refer to the notification from the system, the TextSecure app, or something else?""]","['When you mentioned ""it tells me \'messaging\' is not the default sms app"", does \'it\' refer to ""Android 4.4.2"", ""the address book"", ""TextSecure"", or something else?']","[""When you say 'it tells me \""messaging\"" is not the default sms app', does 'it' refer to the 'Android 4.4.2 system', 'TextSecure', or something else?""]","['When you wrote ""it tells me \'messaging\' is not the default sms app"", does \'it\' refer to ""TextSecure"", ""Android 4.4.2"", or something else?']","""When you wrote 'it tells me ""messaging"" is not the default sms app', does 'it' refer to 'Android 4.4.2', 'the app you attempted to use for sharing', or something else?""","['In the sentence ""when I select \'messaging\' it tells me \'messaging\' is not the default SMS app,"" does ""it"" refer to the system notification, the messaging app itself, or something else?']","['When you mention ""it tells me \'messaging\' is not the default sms app"", does \'it\' refer to the Android operating system, the TextSecure app, the default messaging app, or something else?']"
19,19,2055-Signal,"Request Number - 2055 | Request Title - use delivery receipts to show message received time for outgoing messages | Request Description - After long pressing on a message and selecting the info button, the message details are shown. This includes the sent and received times for incoming messages. For outgoing messages, in contrast, only one Sent/Received time is displayed, probably containing sent time. Now that delivery receipts are implemented, it would be possible to display the received time for outgoing messages (by taking the sent time from the receipt). Or to make it more precise, let the receipt message piggybag the real received time. This would make the user interface more consistent. When this is rejected for some reasons, I suggest renaming the ""Sent/Received"" label for outgoing messages to ""Sent"" because this is what it really is about.","only one Sent/Received time is displayed,",What time receipt is shown for an outgoing message?,['What time receipt is shown for an outgoing message?'],"Semantic ambiguity: a sentence has more than one way of reading it within its context, although it contains no lexical or syntactic ambiguity. Semantic ambiguity can be viewed as ambiguity with respect to the logical form, usually expressed in predicate logic, of a sentence.
You are a software analyst specializing in Semantic ambiguity resolution in GitHub feature requests.
Carefully read the provided statement along with the extracted Semantic ambiguity segment and the reasoning behind why the extracted text segment is considered ambiguous. Based on the information, generate clear and concise clarification questions aimed at addressing the Semantic ambiguity in the extracted text segment; include all generated clarifying questions in a single comma-separated list. Make sure to have all elements of the list in quotation marks.
Demonstrations are provided for clarity. Each demonstration is separated by the trigger word # END. Inside each demonstration, the statement, reason, extracted segment, and clarifying questions are separated using the trigger word ####. Strictly follow the provided demonstration.
Statement: Request Number - 604 | Request Title - Number registration (for push messaging) doesn't work with Google Voice | Request Description - The new push based TextSecure doesn't seem to like using Google Voice numbers (which are then forwarded to my phone's real number via SMS).  Although there are of course privacy downsides associated with letting Google see all of your incoming/outgoing SMS data, there are also serious privacy harms associated with letting people know your actual phone number, rather than a number that will just forward texts to you* The first step of the TextSecure number registration process (""Connecting"") works fine. An incoming text message with the verification code is received by the default Android SMS app, but TextSecure doesn't catch it. Thankfully, after 2 minutes of waiting, I am given the opportunity verify by voice, which does work.
####
Reason: The pronoun 'it' can refer to two different targets in the sentence, changing the nature of the problem based on the interpretation.
####
Extracted Semantic ambiguity segment: it.
####
Clarifying Question(s): ['When you wrote ""TextSecure doesn\'t catch it"", do you mean ""TextSecure doesn\'t catch the message"", ""TextSecure doesn\'t catch the verification code"", or something else?']
# END
Statement: Request Number - 1504 | Request Title - Notification Color for Individual Contacts or Groups | Request Description - how about we edit this one too?  or just delete it..... üôà
####
Reason: It is unclear how the different noun phrases (notification color, individual contacts, groups) associate with one another in a collective/distributive sense, creating multiple possible interpretations.
####
Extracted Semantic ambiguity segment: Notification Color for Individual Contacts or Groups
####
Clarifying Question(s): ['When writing ""notification color for individual contacts or groups"", are you suggesting one color for all individual contacts and one different color for all group messages, one different color for each individual and group, one color for all individual contact and group message notifications (to differentiate user communications from system or other types of notifications), or something else?']
# END
Statement: Request Number - 6077 | Request Title - Update libphonenumber to >=8.2.0 (Cannot send SMS to my mobile provider) | Request Description - I have:   searched open and closed issues for duplicates  read https://github.com/WhisperSystems/Signal-Android/wiki/Submitting-useful-bug-reports  Bug description. My friend made me aware of this as I'm never checking my account status via SMS, but it doesn't work for me neither. To check our account status, we have to send an SMS message to 13977, but Signal fails to deliver it. I tried sending it through the native Oneplus SMS app and it goes through just fine, with an immediate response. I can send an SMS to other people, though, so it has something to do with that number. (Signal adds +385 to it for Croatia, maybe that's it?) Steps to reproduce.  send an SMS to my provider through Signal Actual result: it doesn't go through, ""Failed to send"", ""Some issues need your attention."" Expected result: Message should go through and I should get a response. Device info. Device: OnePlus3T Android version: 7.0 Signal version: 3.27.1 Link to debug log. https://gist.github.com/anonymous/f656572561ea3a91d0f4bbdeb98e587b
####
Reason: The pronoun 'it' could point to multiple noun phrases earlier in the sentence, creating multiple possible meanings.
####
Extracted Semantic ambiguity segment: it.
####
Clarifying Question(s): ['When you wrote ""Signal fails to deliver it"", does \'it\' refer to ""an SMS message to 13977"", ""our account status"", or something else?']
# END
Request Number - 2055 | Request Title - use delivery receipts to show message received time for outgoing messages | Request Description - After long pressing on a message and selecting the info button, the message details are shown. This includes the sent and received times for incoming messages. For outgoing messages, in contrast, only one Sent/Received time is displayed, probably containing sent time. Now that delivery receipts are implemented, it would be possible to display the received time for outgoing messages (by taking the sent time from the receipt). Or to make it more precise, let the receipt message piggybag the real received time. This would make the user interface more consistent. When this is rejected for some reasons, I suggest renaming the ""Sent/Received"" label for outgoing messages to ""Sent"" because this is what it really is about.
####
Reason: There are quantifiers ""only one"" and also ""/"" in the sentence. In this case, sent/received can be interpreted in two different ways: (1) sent or received. (2) sent and received as one token. 
####
Extracted Semantic ambiguity segment: only one Sent/Received time is displayed,
####
Clarifying Question(s): ","['When mentioning ""only one Sent/Received time is displayed"", are you referring to a single timestamp that represents either the sent time or the received time, or are you suggesting it is a combined value meant to convey both sent and received times?']","['When you refer to ""only one Sent/Received time is displayed"", do you mean that either a sent time or a received time is displayed but not both, or do you mean that a combined token of sent and received time is displayed as one item?']","['When stating ""only one Sent/Received time is displayed"", do you mean only one time is shown that could represent either ""Sent"" or ""Received"", or does ""Sent/Received"" represent a single combined token implying both actions, and only that combined representation is displayed?']","['When stating ""only one Sent/Received time is displayed,"" do you mean that only one timestamp for either sent or received time is displayed, or do you mean that the sent and received times are combined into a single display label as one token?']","['When you mention ""only one Sent/Received time is displayed"", are you referring to the display showing either ""sent"" or ""received"" as separate possible times, or does it show a combined ""sent and received"" time as one entity?']","['When you wrote ""only one Sent/Received time is displayed"", are you referring to a single timestamp that combines both sent and received times collectively, or is it meant to indicate either the sent or the received time individually?', 'In the context ""only one Sent/Received time is displayed"", does ""Sent/Received"" mean it displays the sent time or received time, or are you suggesting it displays both times together as a single entry?']","[""When you mention 'only one Sent/Received time is displayed', do you mean there should be separate times for sent and received, or that there is only one combined entry showing both the sent and received time as a single token?"", ""Are you suggesting that the 'Sent/Received' label might display either the sent or the received time but not both, and should it be more explicitly labeled according to what it actually represents?""]","['When you mention ""only one Sent/Received time is displayed"", do you mean that there should be separate times displayed for ""Sent"" and ""Received"" (interpreted as sent or received), or do you mean that the ""Sent/Received"" is currently shown as a combined token comprising both times, and it should stay that way?', 'Are you suggesting that the current label ""Sent/Received"" is ambiguous and should be split into two distinct labels or measurements for clarity?']","[""When you wrote 'only one Sent/Received time is displayed', do you mean 'only one of either sent or received time is displayed', or 'one combined token for both sent and received time is displayed'?""]","[""When you say 'only one Sent/Received time is displayed', are you implying that only the sent time or the received time is shown for outgoing messages, or do you mean that sent and received are considered as one combined metric or value?""]"
20,20,2055-Signal,"Request Number - 2055 | Request Title - use delivery receipts to show message received time for outgoing messages | Request Description - After long pressing on a message and selecting the info button, the message details are shown. This includes the sent and received times for incoming messages. For outgoing messages, in contrast, only one Sent/Received time is displayed, probably containing sent time. Now that delivery receipts are implemented, it would be possible to display the received time for outgoing messages (by taking the sent time from the receipt). Or to make it more precise, let the receipt message piggybag the real received time. This would make the user interface more consistent. When this is rejected for some reasons, I suggest renaming the ""Sent/Received"" label for outgoing messages to ""Sent"" because this is what it really is about.",it,"What do you mean by ""it"" when you stated, ""because this is what it really is about""?","['What do you mean by ""it"" when you stated, ""because this is what it really is about""?']","Semantic ambiguity: a sentence has more than one way of reading it within its context, although it contains no lexical or syntactic ambiguity. Semantic ambiguity can be viewed as ambiguity with respect to the logical form, usually expressed in predicate logic, of a sentence.
You are a software analyst specializing in Semantic ambiguity resolution in GitHub feature requests.
Carefully read the provided statement along with the extracted Semantic ambiguity segment and the reasoning behind why the extracted text segment is considered ambiguous. Based on the information, generate clear and concise clarification questions aimed at addressing the Semantic ambiguity in the extracted text segment; include all generated clarifying questions in a single comma-separated list. Make sure to have all elements of the list in quotation marks.
Demonstrations are provided for clarity. Each demonstration is separated by the trigger word # END. Inside each demonstration, the statement, reason, extracted segment, and clarifying questions are separated using the trigger word ####. Strictly follow the provided demonstration.
Statement: Request Number - 604 | Request Title - Number registration (for push messaging) doesn't work with Google Voice | Request Description - The new push based TextSecure doesn't seem to like using Google Voice numbers (which are then forwarded to my phone's real number via SMS).  Although there are of course privacy downsides associated with letting Google see all of your incoming/outgoing SMS data, there are also serious privacy harms associated with letting people know your actual phone number, rather than a number that will just forward texts to you* The first step of the TextSecure number registration process (""Connecting"") works fine. An incoming text message with the verification code is received by the default Android SMS app, but TextSecure doesn't catch it. Thankfully, after 2 minutes of waiting, I am given the opportunity verify by voice, which does work.
####
Reason: The pronoun 'it' can refer to two different targets in the sentence, changing the nature of the problem based on the interpretation.
####
Extracted Semantic ambiguity segment: it.
####
Clarifying Question(s): ['When you wrote ""TextSecure doesn\'t catch it"", do you mean ""TextSecure doesn\'t catch the message"", ""TextSecure doesn\'t catch the verification code"", or something else?']
# END
Statement: Request Number - 1504 | Request Title - Notification Color for Individual Contacts or Groups | Request Description - how about we edit this one too?  or just delete it..... üôà
####
Reason: It is unclear how the different noun phrases (notification color, individual contacts, groups) associate with one another in a collective/distributive sense, creating multiple possible interpretations.
####
Extracted Semantic ambiguity segment: Notification Color for Individual Contacts or Groups
####
Clarifying Question(s): ['When writing ""notification color for individual contacts or groups"", are you suggesting one color for all individual contacts and one different color for all group messages, one different color for each individual and group, one color for all individual contact and group message notifications (to differentiate user communications from system or other types of notifications), or something else?']
# END
Statement: Request Number - 6077 | Request Title - Update libphonenumber to >=8.2.0 (Cannot send SMS to my mobile provider) | Request Description - I have:   searched open and closed issues for duplicates  read https://github.com/WhisperSystems/Signal-Android/wiki/Submitting-useful-bug-reports  Bug description. My friend made me aware of this as I'm never checking my account status via SMS, but it doesn't work for me neither. To check our account status, we have to send an SMS message to 13977, but Signal fails to deliver it. I tried sending it through the native Oneplus SMS app and it goes through just fine, with an immediate response. I can send an SMS to other people, though, so it has something to do with that number. (Signal adds +385 to it for Croatia, maybe that's it?) Steps to reproduce.  send an SMS to my provider through Signal Actual result: it doesn't go through, ""Failed to send"", ""Some issues need your attention."" Expected result: Message should go through and I should get a response. Device info. Device: OnePlus3T Android version: 7.0 Signal version: 3.27.1 Link to debug log. https://gist.github.com/anonymous/f656572561ea3a91d0f4bbdeb98e587b
####
Reason: The pronoun 'it' could point to multiple noun phrases earlier in the sentence, creating multiple possible meanings.
####
Extracted Semantic ambiguity segment: it.
####
Clarifying Question(s): ['When you wrote ""Signal fails to deliver it"", does \'it\' refer to ""an SMS message to 13977"", ""our account status"", or something else?']
# END
Request Number - 2055 | Request Title - use delivery receipts to show message received time for outgoing messages | Request Description - After long pressing on a message and selecting the info button, the message details are shown. This includes the sent and received times for incoming messages. For outgoing messages, in contrast, only one Sent/Received time is displayed, probably containing sent time. Now that delivery receipts are implemented, it would be possible to display the received time for outgoing messages (by taking the sent time from the receipt). Or to make it more precise, let the receipt message piggybag the real received time. This would make the user interface more consistent. When this is rejected for some reasons, I suggest renaming the ""Sent/Received"" label for outgoing messages to ""Sent"" because this is what it really is about.
####
Reason: ""it"" can refer to two references in the same sentence. 
####
Extracted Semantic ambiguity segment: it
####
Clarifying Question(s): ","['When you wrote ""it would be possible to display the received time for outgoing messages"", does ""it"" refer to the ""delivery receipt"" or the ""real received time""?']","['In the sentence ""Now that delivery receipts are implemented, it would be possible to display the received time for outgoing messages,"" does ""it"" refer to ""using delivery receipts to display the received time,"" ""the process of implementing receipts,"" or something else?']","""When you mentioned 'it would be possible to display the received time for outgoing messages', does 'it' refer to the use of delivery receipts to display the received time, the act of calculating the received time from the receipt, or something else?""","""When you mention 'it would be possible to display the received time for outgoing messages,' does 'it' refer to 'the feature of using delivery receipts' or something else?"", ""When you use 'let the receipt message piggyback the real received time,' does 'it' refer to making the user interface more consistent or some other aspect of the feature suggestion?""","['In the phrase ""it would be possible to display the received time for outgoing messages"", does ""it"" refer to ""using delivery receipts"" or another aspect of message handling?', 'When stating ""let the receipt message piggyback the real received time"", does ""it"" refer to the action of piggybacking, the receipt itself, or something else entirely?']","['In the statement ""let the receipt message piggyback the real received time,"" does ""it"" refer to the ""delivery receipt"" or the ""received time,"" or something else?']","['In the statement ""Now that delivery receipts are implemented, it would be possible to display the received time for outgoing messages,"" does ""it"" refer to ""displaying the received time for outgoing messages"" or to ""the implementation of delivery receipts""?']","[""When you mentioned 'it would be possible to display the received time for outgoing messages', does 'it' refer to 'using delivery receipts' or 'displaying the received time'?""]","['In the statement ""Now that delivery receipts are implemented, it would be possible to display the received time for outgoing messages,"" does ""it"" refer to ""the implementation of delivery receipts"" or to ""displaying the received time for outgoing messages""?']","['When you wrote ""it would be possible to display the received time for outgoing messages,"" does \'it\' refer to ""the ability to display the received time"" or ""taking the sent time from the receipt""?']"
21,21,6069-Signal,"Request Number - 6069 | Request Title - Unread notification badges do not work on Huawei EMUI | Request Description - I have:   searched open and closed issues for duplicates  read https://github.com/WhisperSystems/Signal-Android/wiki/Submitting-useful-bug-reports  Bug description. I've installed Signal on a Honor 8 (made by Huawei) with EMUI 4.1 (Android 6.0). I've noticed that Signal receives notifications on new messages and they are also listed in the notification area, but the unread notifications badge on the app icon on the home screen is not shown. In Signal support articles there is mentioned, that badge icons are supported for some launchers, see https://support.whispersystems.org/hc/en-us/articles/215766077-How-can-I-see-my-unread-badge-count-What-launcher-should-I-use- So far I could not find out if this is a Signal or EMUI problem, but Threema and Conversations show the notification badges. Device info. Device: Honor 8 Android version: 6.0 Signal version: 3.26.2",they,"When you wrote ""they are also listed in the notification area"", does 'they' refer to 'notifications', 'messages', or something else?","['When you wrote ""they are also listed in the notification area"", does \'they\' refer to \'notifications\', \'messages\', or something else?']","Semantic ambiguity: a sentence has more than one way of reading it within its context, although it contains no lexical or syntactic ambiguity. Semantic ambiguity can be viewed as ambiguity with respect to the logical form, usually expressed in predicate logic, of a sentence.
You are a software analyst specializing in Semantic ambiguity resolution in GitHub feature requests.
Carefully read the provided statement along with the extracted Semantic ambiguity segment and the reasoning behind why the extracted text segment is considered ambiguous. Based on the information, generate clear and concise clarification questions aimed at addressing the Semantic ambiguity in the extracted text segment; include all generated clarifying questions in a single comma-separated list. Make sure to have all elements of the list in quotation marks.
Demonstrations are provided for clarity. Each demonstration is separated by the trigger word # END. Inside each demonstration, the statement, reason, extracted segment, and clarifying questions are separated using the trigger word ####. Strictly follow the provided demonstration.
Statement: Request Number - 604 | Request Title - Number registration (for push messaging) doesn't work with Google Voice | Request Description - The new push based TextSecure doesn't seem to like using Google Voice numbers (which are then forwarded to my phone's real number via SMS).  Although there are of course privacy downsides associated with letting Google see all of your incoming/outgoing SMS data, there are also serious privacy harms associated with letting people know your actual phone number, rather than a number that will just forward texts to you* The first step of the TextSecure number registration process (""Connecting"") works fine. An incoming text message with the verification code is received by the default Android SMS app, but TextSecure doesn't catch it. Thankfully, after 2 minutes of waiting, I am given the opportunity verify by voice, which does work.
####
Reason: The pronoun 'it' can refer to two different targets in the sentence, changing the nature of the problem based on the interpretation.
####
Extracted Semantic ambiguity segment: it.
####
Clarifying Question(s): ['When you wrote ""TextSecure doesn\'t catch it"", do you mean ""TextSecure doesn\'t catch the message"", ""TextSecure doesn\'t catch the verification code"", or something else?']
# END
Statement: Request Number - 6077 | Request Title - Update libphonenumber to >=8.2.0 (Cannot send SMS to my mobile provider) | Request Description - I have:   searched open and closed issues for duplicates  read https://github.com/WhisperSystems/Signal-Android/wiki/Submitting-useful-bug-reports  Bug description. My friend made me aware of this as I'm never checking my account status via SMS, but it doesn't work for me neither. To check our account status, we have to send an SMS message to 13977, but Signal fails to deliver it. I tried sending it through the native Oneplus SMS app and it goes through just fine, with an immediate response. I can send an SMS to other people, though, so it has something to do with that number. (Signal adds +385 to it for Croatia, maybe that's it?) Steps to reproduce.  send an SMS to my provider through Signal Actual result: it doesn't go through, ""Failed to send"", ""Some issues need your attention."" Expected result: Message should go through and I should get a response. Device info. Device: OnePlus3T Android version: 7.0 Signal version: 3.27.1 Link to debug log. https://gist.github.com/anonymous/f656572561ea3a91d0f4bbdeb98e587b
####
Reason: The pronoun 'it' could point to multiple noun phrases earlier in the sentence, creating multiple possible meanings.
####
Extracted Semantic ambiguity segment: it.
####
Clarifying Question(s): ['When you wrote ""Signal fails to deliver it"", does \'it\' refer to ""an SMS message to 13977"", ""our account status"", or something else?']
# END
Statement: Request Number - 1504 | Request Title - Notification Color for Individual Contacts or Groups | Request Description - how about we edit this one too?  or just delete it..... üôà
####
Reason: It is unclear how the different noun phrases (notification color, individual contacts, groups) associate with one another in a collective/distributive sense, creating multiple possible interpretations.
####
Extracted Semantic ambiguity segment: Notification Color for Individual Contacts or Groups
####
Clarifying Question(s): ['When writing ""notification color for individual contacts or groups"", are you suggesting one color for all individual contacts and one different color for all group messages, one different color for each individual and group, one color for all individual contact and group message notifications (to differentiate user communications from system or other types of notifications), or something else?']
# END
Request Number - 6069 | Request Title - Unread notification badges do not work on Huawei EMUI | Request Description - I have:   searched open and closed issues for duplicates  read https://github.com/WhisperSystems/Signal-Android/wiki/Submitting-useful-bug-reports  Bug description. I've installed Signal on a Honor 8 (made by Huawei) with EMUI 4.1 (Android 6.0). I've noticed that Signal receives notifications on new messages and they are also listed in the notification area, but the unread notifications badge on the app icon on the home screen is not shown. In Signal support articles there is mentioned, that badge icons are supported for some launchers, see https://support.whispersystems.org/hc/en-us/articles/215766077-How-can-I-see-my-unread-badge-count-What-launcher-should-I-use- So far I could not find out if this is a Signal or EMUI problem, but Threema and Conversations show the notification badges. Device info. Device: Honor 8 Android version: 6.0 Signal version: 3.26.2
####
Reason: The pronoun ""they"" can point to two possible targets in the sentence, creating multiple possible interpretations.
####
Extracted Semantic ambiguity segment: they
####
Clarifying Question(s): ","['When you wrote ""they are also listed in the notification area"", does ""they"" refer to ""notifications on new messages"", ""unread notifications badges"", or something else?']","['In the sentence ""Signal receives notifications on new messages and they are also listed in the notification area,"" does ""they"" refer to ""notifications"" or ""new messages""?']","[""When you wrote 'they are also listed in the notification area', does 'they' refer to 'notifications on new messages', 'new messages' themselves, or something else?""]","['When you wrote ""they are also listed in the notification area"", does ""they"" refer to ""notifications on new messages"", ""new messages themselves"", or something else?']","['In the sentence ""I\'ve noticed that Signal receives notifications on new messages and they are also listed in the notification area"", does ""they"" refer to ""new messages"", ""notifications on new messages"", both, or something else?']","['When you wrote ""they are also listed in the notification area"", does ""they"" refer to ""Signal notifications on new messages"" or ""unread notification badges""?']","['When you wrote ""they are also listed in the notification area"", does \'they\' refer to ""new messages"", ""notifications"", or something else?']","[""When you wrote 'they are also listed in the notification area,' does 'they' refer to 'notifications on new messages,' 'badge icons,' or something else?""]","['When you wrote ""they are also listed in the notification area"", does ""they"" refer to ""notifications on new messages"", ""unread notifications"", or something else?']","['When you wrote ""they are also listed in the notification area,"" does ""they"" refer to ""notifications on new messages,"" ""unread notifications,"" or something else?']"
22,22,555-Signal,"Request Number - 555 | Request Title - Not working in dual sim phone | Request Description - My friend has a dual sim Lava iris 405 and i have samsung galaxy s3. we both have installed the TextSecure when i start secure session, it sends Key exchange message and its received in my friends. After that it says Received and processed key exchange message but he is unable to send me any message, it says error sending. i know its giving problem because its a dual sim phone, text secure app is not able to send sms from particular sim and giving this error. Is dual sim phone supported by textSecure?",particular sim,"When you say the app is not able to send from a particular SIM, do you mean it cannot send from a specific SIM, it cannot send from either SIM interchangeably, or something else?","['When you say the app is not able to send from a particular SIM, do you mean it cannot send from a specific SIM, it cannot send from either SIM interchangeably, or something else?']","Semantic ambiguity: a sentence has more than one way of reading it within its context, although it contains no lexical or syntactic ambiguity. Semantic ambiguity can be viewed as ambiguity with respect to the logical form, usually expressed in predicate logic, of a sentence.
You are a software analyst specializing in Semantic ambiguity resolution in GitHub feature requests.
Carefully read the provided statement along with the extracted Semantic ambiguity segment and the reasoning behind why the extracted text segment is considered ambiguous. Based on the information, generate clear and concise clarification questions aimed at addressing the Semantic ambiguity in the extracted text segment; include all generated clarifying questions in a single comma-separated list. Make sure to have all elements of the list in quotation marks.
Demonstrations are provided for clarity. Each demonstration is separated by the trigger word # END. Inside each demonstration, the statement, reason, extracted segment, and clarifying questions are separated using the trigger word ####. Strictly follow the provided demonstration.
Statement: Request Number - 604 | Request Title - Number registration (for push messaging) doesn't work with Google Voice | Request Description - The new push based TextSecure doesn't seem to like using Google Voice numbers (which are then forwarded to my phone's real number via SMS).  Although there are of course privacy downsides associated with letting Google see all of your incoming/outgoing SMS data, there are also serious privacy harms associated with letting people know your actual phone number, rather than a number that will just forward texts to you* The first step of the TextSecure number registration process (""Connecting"") works fine. An incoming text message with the verification code is received by the default Android SMS app, but TextSecure doesn't catch it. Thankfully, after 2 minutes of waiting, I am given the opportunity verify by voice, which does work.
####
Reason: The pronoun 'it' can refer to two different targets in the sentence, changing the nature of the problem based on the interpretation.
####
Extracted Semantic ambiguity segment: it.
####
Clarifying Question(s): ['When you wrote ""TextSecure doesn\'t catch it"", do you mean ""TextSecure doesn\'t catch the message"", ""TextSecure doesn\'t catch the verification code"", or something else?']
# END
Statement: Request Number - 6077 | Request Title - Update libphonenumber to >=8.2.0 (Cannot send SMS to my mobile provider) | Request Description - I have:   searched open and closed issues for duplicates  read https://github.com/WhisperSystems/Signal-Android/wiki/Submitting-useful-bug-reports  Bug description. My friend made me aware of this as I'm never checking my account status via SMS, but it doesn't work for me neither. To check our account status, we have to send an SMS message to 13977, but Signal fails to deliver it. I tried sending it through the native Oneplus SMS app and it goes through just fine, with an immediate response. I can send an SMS to other people, though, so it has something to do with that number. (Signal adds +385 to it for Croatia, maybe that's it?) Steps to reproduce.  send an SMS to my provider through Signal Actual result: it doesn't go through, ""Failed to send"", ""Some issues need your attention."" Expected result: Message should go through and I should get a response. Device info. Device: OnePlus3T Android version: 7.0 Signal version: 3.27.1 Link to debug log. https://gist.github.com/anonymous/f656572561ea3a91d0f4bbdeb98e587b
####
Reason: The pronoun 'it' could point to multiple noun phrases earlier in the sentence, creating multiple possible meanings.
####
Extracted Semantic ambiguity segment: it.
####
Clarifying Question(s): ['When you wrote ""Signal fails to deliver it"", does \'it\' refer to ""an SMS message to 13977"", ""our account status"", or something else?']
# END
Statement: Request Number - 1504 | Request Title - Notification Color for Individual Contacts or Groups | Request Description - how about we edit this one too?  or just delete it..... üôà
####
Reason: It is unclear how the different noun phrases (notification color, individual contacts, groups) associate with one another in a collective/distributive sense, creating multiple possible interpretations.
####
Extracted Semantic ambiguity segment: Notification Color for Individual Contacts or Groups
####
Clarifying Question(s): ['When writing ""notification color for individual contacts or groups"", are you suggesting one color for all individual contacts and one different color for all group messages, one different color for each individual and group, one color for all individual contact and group message notifications (to differentiate user communications from system or other types of notifications), or something else?']
# END
Request Number - 555 | Request Title - Not working in dual sim phone | Request Description - My friend has a dual sim Lava iris 405 and i have samsung galaxy s3. we both have installed the TextSecure when i start secure session, it sends Key exchange message and its received in my friends. After that it says Received and processed key exchange message but he is unable to send me any message, it says error sending. i know its giving problem because its a dual sim phone, text secure app is not able to send sms from particular sim and giving this error. Is dual sim phone supported by textSecure?
####
Reason: It is unclear whether the indefinite noun phrase ""particular sim"" is intended to be specific or non-specific, creating multiple possible interpretations.
####
Extracted Semantic ambiguity segment: particular sim
####
Clarifying Question(s): ","['When mentioning ""particular sim"", are you referring to a specific SIM card in the dual SIM setup, or do you mean any SIM card that might be selected at the time?']","""When you mention 'particular sim', are you referring to a specific SIM card that has been configured for TextSecure on your friend's dual SIM phone, any SIM card in use on the dual SIM phone, or something else?""","['When you mention ""particular sim"", are you referring to a specific SIM card installed in your friend\'s dual SIM phone, a specific type of SIM, any SIM card selected for sending messages, or something else?']","[""When you mention 'particular sim', are you referring to a specific SIM card that has the issue, suggesting a random or any SIM card in general, or something else?""]","['When you mention ""particular sim"", are you referring specifically to one of the two SIM cards, like SIM 1 or SIM 2, or is this a non-specific indication that the app struggles with SIM selection in general?']","[""When you mention 'particular sim', are you referring to a specific SIM card slot (primary or secondary), any SIM card in the dual SIM phone, or something else?""]","['When mentioning ""particular sim"", do you mean that TextSecure is unable to send SMS from a specific SIM card (e.g., SIM 1 or SIM 2), the primary/secondary SIM card selection, or is the issue not related to any specific SIM card and occurs with any SIM card used?']","['When mentioning ""particular sim"", are you referring to a specific SIM card that TextSecure is trying and failing to use for sending messages, any SIM card that TextSecure attempts to use in a dual SIM phone, or something else?']","""When you mention 'particular sim', are you referring to one specific SIM card in your friend's dual SIM phone, a random SIM card chosen by the phone, the primary SIM card set in your friend's phone, or something else?""","['When you mention ""particular sim"", are you referring to a specific SIM card that the TextSecure app is having trouble with, or do you mean any SIM card in general within dual SIM phones?']"
23,23,801-Signal,"Request Number - 801 | Request Title - Feature request: Mute Group (or any user) | Request Description - Sometimes friends in a group are discussing something I'm not interested in and my phone would go nuts vibrating and ringing all the time. A ""Mute for X minutes/hours"" feature would be awesome.",any,"When you wrote ""any user"", do you mean ""a selected user"", ""all applicable users"", or something else?","['When you wrote ""any user"", do you mean ""a selected user"", ""all applicable users"", or something else?']","Semantic ambiguity: a sentence has more than one way of reading it within its context, although it contains no lexical or syntactic ambiguity. Semantic ambiguity can be viewed as ambiguity with respect to the logical form, usually expressed in predicate logic, of a sentence.
You are a software analyst specializing in Semantic ambiguity resolution in GitHub feature requests.
Carefully read the provided statement along with the extracted Semantic ambiguity segment and the reasoning behind why the extracted text segment is considered ambiguous. Based on the information, generate clear and concise clarification questions aimed at addressing the Semantic ambiguity in the extracted text segment; include all generated clarifying questions in a single comma-separated list. Make sure to have all elements of the list in quotation marks.
Demonstrations are provided for clarity. Each demonstration is separated by the trigger word # END. Inside each demonstration, the statement, reason, extracted segment, and clarifying questions are separated using the trigger word ####. Strictly follow the provided demonstration.
Statement: Request Number - 604 | Request Title - Number registration (for push messaging) doesn't work with Google Voice | Request Description - The new push based TextSecure doesn't seem to like using Google Voice numbers (which are then forwarded to my phone's real number via SMS).  Although there are of course privacy downsides associated with letting Google see all of your incoming/outgoing SMS data, there are also serious privacy harms associated with letting people know your actual phone number, rather than a number that will just forward texts to you* The first step of the TextSecure number registration process (""Connecting"") works fine. An incoming text message with the verification code is received by the default Android SMS app, but TextSecure doesn't catch it. Thankfully, after 2 minutes of waiting, I am given the opportunity verify by voice, which does work.
####
Reason: The pronoun 'it' can refer to two different targets in the sentence, changing the nature of the problem based on the interpretation.
####
Extracted Semantic ambiguity segment: it.
####
Clarifying Question(s): ['When you wrote ""TextSecure doesn\'t catch it"", do you mean ""TextSecure doesn\'t catch the message"", ""TextSecure doesn\'t catch the verification code"", or something else?']
# END
Statement: Request Number - 6077 | Request Title - Update libphonenumber to >=8.2.0 (Cannot send SMS to my mobile provider) | Request Description - I have:   searched open and closed issues for duplicates  read https://github.com/WhisperSystems/Signal-Android/wiki/Submitting-useful-bug-reports  Bug description. My friend made me aware of this as I'm never checking my account status via SMS, but it doesn't work for me neither. To check our account status, we have to send an SMS message to 13977, but Signal fails to deliver it. I tried sending it through the native Oneplus SMS app and it goes through just fine, with an immediate response. I can send an SMS to other people, though, so it has something to do with that number. (Signal adds +385 to it for Croatia, maybe that's it?) Steps to reproduce.  send an SMS to my provider through Signal Actual result: it doesn't go through, ""Failed to send"", ""Some issues need your attention."" Expected result: Message should go through and I should get a response. Device info. Device: OnePlus3T Android version: 7.0 Signal version: 3.27.1 Link to debug log. https://gist.github.com/anonymous/f656572561ea3a91d0f4bbdeb98e587b
####
Reason: The pronoun 'it' could point to multiple noun phrases earlier in the sentence, creating multiple possible meanings.
####
Extracted Semantic ambiguity segment: it.
####
Clarifying Question(s): ['When you wrote ""Signal fails to deliver it"", does \'it\' refer to ""an SMS message to 13977"", ""our account status"", or something else?']
# END
Statement: Request Number - 1504 | Request Title - Notification Color for Individual Contacts or Groups | Request Description - how about we edit this one too?  or just delete it..... üôà
####
Reason: It is unclear how the different noun phrases (notification color, individual contacts, groups) associate with one another in a collective/distributive sense, creating multiple possible interpretations.
####
Extracted Semantic ambiguity segment: Notification Color for Individual Contacts or Groups
####
Clarifying Question(s): ['When writing ""notification color for individual contacts or groups"", are you suggesting one color for all individual contacts and one different color for all group messages, one different color for each individual and group, one color for all individual contact and group message notifications (to differentiate user communications from system or other types of notifications), or something else?']
# END
Request Number - 801 | Request Title - Feature request: Mute Group (or any user) | Request Description - Sometimes friends in a group are discussing something I'm not interested in and my phone would go nuts vibrating and ringing all the time. A ""Mute for X minutes/hours"" feature would be awesome.
####
Reason: The word ""any"" can have a specific or non-specific meaning, affecting the scope implied by the term and creating multiple possible meanings.
####
Extracted Semantic ambiguity segment: any
####
Clarifying Question(s): ","['When you wrote ""Mute Group (or any user)"", does ""any user"" mean a specific user of your choosing, all users collectively, or another scope altogether?']","['When you wrote ""Mute Group (or any user)"", does ""any"" refer to specific users that the person chooses to mute, any user that sends a message in the group, or something else?']","['When you mentioned ""Mute Group (or any user)"", does ""any"" refer to ""any specific user chosen by the individual"", ""a random user from the group"", or ""every user in the group except the person muting""?']","[""When you mention 'Mute Group (or any user)', are you referring to muting any specific user of your choice or is it about having the ability to mute every user on the platform?""]","""When you wrote 'Mute Group (or any user)', does 'any' mean the ability to mute specific users of your choosing or any user at random without selection, and are you suggesting the feature could apply to individual users outside of the group context as well?""","['When you say ""Mute Group (or any user)"", do you mean ""Mute any specific user in the group"", ""Mute any user in general (inside or outside a group)"", or something else?']","['When you mention ""Mute Group (or any user)"", are you referring to muting any user within a specific group, any user across groups, any user including individual chats outside groups, or something else entirely?']","['When you mention ""Mute Group (or any user)"", does ""any user"" refer to ""any user within a specific group"", ""any individual user across all groups and contacts"", or something else?']","[""When you mention 'any user', are you referring to muting a specific user within the group, muting any user irrespective of the group, or the ability to mute users in both scenarios?""]","['When you wrote ""any user"" in the context of a mute feature, do you mean ""any specific user within a group"", ""any user in my contact list"", ""any user participating in the current conversation"", or something else?']"
24,24,757-Signal,"Request Number - 757 | Request Title - different notification settings for group chats | Request Description - It would be very nice to be able to change the notification settings for goups independently from other (personal) chats, as group chats might have a lower priority for the user.",notification settings for goups,"When you wrote ""notification settings for all goups"", did you mean notification settings for all groups together, notification settings for each group individually, or something else?","['When you wrote ""notification settings for all goups"", did you mean notification settings for all groups together, notification settings for each group individually, or something else?']","Semantic ambiguity: a sentence has more than one way of reading it within its context, although it contains no lexical or syntactic ambiguity. Semantic ambiguity can be viewed as ambiguity with respect to the logical form, usually expressed in predicate logic, of a sentence.
You are a software analyst specializing in Semantic ambiguity resolution in GitHub feature requests.
Carefully read the provided statement along with the extracted Semantic ambiguity segment and the reasoning behind why the extracted text segment is considered ambiguous. Based on the information, generate clear and concise clarification questions aimed at addressing the Semantic ambiguity in the extracted text segment; include all generated clarifying questions in a single comma-separated list. Make sure to have all elements of the list in quotation marks.
Demonstrations are provided for clarity. Each demonstration is separated by the trigger word # END. Inside each demonstration, the statement, reason, extracted segment, and clarifying questions are separated using the trigger word ####. Strictly follow the provided demonstration.
Statement: Request Number - 604 | Request Title - Number registration (for push messaging) doesn't work with Google Voice | Request Description - The new push based TextSecure doesn't seem to like using Google Voice numbers (which are then forwarded to my phone's real number via SMS).  Although there are of course privacy downsides associated with letting Google see all of your incoming/outgoing SMS data, there are also serious privacy harms associated with letting people know your actual phone number, rather than a number that will just forward texts to you* The first step of the TextSecure number registration process (""Connecting"") works fine. An incoming text message with the verification code is received by the default Android SMS app, but TextSecure doesn't catch it. Thankfully, after 2 minutes of waiting, I am given the opportunity verify by voice, which does work.
####
Reason: The pronoun 'it' can refer to two different targets in the sentence, changing the nature of the problem based on the interpretation.
####
Extracted Semantic ambiguity segment: it.
####
Clarifying Question(s): ['When you wrote ""TextSecure doesn\'t catch it"", do you mean ""TextSecure doesn\'t catch the message"", ""TextSecure doesn\'t catch the verification code"", or something else?']
# END
Statement: Request Number - 6077 | Request Title - Update libphonenumber to >=8.2.0 (Cannot send SMS to my mobile provider) | Request Description - I have:   searched open and closed issues for duplicates  read https://github.com/WhisperSystems/Signal-Android/wiki/Submitting-useful-bug-reports  Bug description. My friend made me aware of this as I'm never checking my account status via SMS, but it doesn't work for me neither. To check our account status, we have to send an SMS message to 13977, but Signal fails to deliver it. I tried sending it through the native Oneplus SMS app and it goes through just fine, with an immediate response. I can send an SMS to other people, though, so it has something to do with that number. (Signal adds +385 to it for Croatia, maybe that's it?) Steps to reproduce.  send an SMS to my provider through Signal Actual result: it doesn't go through, ""Failed to send"", ""Some issues need your attention."" Expected result: Message should go through and I should get a response. Device info. Device: OnePlus3T Android version: 7.0 Signal version: 3.27.1 Link to debug log. https://gist.github.com/anonymous/f656572561ea3a91d0f4bbdeb98e587b
####
Reason: The pronoun 'it' could point to multiple noun phrases earlier in the sentence, creating multiple possible meanings.
####
Extracted Semantic ambiguity segment: it.
####
Clarifying Question(s): ['When you wrote ""Signal fails to deliver it"", does \'it\' refer to ""an SMS message to 13977"", ""our account status"", or something else?']
# END
Statement: Request Number - 1504 | Request Title - Notification Color for Individual Contacts or Groups | Request Description - how about we edit this one too?  or just delete it..... üôà
####
Reason: It is unclear how the different noun phrases (notification color, individual contacts, groups) associate with one another in a collective/distributive sense, creating multiple possible interpretations.
####
Extracted Semantic ambiguity segment: Notification Color for Individual Contacts or Groups
####
Clarifying Question(s): ['When writing ""notification color for individual contacts or groups"", are you suggesting one color for all individual contacts and one different color for all group messages, one different color for each individual and group, one color for all individual contact and group message notifications (to differentiate user communications from system or other types of notifications), or something else?']
# END
Request Number - 757 | Request Title - different notification settings for group chats | Request Description - It would be very nice to be able to change the notification settings for goups independently from other (personal) chats, as group chats might have a lower priority for the user.
####
Reason: The interaction between the term ""settings"" and the plural ""groups"" can be interpreted as having the collective scope of ""all groups"" or the distributive scope of ""each group"", which creates multiple possible interpretations.
####
Extracted Semantic ambiguity segment: notification settings for goups
####
Clarifying Question(s): ","[""When mentioning 'notification settings for groups', are you proposing different settings for each individual group, one set of notification settings applied universally to all group chats, or something else?""]","""When you referred to 'notification settings for groups', are you suggesting having one set of notification settings for all group chats collectively, separate notification settings for each group individually, or something else?""","['When referring to ""notification settings for groups"", are you suggesting having one set of settings that apply to all group chats collectively, or do you mean having the ability to set different notification settings for each group chat individually?']","['When you mentioned ""notification settings for groups"", are you referring to having one set of notification settings that apply to all group chats collectively, separate settings for each individual group chat, or something else?']","['When you mentioned ""notification settings for groups"", are you proposing one set of notification settings for all groups collectively, separate from personal chats, or do you mean the ability to set different notification settings for each group independently?']","['When writing ""notification settings for groups"", are you suggesting one set of notification settings to be applied to all group chats collectively, different notification settings for each individual group, or something else?']","[""When you mention 'notification settings for goups', are you referring to one set of settings applied to all group chats collectively, different settings for each individual group, or something else?""]","['When stating ""notification settings for groups"", are you referring to having one set of settings that apply to all group chats collectively, different settings for each group chat individually, or something else?']","""Are you suggesting the ability to change notification settings for all group chats collectively, individually for each group chat, or something else?""","['When you mention ""different notification settings for groups"", are you proposing a singular setting that applies to all group chats collectively, different settings for each group individually, customizable settings for each group based on user-defined priorities, or something else?']"
25,25,1407-Signal,"Request Number - 1407 | Request Title - textsecure not an option when ""sharing"" an address book contact | Request Description - TextSecure is not an option when attempting to share a contact from the address book, in Android 4.4.2 when i select ""messaging"" it tells me ""messaging"" is not the default sms app. This would be a nice feature to have added to the app.",it,"When you wrote ""it tells me"", does ""it"" refer to TextSecure, the Android OS, or something else?","['When you wrote ""it tells me"", does ""it"" refer to TextSecure, the Android OS, or something else?']","Semantic ambiguity: a sentence has more than one way of reading it within its context, although it contains no lexical or syntactic ambiguity. Semantic ambiguity can be viewed as ambiguity with respect to the logical form, usually expressed in predicate logic, of a sentence.
You are a software analyst specializing in Semantic ambiguity resolution in GitHub feature requests.
Carefully read the provided statement along with the extracted Semantic ambiguity segment and the reasoning behind why the extracted text segment is considered ambiguous. Based on the information, generate clear and concise clarification questions aimed at addressing the Semantic ambiguity in the extracted text segment; include all generated clarifying questions in a single comma-separated list. Make sure to have all elements of the list in quotation marks.
Demonstrations are provided for clarity. Each demonstration is separated by the trigger word # END. Inside each demonstration, the statement, reason, extracted segment, and clarifying questions are separated using the trigger word ####. Strictly follow the provided demonstration.
Statement: Request Number - 604 | Request Title - Number registration (for push messaging) doesn't work with Google Voice | Request Description - The new push based TextSecure doesn't seem to like using Google Voice numbers (which are then forwarded to my phone's real number via SMS).  Although there are of course privacy downsides associated with letting Google see all of your incoming/outgoing SMS data, there are also serious privacy harms associated with letting people know your actual phone number, rather than a number that will just forward texts to you* The first step of the TextSecure number registration process (""Connecting"") works fine. An incoming text message with the verification code is received by the default Android SMS app, but TextSecure doesn't catch it. Thankfully, after 2 minutes of waiting, I am given the opportunity verify by voice, which does work.
####
Reason: The pronoun 'it' can refer to two different targets in the sentence, changing the nature of the problem based on the interpretation.
####
Extracted Semantic ambiguity segment: it.
####
Clarifying Question(s): ['When you wrote ""TextSecure doesn\'t catch it"", do you mean ""TextSecure doesn\'t catch the message"", ""TextSecure doesn\'t catch the verification code"", or something else?']
# END
Statement: Request Number - 6077 | Request Title - Update libphonenumber to >=8.2.0 (Cannot send SMS to my mobile provider) | Request Description - I have:   searched open and closed issues for duplicates  read https://github.com/WhisperSystems/Signal-Android/wiki/Submitting-useful-bug-reports  Bug description. My friend made me aware of this as I'm never checking my account status via SMS, but it doesn't work for me neither. To check our account status, we have to send an SMS message to 13977, but Signal fails to deliver it. I tried sending it through the native Oneplus SMS app and it goes through just fine, with an immediate response. I can send an SMS to other people, though, so it has something to do with that number. (Signal adds +385 to it for Croatia, maybe that's it?) Steps to reproduce.  send an SMS to my provider through Signal Actual result: it doesn't go through, ""Failed to send"", ""Some issues need your attention."" Expected result: Message should go through and I should get a response. Device info. Device: OnePlus3T Android version: 7.0 Signal version: 3.27.1 Link to debug log. https://gist.github.com/anonymous/f656572561ea3a91d0f4bbdeb98e587b
####
Reason: The pronoun 'it' could point to multiple noun phrases earlier in the sentence, creating multiple possible meanings.
####
Extracted Semantic ambiguity segment: it.
####
Clarifying Question(s): ['When you wrote ""Signal fails to deliver it"", does \'it\' refer to ""an SMS message to 13977"", ""our account status"", or something else?']
# END
Statement: Request Number - 1504 | Request Title - Notification Color for Individual Contacts or Groups | Request Description - how about we edit this one too?  or just delete it..... üôà
####
Reason: It is unclear how the different noun phrases (notification color, individual contacts, groups) associate with one another in a collective/distributive sense, creating multiple possible interpretations.
####
Extracted Semantic ambiguity segment: Notification Color for Individual Contacts or Groups
####
Clarifying Question(s): ['When writing ""notification color for individual contacts or groups"", are you suggesting one color for all individual contacts and one different color for all group messages, one different color for each individual and group, one color for all individual contact and group message notifications (to differentiate user communications from system or other types of notifications), or something else?']
# END
Request Number - 1407 | Request Title - textsecure not an option when ""sharing"" an address book contact | Request Description - TextSecure is not an option when attempting to share a contact from the address book, in Android 4.4.2 when i select ""messaging"" it tells me ""messaging"" is not the default sms app. This would be a nice feature to have added to the app.
####
Reason: The pronoun ""it"" can point to multiple possible targets in the sentence, creating multiple interpretations.
####
Extracted Semantic ambiguity segment: it
####
Clarifying Question(s): ","['In the sentence ""when I select \'messaging\' it tells me \'messaging\' is not the default sms app"", does \'it\' refer to ""TextSecure"", ""Android"", or something else?']","['When you wrote ""it tells me \'messaging\' is not the default sms app"", does \'it\' refer to ""Android 4.4.2"", ""the address book"", ""TextSecure"", ""the sharing feature"", or something else?']","""When you wrote 'it tells me ""messaging"" is not the default SMS app', does 'it' refer to the operating system, another app, or something else?""","""When you wrote 'it tells me ""messaging"" is not the default sms app', does 'it' refer to 'Android 4.4.2', 'TextSecure', 'the 'messaging' option', or something else?""","""When you write 'it tells me ""messaging"" is not the default SMS app', does 'it' refer to 'TextSecure', 'Android 4.4.2', 'the device', or something else?""","""Does 'it' refer to 'TextSecure not being an option', 'selecting messaging', 'messaging not being the default SMS app', or something else in the sentence 'when I select \""messaging\"" it tells me \""messaging\"" is not the default SMS app'?""","['When you wrote ""it tells me \'messaging\' is not the default sms app"", does \'it\' refer to ""TextSecure"", ""Android 4.4.2"", or something else?']","['When you wrote ""it tells me \'messaging\' is not the default sms app"", does \'it\' refer to ""Android 4.4.2"", ""TextSecure"", or ""the messaging app itself""?']","""When you wrote 'it tells me ""messaging"" is not the default sms app', does 'it' refer to 'Android 4.4.2', 'TextSecure', 'the address book', or something else?""","""When you wrote 'it tells me ""messaging"" is not the default sms app', does 'it' refer to the act of selecting 'messaging', the Android system, or something else?"", ""Could you clarify whether 'it' in the sentence is indicating the action taken when TextSecure is not an option or a notification from the Android system?"""
26,26,2055-Signal,"Request Number - 2055 | Request Title - use delivery receipts to show message received time for outgoing messages | Request Description - After long pressing on a message and selecting the info button, the message details are shown. This includes the sent and received times for incoming messages. For outgoing messages, in contrast, only one Sent/Received time is displayed, probably containing sent time. Now that delivery receipts are implemented, it would be possible to display the received time for outgoing messages (by taking the sent time from the receipt). Or to make it more precise, let the receipt message piggybag the real received time. This would make the user interface more consistent. When this is rejected for some reasons, I suggest renaming the ""Sent/Received"" label for outgoing messages to ""Sent"" because this is what it really is about.","only one Sent/Received time is displayed,",What time receipt is shown for an outgoing message?,['What time receipt is shown for an outgoing message?'],"Semantic ambiguity: a sentence has more than one way of reading it within its context, although it contains no lexical or syntactic ambiguity. Semantic ambiguity can be viewed as ambiguity with respect to the logical form, usually expressed in predicate logic, of a sentence.
You are a software analyst specializing in Semantic ambiguity resolution in GitHub feature requests.
Carefully read the provided statement along with the extracted Semantic ambiguity segment and the reasoning behind why the extracted text segment is considered ambiguous. Based on the information, generate clear and concise clarification questions aimed at addressing the Semantic ambiguity in the extracted text segment; include all generated clarifying questions in a single comma-separated list. Make sure to have all elements of the list in quotation marks.
Demonstrations are provided for clarity. Each demonstration is separated by the trigger word # END. Inside each demonstration, the statement, reason, extracted segment, and clarifying questions are separated using the trigger word ####. Strictly follow the provided demonstration.
Statement: Request Number - 604 | Request Title - Number registration (for push messaging) doesn't work with Google Voice | Request Description - The new push based TextSecure doesn't seem to like using Google Voice numbers (which are then forwarded to my phone's real number via SMS).  Although there are of course privacy downsides associated with letting Google see all of your incoming/outgoing SMS data, there are also serious privacy harms associated with letting people know your actual phone number, rather than a number that will just forward texts to you* The first step of the TextSecure number registration process (""Connecting"") works fine. An incoming text message with the verification code is received by the default Android SMS app, but TextSecure doesn't catch it. Thankfully, after 2 minutes of waiting, I am given the opportunity verify by voice, which does work.
####
Reason: The pronoun 'it' can refer to two different targets in the sentence, changing the nature of the problem based on the interpretation.
####
Extracted Semantic ambiguity segment: it.
####
Clarifying Question(s): ['When you wrote ""TextSecure doesn\'t catch it"", do you mean ""TextSecure doesn\'t catch the message"", ""TextSecure doesn\'t catch the verification code"", or something else?']
# END
Statement: Request Number - 6077 | Request Title - Update libphonenumber to >=8.2.0 (Cannot send SMS to my mobile provider) | Request Description - I have:   searched open and closed issues for duplicates  read https://github.com/WhisperSystems/Signal-Android/wiki/Submitting-useful-bug-reports  Bug description. My friend made me aware of this as I'm never checking my account status via SMS, but it doesn't work for me neither. To check our account status, we have to send an SMS message to 13977, but Signal fails to deliver it. I tried sending it through the native Oneplus SMS app and it goes through just fine, with an immediate response. I can send an SMS to other people, though, so it has something to do with that number. (Signal adds +385 to it for Croatia, maybe that's it?) Steps to reproduce.  send an SMS to my provider through Signal Actual result: it doesn't go through, ""Failed to send"", ""Some issues need your attention."" Expected result: Message should go through and I should get a response. Device info. Device: OnePlus3T Android version: 7.0 Signal version: 3.27.1 Link to debug log. https://gist.github.com/anonymous/f656572561ea3a91d0f4bbdeb98e587b
####
Reason: The pronoun 'it' could point to multiple noun phrases earlier in the sentence, creating multiple possible meanings.
####
Extracted Semantic ambiguity segment: it.
####
Clarifying Question(s): ['When you wrote ""Signal fails to deliver it"", does \'it\' refer to ""an SMS message to 13977"", ""our account status"", or something else?']
# END
Statement: Request Number - 1504 | Request Title - Notification Color for Individual Contacts or Groups | Request Description - how about we edit this one too?  or just delete it..... üôà
####
Reason: It is unclear how the different noun phrases (notification color, individual contacts, groups) associate with one another in a collective/distributive sense, creating multiple possible interpretations.
####
Extracted Semantic ambiguity segment: Notification Color for Individual Contacts or Groups
####
Clarifying Question(s): ['When writing ""notification color for individual contacts or groups"", are you suggesting one color for all individual contacts and one different color for all group messages, one different color for each individual and group, one color for all individual contact and group message notifications (to differentiate user communications from system or other types of notifications), or something else?']
# END
Request Number - 2055 | Request Title - use delivery receipts to show message received time for outgoing messages | Request Description - After long pressing on a message and selecting the info button, the message details are shown. This includes the sent and received times for incoming messages. For outgoing messages, in contrast, only one Sent/Received time is displayed, probably containing sent time. Now that delivery receipts are implemented, it would be possible to display the received time for outgoing messages (by taking the sent time from the receipt). Or to make it more precise, let the receipt message piggybag the real received time. This would make the user interface more consistent. When this is rejected for some reasons, I suggest renaming the ""Sent/Received"" label for outgoing messages to ""Sent"" because this is what it really is about.
####
Reason: There are quantifiers ""only one"" and also ""/"" in the sentence. In this case, sent/received can be interpreted in two different ways: (1) sent or received. (2) sent and received as one token. 
####
Extracted Semantic ambiguity segment: only one Sent/Received time is displayed,
####
Clarifying Question(s): ","['When you mentioned ""only one Sent/Received time is displayed,"" do you mean that only the sent or received time is shown, or that the sent and received times are combined into one time label?']","""When you mention 'only one Sent/Received time is displayed,' are you indicating that only one time, which might be either 'Sent' or 'Received,' is shown, or are you suggesting that a single token encompassing both 'Sent' and 'Received' is being displayed?""","['When you write ""only one Sent/Received time is displayed,"" do you mean ""only one of either Sent or Received time is displayed,"" or do you mean ""both Sent and Received times are combined into one entry""?']","['When you mention ""only one Sent/Received time is displayed"", do you mean ""only the sent time is displayed"", ""only one combined sent and received time is displayed"", or something else?']","['When you wrote ""only one Sent/Received time is displayed,"" do you mean that the display either shows the sent or the received time, or do you mean that sent and received time are being displayed as one combined token?', 'Is the issue that only the sent time is shown for outgoing messages while the label implies both sent and received times should be shown?']","['When you wrote ""only one Sent/Received time is displayed"", are you suggesting that there is a single timestamp being shown that represents both sent and received times collectively, or are you indicating that only either a sent or a received time is being shown but not both?']","['When mentioning ""only one Sent/Received time is displayed"", do you mean that the time displayed is either ""Sent or Received"" instead of both, or do you mean the time displayed combines both ""Sent and Received"" as a single piece of information?']","[""When you wrote 'only one Sent/Received time is displayed', do you mean that either the sent time or the received time is displayed (but not both), or that the displayed time is labeled as 'Sent/Received' but only represents the sent time?""]","[""When mentioning 'only one Sent/Received time is displayed', are you implying that the time displayed is only the sent time, only the received time, or is it one combined indicator for both sent and received times?""]","['When you mention ""only one Sent/Received time is displayed"", do you mean only the sent time is displayed, that both sent and received times are displayed as a single combined label, or something else?']"
27,27,2055-Signal,"Request Number - 2055 | Request Title - use delivery receipts to show message received time for outgoing messages | Request Description - After long pressing on a message and selecting the info button, the message details are shown. This includes the sent and received times for incoming messages. For outgoing messages, in contrast, only one Sent/Received time is displayed, probably containing sent time. Now that delivery receipts are implemented, it would be possible to display the received time for outgoing messages (by taking the sent time from the receipt). Or to make it more precise, let the receipt message piggybag the real received time. This would make the user interface more consistent. When this is rejected for some reasons, I suggest renaming the ""Sent/Received"" label for outgoing messages to ""Sent"" because this is what it really is about.",it,"What do you mean by ""it"" when you stated, ""because this is what it really is about""?","['What do you mean by ""it"" when you stated, ""because this is what it really is about""?']","Semantic ambiguity: a sentence has more than one way of reading it within its context, although it contains no lexical or syntactic ambiguity. Semantic ambiguity can be viewed as ambiguity with respect to the logical form, usually expressed in predicate logic, of a sentence.
You are a software analyst specializing in Semantic ambiguity resolution in GitHub feature requests.
Carefully read the provided statement along with the extracted Semantic ambiguity segment and the reasoning behind why the extracted text segment is considered ambiguous. Based on the information, generate clear and concise clarification questions aimed at addressing the Semantic ambiguity in the extracted text segment; include all generated clarifying questions in a single comma-separated list. Make sure to have all elements of the list in quotation marks.
Demonstrations are provided for clarity. Each demonstration is separated by the trigger word # END. Inside each demonstration, the statement, reason, extracted segment, and clarifying questions are separated using the trigger word ####. Strictly follow the provided demonstration.
Statement: Request Number - 604 | Request Title - Number registration (for push messaging) doesn't work with Google Voice | Request Description - The new push based TextSecure doesn't seem to like using Google Voice numbers (which are then forwarded to my phone's real number via SMS).  Although there are of course privacy downsides associated with letting Google see all of your incoming/outgoing SMS data, there are also serious privacy harms associated with letting people know your actual phone number, rather than a number that will just forward texts to you* The first step of the TextSecure number registration process (""Connecting"") works fine. An incoming text message with the verification code is received by the default Android SMS app, but TextSecure doesn't catch it. Thankfully, after 2 minutes of waiting, I am given the opportunity verify by voice, which does work.
####
Reason: The pronoun 'it' can refer to two different targets in the sentence, changing the nature of the problem based on the interpretation.
####
Extracted Semantic ambiguity segment: it.
####
Clarifying Question(s): ['When you wrote ""TextSecure doesn\'t catch it"", do you mean ""TextSecure doesn\'t catch the message"", ""TextSecure doesn\'t catch the verification code"", or something else?']
# END
Statement: Request Number - 6077 | Request Title - Update libphonenumber to >=8.2.0 (Cannot send SMS to my mobile provider) | Request Description - I have:   searched open and closed issues for duplicates  read https://github.com/WhisperSystems/Signal-Android/wiki/Submitting-useful-bug-reports  Bug description. My friend made me aware of this as I'm never checking my account status via SMS, but it doesn't work for me neither. To check our account status, we have to send an SMS message to 13977, but Signal fails to deliver it. I tried sending it through the native Oneplus SMS app and it goes through just fine, with an immediate response. I can send an SMS to other people, though, so it has something to do with that number. (Signal adds +385 to it for Croatia, maybe that's it?) Steps to reproduce.  send an SMS to my provider through Signal Actual result: it doesn't go through, ""Failed to send"", ""Some issues need your attention."" Expected result: Message should go through and I should get a response. Device info. Device: OnePlus3T Android version: 7.0 Signal version: 3.27.1 Link to debug log. https://gist.github.com/anonymous/f656572561ea3a91d0f4bbdeb98e587b
####
Reason: The pronoun 'it' could point to multiple noun phrases earlier in the sentence, creating multiple possible meanings.
####
Extracted Semantic ambiguity segment: it.
####
Clarifying Question(s): ['When you wrote ""Signal fails to deliver it"", does \'it\' refer to ""an SMS message to 13977"", ""our account status"", or something else?']
# END
Statement: Request Number - 1504 | Request Title - Notification Color for Individual Contacts or Groups | Request Description - how about we edit this one too?  or just delete it..... üôà
####
Reason: It is unclear how the different noun phrases (notification color, individual contacts, groups) associate with one another in a collective/distributive sense, creating multiple possible interpretations.
####
Extracted Semantic ambiguity segment: Notification Color for Individual Contacts or Groups
####
Clarifying Question(s): ['When writing ""notification color for individual contacts or groups"", are you suggesting one color for all individual contacts and one different color for all group messages, one different color for each individual and group, one color for all individual contact and group message notifications (to differentiate user communications from system or other types of notifications), or something else?']
# END
Request Number - 2055 | Request Title - use delivery receipts to show message received time for outgoing messages | Request Description - After long pressing on a message and selecting the info button, the message details are shown. This includes the sent and received times for incoming messages. For outgoing messages, in contrast, only one Sent/Received time is displayed, probably containing sent time. Now that delivery receipts are implemented, it would be possible to display the received time for outgoing messages (by taking the sent time from the receipt). Or to make it more precise, let the receipt message piggybag the real received time. This would make the user interface more consistent. When this is rejected for some reasons, I suggest renaming the ""Sent/Received"" label for outgoing messages to ""Sent"" because this is what it really is about.
####
Reason: ""it"" can refer to two references in the same sentence. 
####
Extracted Semantic ambiguity segment: it
####
Clarifying Question(s): ","[""In the sentence 'Now that delivery receipts are implemented, it would be possible to display the received time for outgoing messages,' does 'it' refer to 'the implementation of delivery receipts,' 'displaying the received time,' or something else?""]","['In the sentence ""Now that delivery receipts are implemented, it would be possible to display the received time for outgoing messages,"" does ""it"" refer to using delivery receipts to display the received time for outgoing messages, the act of implementation itself, or something else?']","['When you wrote ""it would be possible to display the received time for outgoing messages"", does \'it\' refer to ""taking the sent time from the receipt"" or ""displaying the received time for outgoing messages"", or something else?']","['In the sentence ""Now that delivery receipts are implemented, it would be possible to display the received time for outgoing messages,"" does ""it"" refer to ""the implementation of delivery receipts"" or to ""displaying the received time for outgoing messages""?']","[""When you wrote 'it would be possible to display the received time for outgoing messages,' does 'it' refer to the implementation of delivery receipts or the action of displaying the received time?""]","['In your statement ""Now that delivery receipts are implemented, it would be possible to display the received time for outgoing messages,"" does ""it"" refer to ""the implementation of delivery receipts"" or does it refer to ""the possibility to display the received time for outgoing messages""?']","['When you wrote ""it would be possible to display the received time for outgoing messages"", does ""it"" refer to using delivery receipts to obtain the received time or something else?']","['When you wrote ""it would be possible to display the received time for outgoing messages"", does \'it\' refer to ""taking the sent time from the receipt"", ""displaying the received time for outgoing messages"", or something else?']","['In the sentence ""Now that delivery receipts are implemented, it would be possible to display the received time for outgoing messages"", does ""it"" refer to the fact that delivery receipts are implemented, the ability to display the received time, or something else?']","['In the sentence ""Now that delivery receipts are implemented, it would be possible to display the received time for outgoing messages,"" does ""it"" refer to ""taking the sent time from the receipt"" or to ""letting the receipt message piggyback the real received time""?']"
28,28,6069-Signal,"Request Number - 6069 | Request Title - Unread notification badges do not work on Huawei EMUI | Request Description - I have:   searched open and closed issues for duplicates  read https://github.com/WhisperSystems/Signal-Android/wiki/Submitting-useful-bug-reports  Bug description. I've installed Signal on a Honor 8 (made by Huawei) with EMUI 4.1 (Android 6.0). I've noticed that Signal receives notifications on new messages and they are also listed in the notification area, but the unread notifications badge on the app icon on the home screen is not shown. In Signal support articles there is mentioned, that badge icons are supported for some launchers, see https://support.whispersystems.org/hc/en-us/articles/215766077-How-can-I-see-my-unread-badge-count-What-launcher-should-I-use- So far I could not find out if this is a Signal or EMUI problem, but Threema and Conversations show the notification badges. Device info. Device: Honor 8 Android version: 6.0 Signal version: 3.26.2",they,"When you wrote ""they are also listed in the notification area"", does 'they' refer to 'notifications', 'messages', or something else?","['When you wrote ""they are also listed in the notification area"", does \'they\' refer to \'notifications\', \'messages\', or something else?']","Semantic ambiguity: a sentence has more than one way of reading it within its context, although it contains no lexical or syntactic ambiguity. Semantic ambiguity can be viewed as ambiguity with respect to the logical form, usually expressed in predicate logic, of a sentence.
You are a software analyst specializing in Semantic ambiguity resolution in GitHub feature requests.
Carefully read the provided statement along with the extracted Semantic ambiguity segment and the reasoning behind why the extracted text segment is considered ambiguous. Based on the information, generate clear and concise clarification questions aimed at addressing the Semantic ambiguity in the extracted text segment; include all generated clarifying questions in a single comma-separated list. Make sure to have all elements of the list in quotation marks.
Demonstrations are provided for clarity. Each demonstration is separated by the trigger word # END. Inside each demonstration, the statement, reason, extracted segment, and clarifying questions are separated using the trigger word ####. Strictly follow the provided demonstration.
Statement: Request Number - 6077 | Request Title - Update libphonenumber to >=8.2.0 (Cannot send SMS to my mobile provider) | Request Description - I have:   searched open and closed issues for duplicates  read https://github.com/WhisperSystems/Signal-Android/wiki/Submitting-useful-bug-reports  Bug description. My friend made me aware of this as I'm never checking my account status via SMS, but it doesn't work for me neither. To check our account status, we have to send an SMS message to 13977, but Signal fails to deliver it. I tried sending it through the native Oneplus SMS app and it goes through just fine, with an immediate response. I can send an SMS to other people, though, so it has something to do with that number. (Signal adds +385 to it for Croatia, maybe that's it?) Steps to reproduce.  send an SMS to my provider through Signal Actual result: it doesn't go through, ""Failed to send"", ""Some issues need your attention."" Expected result: Message should go through and I should get a response. Device info. Device: OnePlus3T Android version: 7.0 Signal version: 3.27.1 Link to debug log. https://gist.github.com/anonymous/f656572561ea3a91d0f4bbdeb98e587b
####
Reason: The pronoun 'it' could point to multiple noun phrases earlier in the sentence, creating multiple possible meanings.
####
Extracted Semantic ambiguity segment: it.
####
Clarifying Question(s): ['When you wrote ""Signal fails to deliver it"", does \'it\' refer to ""an SMS message to 13977"", ""our account status"", or something else?']
# END
Statement: Request Number - 1504 | Request Title - Notification Color for Individual Contacts or Groups | Request Description - how about we edit this one too?  or just delete it..... üôà
####
Reason: It is unclear how the different noun phrases (notification color, individual contacts, groups) associate with one another in a collective/distributive sense, creating multiple possible interpretations.
####
Extracted Semantic ambiguity segment: Notification Color for Individual Contacts or Groups
####
Clarifying Question(s): ['When writing ""notification color for individual contacts or groups"", are you suggesting one color for all individual contacts and one different color for all group messages, one different color for each individual and group, one color for all individual contact and group message notifications (to differentiate user communications from system or other types of notifications), or something else?']
# END
Statement: Request Number - 604 | Request Title - Number registration (for push messaging) doesn't work with Google Voice | Request Description - The new push based TextSecure doesn't seem to like using Google Voice numbers (which are then forwarded to my phone's real number via SMS).  Although there are of course privacy downsides associated with letting Google see all of your incoming/outgoing SMS data, there are also serious privacy harms associated with letting people know your actual phone number, rather than a number that will just forward texts to you* The first step of the TextSecure number registration process (""Connecting"") works fine. An incoming text message with the verification code is received by the default Android SMS app, but TextSecure doesn't catch it. Thankfully, after 2 minutes of waiting, I am given the opportunity verify by voice, which does work.
####
Reason: The pronoun 'it' can refer to two different targets in the sentence, changing the nature of the problem based on the interpretation.
####
Extracted Semantic ambiguity segment: it.
####
Clarifying Question(s): ['When you wrote ""TextSecure doesn\'t catch it"", do you mean ""TextSecure doesn\'t catch the message"", ""TextSecure doesn\'t catch the verification code"", or something else?']
# END
Request Number - 6069 | Request Title - Unread notification badges do not work on Huawei EMUI | Request Description - I have:   searched open and closed issues for duplicates  read https://github.com/WhisperSystems/Signal-Android/wiki/Submitting-useful-bug-reports  Bug description. I've installed Signal on a Honor 8 (made by Huawei) with EMUI 4.1 (Android 6.0). I've noticed that Signal receives notifications on new messages and they are also listed in the notification area, but the unread notifications badge on the app icon on the home screen is not shown. In Signal support articles there is mentioned, that badge icons are supported for some launchers, see https://support.whispersystems.org/hc/en-us/articles/215766077-How-can-I-see-my-unread-badge-count-What-launcher-should-I-use- So far I could not find out if this is a Signal or EMUI problem, but Threema and Conversations show the notification badges. Device info. Device: Honor 8 Android version: 6.0 Signal version: 3.26.2
####
Reason: The pronoun ""they"" can point to two possible targets in the sentence, creating multiple possible interpretations.
####
Extracted Semantic ambiguity segment: they
####
Clarifying Question(s): ","['In the sentence ""Signal receives notifications on new messages and they are also listed in the notification area"", does ""they"" refer to ""new messages"", ""notifications on new messages"", or something else?']","['When you wrote ""they are also listed in the notification area"", does ""they"" refer to ""notifications on new messages"", ""new messages"", or something else?']","['In the statement ""they are also listed in the notification area,"" does ""they"" refer to ""notifications on new messages"" or ""new messages"" themselves?']","['In the sentence ""Signal receives notifications on new messages and they are also listed in the notification area,"" does ""they"" refer to the ""notifications"" or the ""new messages""?']","['When you mentioned ""they are also listed in the notification area,"" does ""they"" refer to ""new messages"" or ""notifications on new messages""?']","['In the statement ""Signal receives notifications on new messages and they are also listed in the notification area,"" does ""they"" refer to ""notifications on new messages"" or ""new messages"" themselves?']","['When you wrote ""they are also listed in the notification area"", does ""they"" refer to the ""notifications on new messages"" or to something else?']","['In the sentence ""Signal receives notifications on new messages and they are also listed in the notification area,"" does ""they"" refer to the ""notifications"" or ""new messages""?']","['When you wrote ""they are also listed in the notification area,"" does ""they"" refer to ""new messages"" or ""notifications on new messages""?']","['When you wrote ""they are also listed in the notification area"", does \'they\' refer to ""notifications on new messages"", ""unread notifications badges"", or something else?']"
29,29,555-Signal,"Request Number - 555 | Request Title - Not working in dual sim phone | Request Description - My friend has a dual sim Lava iris 405 and i have samsung galaxy s3. we both have installed the TextSecure when i start secure session, it sends Key exchange message and its received in my friends. After that it says Received and processed key exchange message but he is unable to send me any message, it says error sending. i know its giving problem because its a dual sim phone, text secure app is not able to send sms from particular sim and giving this error. Is dual sim phone supported by textSecure?",particular sim,"When you say the app is not able to send from a particular SIM, do you mean it cannot send from a specific SIM, it cannot send from either SIM interchangeably, or something else?","['When you say the app is not able to send from a particular SIM, do you mean it cannot send from a specific SIM, it cannot send from either SIM interchangeably, or something else?']","Semantic ambiguity: a sentence has more than one way of reading it within its context, although it contains no lexical or syntactic ambiguity. Semantic ambiguity can be viewed as ambiguity with respect to the logical form, usually expressed in predicate logic, of a sentence.
You are a software analyst specializing in Semantic ambiguity resolution in GitHub feature requests.
Carefully read the provided statement along with the extracted Semantic ambiguity segment and the reasoning behind why the extracted text segment is considered ambiguous. Based on the information, generate clear and concise clarification questions aimed at addressing the Semantic ambiguity in the extracted text segment; include all generated clarifying questions in a single comma-separated list. Make sure to have all elements of the list in quotation marks.
Demonstrations are provided for clarity. Each demonstration is separated by the trigger word # END. Inside each demonstration, the statement, reason, extracted segment, and clarifying questions are separated using the trigger word ####. Strictly follow the provided demonstration.
Statement: Request Number - 6077 | Request Title - Update libphonenumber to >=8.2.0 (Cannot send SMS to my mobile provider) | Request Description - I have:   searched open and closed issues for duplicates  read https://github.com/WhisperSystems/Signal-Android/wiki/Submitting-useful-bug-reports  Bug description. My friend made me aware of this as I'm never checking my account status via SMS, but it doesn't work for me neither. To check our account status, we have to send an SMS message to 13977, but Signal fails to deliver it. I tried sending it through the native Oneplus SMS app and it goes through just fine, with an immediate response. I can send an SMS to other people, though, so it has something to do with that number. (Signal adds +385 to it for Croatia, maybe that's it?) Steps to reproduce.  send an SMS to my provider through Signal Actual result: it doesn't go through, ""Failed to send"", ""Some issues need your attention."" Expected result: Message should go through and I should get a response. Device info. Device: OnePlus3T Android version: 7.0 Signal version: 3.27.1 Link to debug log. https://gist.github.com/anonymous/f656572561ea3a91d0f4bbdeb98e587b
####
Reason: The pronoun 'it' could point to multiple noun phrases earlier in the sentence, creating multiple possible meanings.
####
Extracted Semantic ambiguity segment: it.
####
Clarifying Question(s): ['When you wrote ""Signal fails to deliver it"", does \'it\' refer to ""an SMS message to 13977"", ""our account status"", or something else?']
# END
Statement: Request Number - 1504 | Request Title - Notification Color for Individual Contacts or Groups | Request Description - how about we edit this one too?  or just delete it..... üôà
####
Reason: It is unclear how the different noun phrases (notification color, individual contacts, groups) associate with one another in a collective/distributive sense, creating multiple possible interpretations.
####
Extracted Semantic ambiguity segment: Notification Color for Individual Contacts or Groups
####
Clarifying Question(s): ['When writing ""notification color for individual contacts or groups"", are you suggesting one color for all individual contacts and one different color for all group messages, one different color for each individual and group, one color for all individual contact and group message notifications (to differentiate user communications from system or other types of notifications), or something else?']
# END
Statement: Request Number - 604 | Request Title - Number registration (for push messaging) doesn't work with Google Voice | Request Description - The new push based TextSecure doesn't seem to like using Google Voice numbers (which are then forwarded to my phone's real number via SMS).  Although there are of course privacy downsides associated with letting Google see all of your incoming/outgoing SMS data, there are also serious privacy harms associated with letting people know your actual phone number, rather than a number that will just forward texts to you* The first step of the TextSecure number registration process (""Connecting"") works fine. An incoming text message with the verification code is received by the default Android SMS app, but TextSecure doesn't catch it. Thankfully, after 2 minutes of waiting, I am given the opportunity verify by voice, which does work.
####
Reason: The pronoun 'it' can refer to two different targets in the sentence, changing the nature of the problem based on the interpretation.
####
Extracted Semantic ambiguity segment: it.
####
Clarifying Question(s): ['When you wrote ""TextSecure doesn\'t catch it"", do you mean ""TextSecure doesn\'t catch the message"", ""TextSecure doesn\'t catch the verification code"", or something else?']
# END
Request Number - 555 | Request Title - Not working in dual sim phone | Request Description - My friend has a dual sim Lava iris 405 and i have samsung galaxy s3. we both have installed the TextSecure when i start secure session, it sends Key exchange message and its received in my friends. After that it says Received and processed key exchange message but he is unable to send me any message, it says error sending. i know its giving problem because its a dual sim phone, text secure app is not able to send sms from particular sim and giving this error. Is dual sim phone supported by textSecure?
####
Reason: It is unclear whether the indefinite noun phrase ""particular sim"" is intended to be specific or non-specific, creating multiple possible interpretations.
####
Extracted Semantic ambiguity segment: particular sim
####
Clarifying Question(s): ","['When writing ""particular sim"", are you referring to one specific SIM card that consistently has issues sending messages, any SIM card chosen for sending messages on a dual SIM phone, or something else?']","['When you mention ""particular sim"", are you referring to a specific SIM card that you or your friend have configured in some way in the dual SIM phone, or any SIM card that TextSecure may be attempting to use at a given time?', 'Is there a specific behavior or configuration for one of the SIMs that affects messaging, or could the issue happen with either SIM card in the dual SIM phone?']","['When you mentioned ""particular sim"", are you referring to a specific SIM card that TextSecure is failing to use, or do you mean any of the SIM cards on a dual SIM phone in general?', 'Could you clarify which SIM card the TextSecure app should prioritize when sending SMS messages on a dual SIM phone, if any?']","['When mentioning ""particular sim"", are you referring to a specific SIM card being used in the dual SIM phone, any SIM card in general within a dual SIM setup, or something else?']","['When you mention ""particular sim"", do you mean a specific SIM card installed in your friend\'s dual SIM phone, any of the two SIM cards in general, or something else?']","['When you mention ""particular sim"", are you referring to a specific SIM card in your friend\'s dual SIM Lava iris 405, such as SIM 1 or SIM 2, or do you mean any one of the two SIM cards without specifying which one?']","['When you refer to ""particular sim"", are you indicating a specific SIM card (such as the primary or secondary one) that is having issues, or are you using ""particular"" in a non-specific manner to suggest that the app might have trouble with any SIM card in a dual SIM phone?']","['When you mention ""particular sim"", are you referring to a specific SIM card that is selected or set by the user, is it a SIM card that the app is automatically selecting and having trouble with, or is it something else?']","['When you mention ""particular sim"", are you referring to a specific SIM card that is selected within the dual SIM phone for TextSecure to use for sending messages, or are you indicating that TextSecure is unable to send messages regardless of which SIM card is used?']","[""By 'particular sim', are you referring to a specific SIM card on your friend's dual SIM phone that TextSecure is attempting to use for sending messages, or is it meant to indicate uncertainty about which SIM is causing the issue?""]"
30,30,801-Signal,"Request Number - 801 | Request Title - Feature request: Mute Group (or any user) | Request Description - Sometimes friends in a group are discussing something I'm not interested in and my phone would go nuts vibrating and ringing all the time. A ""Mute for X minutes/hours"" feature would be awesome.",any,"When you wrote ""any user"", do you mean ""a selected user"", ""all applicable users"", or something else?","['When you wrote ""any user"", do you mean ""a selected user"", ""all applicable users"", or something else?']","Semantic ambiguity: a sentence has more than one way of reading it within its context, although it contains no lexical or syntactic ambiguity. Semantic ambiguity can be viewed as ambiguity with respect to the logical form, usually expressed in predicate logic, of a sentence.
You are a software analyst specializing in Semantic ambiguity resolution in GitHub feature requests.
Carefully read the provided statement along with the extracted Semantic ambiguity segment and the reasoning behind why the extracted text segment is considered ambiguous. Based on the information, generate clear and concise clarification questions aimed at addressing the Semantic ambiguity in the extracted text segment; include all generated clarifying questions in a single comma-separated list. Make sure to have all elements of the list in quotation marks.
Demonstrations are provided for clarity. Each demonstration is separated by the trigger word # END. Inside each demonstration, the statement, reason, extracted segment, and clarifying questions are separated using the trigger word ####. Strictly follow the provided demonstration.
Statement: Request Number - 6077 | Request Title - Update libphonenumber to >=8.2.0 (Cannot send SMS to my mobile provider) | Request Description - I have:   searched open and closed issues for duplicates  read https://github.com/WhisperSystems/Signal-Android/wiki/Submitting-useful-bug-reports  Bug description. My friend made me aware of this as I'm never checking my account status via SMS, but it doesn't work for me neither. To check our account status, we have to send an SMS message to 13977, but Signal fails to deliver it. I tried sending it through the native Oneplus SMS app and it goes through just fine, with an immediate response. I can send an SMS to other people, though, so it has something to do with that number. (Signal adds +385 to it for Croatia, maybe that's it?) Steps to reproduce.  send an SMS to my provider through Signal Actual result: it doesn't go through, ""Failed to send"", ""Some issues need your attention."" Expected result: Message should go through and I should get a response. Device info. Device: OnePlus3T Android version: 7.0 Signal version: 3.27.1 Link to debug log. https://gist.github.com/anonymous/f656572561ea3a91d0f4bbdeb98e587b
####
Reason: The pronoun 'it' could point to multiple noun phrases earlier in the sentence, creating multiple possible meanings.
####
Extracted Semantic ambiguity segment: it.
####
Clarifying Question(s): ['When you wrote ""Signal fails to deliver it"", does \'it\' refer to ""an SMS message to 13977"", ""our account status"", or something else?']
# END
Statement: Request Number - 1504 | Request Title - Notification Color for Individual Contacts or Groups | Request Description - how about we edit this one too?  or just delete it..... üôà
####
Reason: It is unclear how the different noun phrases (notification color, individual contacts, groups) associate with one another in a collective/distributive sense, creating multiple possible interpretations.
####
Extracted Semantic ambiguity segment: Notification Color for Individual Contacts or Groups
####
Clarifying Question(s): ['When writing ""notification color for individual contacts or groups"", are you suggesting one color for all individual contacts and one different color for all group messages, one different color for each individual and group, one color for all individual contact and group message notifications (to differentiate user communications from system or other types of notifications), or something else?']
# END
Statement: Request Number - 604 | Request Title - Number registration (for push messaging) doesn't work with Google Voice | Request Description - The new push based TextSecure doesn't seem to like using Google Voice numbers (which are then forwarded to my phone's real number via SMS).  Although there are of course privacy downsides associated with letting Google see all of your incoming/outgoing SMS data, there are also serious privacy harms associated with letting people know your actual phone number, rather than a number that will just forward texts to you* The first step of the TextSecure number registration process (""Connecting"") works fine. An incoming text message with the verification code is received by the default Android SMS app, but TextSecure doesn't catch it. Thankfully, after 2 minutes of waiting, I am given the opportunity verify by voice, which does work.
####
Reason: The pronoun 'it' can refer to two different targets in the sentence, changing the nature of the problem based on the interpretation.
####
Extracted Semantic ambiguity segment: it.
####
Clarifying Question(s): ['When you wrote ""TextSecure doesn\'t catch it"", do you mean ""TextSecure doesn\'t catch the message"", ""TextSecure doesn\'t catch the verification code"", or something else?']
# END
Request Number - 801 | Request Title - Feature request: Mute Group (or any user) | Request Description - Sometimes friends in a group are discussing something I'm not interested in and my phone would go nuts vibrating and ringing all the time. A ""Mute for X minutes/hours"" feature would be awesome.
####
Reason: The word ""any"" can have a specific or non-specific meaning, affecting the scope implied by the term and creating multiple possible meanings.
####
Extracted Semantic ambiguity segment: any
####
Clarifying Question(s): ","[""When you wrote 'Mute Group (or any user)', does 'any' refer to muting a specific user of your choice, muting all users across different groups, or something else?""]","['When you mention ""Mute Group (or any user)"", do you mean that the mute feature should apply to any user that the individual chooses to mute, or should it apply to every user in any given context or group simultaneously?']","['When you wrote ""Mute Group (or any user)"", does ""any user"" refer specifically to users within a group, to any contact in general, or something else?']","['When you write ""Mute Group (or any user)"", are you suggesting the ability to mute any user within the group chat, any user in general within the application, or something else?']","['When you wrote ""Mute Group (or any user)"", does \'any\' refer to muting a specific user of your choice, muting all users in any group, or something else?']","[""When you mentioned 'Mute Group (or any user)', does 'any' refer to muting any individual user within a group, any group conversation, any user whether in a group or not, or something else?""]","['When you wrote ""Mute Group (or any user)"", does ""any"" refer specifically to ""any user within the group"", ""any user in general"", or both?', 'Are you suggesting that the mute feature should apply to ""any user"" regardless of whether they are part of a group or not?']","['When you mention ""Mute Group (or any user)"", does ""any"" refer to muting one specific user of your choice, any user within a group, muting all users individually as a blanket option, or something else?']","[""When you say 'Mute Group (or any user)', are you suggesting the ability to mute all users in general, any specific user within a group, any user in the entire app, or something else?""]","['When mentioning ""Mute Group (or any user)"", does ""any"" refer to muting any specific user within a group, muting all users indiscriminately, or muting a selection of users as desired?']"
31,31,757-Signal,"Request Number - 757 | Request Title - different notification settings for group chats | Request Description - It would be very nice to be able to change the notification settings for goups independently from other (personal) chats, as group chats might have a lower priority for the user.",notification settings for goups,"When you wrote ""notification settings for all goups"", did you mean notification settings for all groups together, notification settings for each group individually, or something else?","['When you wrote ""notification settings for all goups"", did you mean notification settings for all groups together, notification settings for each group individually, or something else?']","Semantic ambiguity: a sentence has more than one way of reading it within its context, although it contains no lexical or syntactic ambiguity. Semantic ambiguity can be viewed as ambiguity with respect to the logical form, usually expressed in predicate logic, of a sentence.
You are a software analyst specializing in Semantic ambiguity resolution in GitHub feature requests.
Carefully read the provided statement along with the extracted Semantic ambiguity segment and the reasoning behind why the extracted text segment is considered ambiguous. Based on the information, generate clear and concise clarification questions aimed at addressing the Semantic ambiguity in the extracted text segment; include all generated clarifying questions in a single comma-separated list. Make sure to have all elements of the list in quotation marks.
Demonstrations are provided for clarity. Each demonstration is separated by the trigger word # END. Inside each demonstration, the statement, reason, extracted segment, and clarifying questions are separated using the trigger word ####. Strictly follow the provided demonstration.
Statement: Request Number - 6077 | Request Title - Update libphonenumber to >=8.2.0 (Cannot send SMS to my mobile provider) | Request Description - I have:   searched open and closed issues for duplicates  read https://github.com/WhisperSystems/Signal-Android/wiki/Submitting-useful-bug-reports  Bug description. My friend made me aware of this as I'm never checking my account status via SMS, but it doesn't work for me neither. To check our account status, we have to send an SMS message to 13977, but Signal fails to deliver it. I tried sending it through the native Oneplus SMS app and it goes through just fine, with an immediate response. I can send an SMS to other people, though, so it has something to do with that number. (Signal adds +385 to it for Croatia, maybe that's it?) Steps to reproduce.  send an SMS to my provider through Signal Actual result: it doesn't go through, ""Failed to send"", ""Some issues need your attention."" Expected result: Message should go through and I should get a response. Device info. Device: OnePlus3T Android version: 7.0 Signal version: 3.27.1 Link to debug log. https://gist.github.com/anonymous/f656572561ea3a91d0f4bbdeb98e587b
####
Reason: The pronoun 'it' could point to multiple noun phrases earlier in the sentence, creating multiple possible meanings.
####
Extracted Semantic ambiguity segment: it.
####
Clarifying Question(s): ['When you wrote ""Signal fails to deliver it"", does \'it\' refer to ""an SMS message to 13977"", ""our account status"", or something else?']
# END
Statement: Request Number - 1504 | Request Title - Notification Color for Individual Contacts or Groups | Request Description - how about we edit this one too?  or just delete it..... üôà
####
Reason: It is unclear how the different noun phrases (notification color, individual contacts, groups) associate with one another in a collective/distributive sense, creating multiple possible interpretations.
####
Extracted Semantic ambiguity segment: Notification Color for Individual Contacts or Groups
####
Clarifying Question(s): ['When writing ""notification color for individual contacts or groups"", are you suggesting one color for all individual contacts and one different color for all group messages, one different color for each individual and group, one color for all individual contact and group message notifications (to differentiate user communications from system or other types of notifications), or something else?']
# END
Statement: Request Number - 604 | Request Title - Number registration (for push messaging) doesn't work with Google Voice | Request Description - The new push based TextSecure doesn't seem to like using Google Voice numbers (which are then forwarded to my phone's real number via SMS).  Although there are of course privacy downsides associated with letting Google see all of your incoming/outgoing SMS data, there are also serious privacy harms associated with letting people know your actual phone number, rather than a number that will just forward texts to you* The first step of the TextSecure number registration process (""Connecting"") works fine. An incoming text message with the verification code is received by the default Android SMS app, but TextSecure doesn't catch it. Thankfully, after 2 minutes of waiting, I am given the opportunity verify by voice, which does work.
####
Reason: The pronoun 'it' can refer to two different targets in the sentence, changing the nature of the problem based on the interpretation.
####
Extracted Semantic ambiguity segment: it.
####
Clarifying Question(s): ['When you wrote ""TextSecure doesn\'t catch it"", do you mean ""TextSecure doesn\'t catch the message"", ""TextSecure doesn\'t catch the verification code"", or something else?']
# END
Request Number - 757 | Request Title - different notification settings for group chats | Request Description - It would be very nice to be able to change the notification settings for goups independently from other (personal) chats, as group chats might have a lower priority for the user.
####
Reason: The interaction between the term ""settings"" and the plural ""groups"" can be interpreted as having the collective scope of ""all groups"" or the distributive scope of ""each group"", which creates multiple possible interpretations.
####
Extracted Semantic ambiguity segment: notification settings for goups
####
Clarifying Question(s): ","[""When you mention 'notification settings for groups', are you referring to one set of notification settings that applies to all group chats uniformly, the ability to set different notification settings for each group chat individually, or something else?""]","['When referring to ""notification settings for groups"", are you suggesting one set of notification settings that applies collectively to all group chats, each group having its own independent notification settings, or something different?']","['When you mention ""notification settings for groups"", are you suggesting having one set of notification settings applicable to all group chats collectively, or do you mean having the ability to configure different notification settings for each group chat individually?']","['When you mention ""notification settings for groups"", are you suggesting the ability to set one overall notification setting for all group chats collectively, different notification settings for each individual group chat, or something else?']","[""When you mention 'notification settings for groups', are you suggesting having one uniform notification setting that applies to all group chats collectively, or are you proposing having distinct notification settings for each individual group chat?""]","[""When you mention 'notification settings for groups', are you proposing one set of notification settings for all group chats or different settings for each group chat individually?""]","['When mentioning ""notification settings for groups"", are you suggesting having one set of notification settings for all groups collectively, different settings for each individual group, or something else?']","[""When you mention 'notification settings for groups', are you suggesting one set of settings that applies to all group chats collectively, or are you proposing the ability to set different notification settings for each group chat individually?""]","[""When you mention 'notification settings for groups,' are you referring to having universal settings for all group chats collectively, separate settings for each individual group chat, or something else?""]","['When you mention ""notification settings for groups"", are you referring to having a collective setting that applies to all group chats collectively, or the ability to set different notification settings for each individual group chat independently?']"
32,32,1407-Signal,"Request Number - 1407 | Request Title - textsecure not an option when ""sharing"" an address book contact | Request Description - TextSecure is not an option when attempting to share a contact from the address book, in Android 4.4.2 when i select ""messaging"" it tells me ""messaging"" is not the default sms app. This would be a nice feature to have added to the app.",it,"When you wrote ""it tells me"", does ""it"" refer to TextSecure, the Android OS, or something else?","['When you wrote ""it tells me"", does ""it"" refer to TextSecure, the Android OS, or something else?']","Semantic ambiguity: a sentence has more than one way of reading it within its context, although it contains no lexical or syntactic ambiguity. Semantic ambiguity can be viewed as ambiguity with respect to the logical form, usually expressed in predicate logic, of a sentence.
You are a software analyst specializing in Semantic ambiguity resolution in GitHub feature requests.
Carefully read the provided statement along with the extracted Semantic ambiguity segment and the reasoning behind why the extracted text segment is considered ambiguous. Based on the information, generate clear and concise clarification questions aimed at addressing the Semantic ambiguity in the extracted text segment; include all generated clarifying questions in a single comma-separated list. Make sure to have all elements of the list in quotation marks.
Demonstrations are provided for clarity. Each demonstration is separated by the trigger word # END. Inside each demonstration, the statement, reason, extracted segment, and clarifying questions are separated using the trigger word ####. Strictly follow the provided demonstration.
Statement: Request Number - 6077 | Request Title - Update libphonenumber to >=8.2.0 (Cannot send SMS to my mobile provider) | Request Description - I have:   searched open and closed issues for duplicates  read https://github.com/WhisperSystems/Signal-Android/wiki/Submitting-useful-bug-reports  Bug description. My friend made me aware of this as I'm never checking my account status via SMS, but it doesn't work for me neither. To check our account status, we have to send an SMS message to 13977, but Signal fails to deliver it. I tried sending it through the native Oneplus SMS app and it goes through just fine, with an immediate response. I can send an SMS to other people, though, so it has something to do with that number. (Signal adds +385 to it for Croatia, maybe that's it?) Steps to reproduce.  send an SMS to my provider through Signal Actual result: it doesn't go through, ""Failed to send"", ""Some issues need your attention."" Expected result: Message should go through and I should get a response. Device info. Device: OnePlus3T Android version: 7.0 Signal version: 3.27.1 Link to debug log. https://gist.github.com/anonymous/f656572561ea3a91d0f4bbdeb98e587b
####
Reason: The pronoun 'it' could point to multiple noun phrases earlier in the sentence, creating multiple possible meanings.
####
Extracted Semantic ambiguity segment: it.
####
Clarifying Question(s): ['When you wrote ""Signal fails to deliver it"", does \'it\' refer to ""an SMS message to 13977"", ""our account status"", or something else?']
# END
Statement: Request Number - 1504 | Request Title - Notification Color for Individual Contacts or Groups | Request Description - how about we edit this one too?  or just delete it..... üôà
####
Reason: It is unclear how the different noun phrases (notification color, individual contacts, groups) associate with one another in a collective/distributive sense, creating multiple possible interpretations.
####
Extracted Semantic ambiguity segment: Notification Color for Individual Contacts or Groups
####
Clarifying Question(s): ['When writing ""notification color for individual contacts or groups"", are you suggesting one color for all individual contacts and one different color for all group messages, one different color for each individual and group, one color for all individual contact and group message notifications (to differentiate user communications from system or other types of notifications), or something else?']
# END
Statement: Request Number - 604 | Request Title - Number registration (for push messaging) doesn't work with Google Voice | Request Description - The new push based TextSecure doesn't seem to like using Google Voice numbers (which are then forwarded to my phone's real number via SMS).  Although there are of course privacy downsides associated with letting Google see all of your incoming/outgoing SMS data, there are also serious privacy harms associated with letting people know your actual phone number, rather than a number that will just forward texts to you* The first step of the TextSecure number registration process (""Connecting"") works fine. An incoming text message with the verification code is received by the default Android SMS app, but TextSecure doesn't catch it. Thankfully, after 2 minutes of waiting, I am given the opportunity verify by voice, which does work.
####
Reason: The pronoun 'it' can refer to two different targets in the sentence, changing the nature of the problem based on the interpretation.
####
Extracted Semantic ambiguity segment: it.
####
Clarifying Question(s): ['When you wrote ""TextSecure doesn\'t catch it"", do you mean ""TextSecure doesn\'t catch the message"", ""TextSecure doesn\'t catch the verification code"", or something else?']
# END
Request Number - 1407 | Request Title - textsecure not an option when ""sharing"" an address book contact | Request Description - TextSecure is not an option when attempting to share a contact from the address book, in Android 4.4.2 when i select ""messaging"" it tells me ""messaging"" is not the default sms app. This would be a nice feature to have added to the app.
####
Reason: The pronoun ""it"" can point to multiple possible targets in the sentence, creating multiple interpretations.
####
Extracted Semantic ambiguity segment: it
####
Clarifying Question(s): ","['When you wrote ""it tells me \'messaging\' is not the default sms app"", does \'it\' refer to the contact sharing process, the Android system notification, the TextSecure app, or something else?']","['When you say ""it tells me \'messaging\' is not the default sms app"", does ""it"" refer to the TextSecure app, the Android operating system, or something else?']","['When you mentioned ""it tells me \'messaging\' is not the default sms app"", does \'it\' refer to ""TextSecure"", ""Android"", or something else?']","[""In the sentence 'when I select \""messaging\"" it tells me \""messaging\"" is not the default sms app', does 'it' refer to 'Android', 'TextSecure', or another application?""]","""When you wrote 'it tells me ""messaging"" is not the default sms app', does 'it' refer to 'TextSecure', 'Android OS', or something else?""","[""When you wrote 'it tells me', does 'it' refer to Android 4.4.2, the address book, the messaging app, or something else?""]","""When you wrote 'it tells me ""messaging"" is not the default sms app', does 'it' refer to 'Android 4.4.2', 'the messaging app', or something else?""","['When you wrote ""it tells me \'messaging\' is not the default sms app"", does \'it\' refer to ""Android 4.4.2"", ""messaging"", or something else?']","['In the statement ""when I select \'messaging\' it tells me \'messaging\' is not the default SMS app"", does \'it\' refer to a system notification, the TextSecure app, or something else?']","['When you wrote ""it tells me \'messaging\' is not the default sms app"", does \'it\' refer to the Android system, the address book application, or something else?']"
33,33,2055-Signal,"Request Number - 2055 | Request Title - use delivery receipts to show message received time for outgoing messages | Request Description - After long pressing on a message and selecting the info button, the message details are shown. This includes the sent and received times for incoming messages. For outgoing messages, in contrast, only one Sent/Received time is displayed, probably containing sent time. Now that delivery receipts are implemented, it would be possible to display the received time for outgoing messages (by taking the sent time from the receipt). Or to make it more precise, let the receipt message piggybag the real received time. This would make the user interface more consistent. When this is rejected for some reasons, I suggest renaming the ""Sent/Received"" label for outgoing messages to ""Sent"" because this is what it really is about.","only one Sent/Received time is displayed,",What time receipt is shown for an outgoing message?,['What time receipt is shown for an outgoing message?'],"Semantic ambiguity: a sentence has more than one way of reading it within its context, although it contains no lexical or syntactic ambiguity. Semantic ambiguity can be viewed as ambiguity with respect to the logical form, usually expressed in predicate logic, of a sentence.
You are a software analyst specializing in Semantic ambiguity resolution in GitHub feature requests.
Carefully read the provided statement along with the extracted Semantic ambiguity segment and the reasoning behind why the extracted text segment is considered ambiguous. Based on the information, generate clear and concise clarification questions aimed at addressing the Semantic ambiguity in the extracted text segment; include all generated clarifying questions in a single comma-separated list. Make sure to have all elements of the list in quotation marks.
Demonstrations are provided for clarity. Each demonstration is separated by the trigger word # END. Inside each demonstration, the statement, reason, extracted segment, and clarifying questions are separated using the trigger word ####. Strictly follow the provided demonstration.
Statement: Request Number - 6077 | Request Title - Update libphonenumber to >=8.2.0 (Cannot send SMS to my mobile provider) | Request Description - I have:   searched open and closed issues for duplicates  read https://github.com/WhisperSystems/Signal-Android/wiki/Submitting-useful-bug-reports  Bug description. My friend made me aware of this as I'm never checking my account status via SMS, but it doesn't work for me neither. To check our account status, we have to send an SMS message to 13977, but Signal fails to deliver it. I tried sending it through the native Oneplus SMS app and it goes through just fine, with an immediate response. I can send an SMS to other people, though, so it has something to do with that number. (Signal adds +385 to it for Croatia, maybe that's it?) Steps to reproduce.  send an SMS to my provider through Signal Actual result: it doesn't go through, ""Failed to send"", ""Some issues need your attention."" Expected result: Message should go through and I should get a response. Device info. Device: OnePlus3T Android version: 7.0 Signal version: 3.27.1 Link to debug log. https://gist.github.com/anonymous/f656572561ea3a91d0f4bbdeb98e587b
####
Reason: The pronoun 'it' could point to multiple noun phrases earlier in the sentence, creating multiple possible meanings.
####
Extracted Semantic ambiguity segment: it.
####
Clarifying Question(s): ['When you wrote ""Signal fails to deliver it"", does \'it\' refer to ""an SMS message to 13977"", ""our account status"", or something else?']
# END
Statement: Request Number - 1504 | Request Title - Notification Color for Individual Contacts or Groups | Request Description - how about we edit this one too?  or just delete it..... üôà
####
Reason: It is unclear how the different noun phrases (notification color, individual contacts, groups) associate with one another in a collective/distributive sense, creating multiple possible interpretations.
####
Extracted Semantic ambiguity segment: Notification Color for Individual Contacts or Groups
####
Clarifying Question(s): ['When writing ""notification color for individual contacts or groups"", are you suggesting one color for all individual contacts and one different color for all group messages, one different color for each individual and group, one color for all individual contact and group message notifications (to differentiate user communications from system or other types of notifications), or something else?']
# END
Statement: Request Number - 604 | Request Title - Number registration (for push messaging) doesn't work with Google Voice | Request Description - The new push based TextSecure doesn't seem to like using Google Voice numbers (which are then forwarded to my phone's real number via SMS).  Although there are of course privacy downsides associated with letting Google see all of your incoming/outgoing SMS data, there are also serious privacy harms associated with letting people know your actual phone number, rather than a number that will just forward texts to you* The first step of the TextSecure number registration process (""Connecting"") works fine. An incoming text message with the verification code is received by the default Android SMS app, but TextSecure doesn't catch it. Thankfully, after 2 minutes of waiting, I am given the opportunity verify by voice, which does work.
####
Reason: The pronoun 'it' can refer to two different targets in the sentence, changing the nature of the problem based on the interpretation.
####
Extracted Semantic ambiguity segment: it.
####
Clarifying Question(s): ['When you wrote ""TextSecure doesn\'t catch it"", do you mean ""TextSecure doesn\'t catch the message"", ""TextSecure doesn\'t catch the verification code"", or something else?']
# END
Request Number - 2055 | Request Title - use delivery receipts to show message received time for outgoing messages | Request Description - After long pressing on a message and selecting the info button, the message details are shown. This includes the sent and received times for incoming messages. For outgoing messages, in contrast, only one Sent/Received time is displayed, probably containing sent time. Now that delivery receipts are implemented, it would be possible to display the received time for outgoing messages (by taking the sent time from the receipt). Or to make it more precise, let the receipt message piggybag the real received time. This would make the user interface more consistent. When this is rejected for some reasons, I suggest renaming the ""Sent/Received"" label for outgoing messages to ""Sent"" because this is what it really is about.
####
Reason: There are quantifiers ""only one"" and also ""/"" in the sentence. In this case, sent/received can be interpreted in two different ways: (1) sent or received. (2) sent and received as one token. 
####
Extracted Semantic ambiguity segment: only one Sent/Received time is displayed,
####
Clarifying Question(s): ","['When you mentioned ""only one Sent/Received time is displayed,"" are you referring to ""only one time that is either sent or received is displayed,"" or do you mean ""only one time that includes both sent and received information is displayed as a singular entity""?']","['When you mention ""only one Sent/Received time is displayed"", do you mean only the sent time is displayed, both sent and received times are merged into a single entry, or something else?']","['When you mention ""only one Sent/Received time is displayed,"" are you implying that only the sent time is displayed and not the received time, or is it that both sent and received times are displayed as one combined token?']","[""When mentioning 'only one Sent/Received time is displayed,' do you mean that only one time, either 'Sent' or 'Received,' is shown, or does it mean both 'Sent and Received' times are combined into a single display label?""]","['When stating ""only one Sent/Received time is displayed"", do you mean the time displayed is just the sent time due to the lack of receipt data, or does it mean that it is a combined representation of both sent and received times as one token?']","[""When you mention 'only one Sent/Received time is displayed', do you mean that only one time is displayed which could either be the sent time or the received time, or do you mean that the system displays a combined 'Sent/Received' time as a single token?""]","""When you mention 'only one Sent/Received time is displayed,' are you indicating that only the sent time is currently shown and received time is not, suggesting that sent and received are treated as one combined item without distinction, or are you referring to something else entirely?""","['When you mention ""only one Sent/Received time is displayed"", do you mean one time for both sent and received together, or either sent or received time is displayed separately?', 'Should the ""Sent/Received"" label convey two separate timestamps (one for sent and another for received), or is it intended to represent a single combined timestamp?']","['When you wrote ""only one Sent/Received time is displayed,"" do you mean that ""only one time is shown which could be either sent or received,"" or that ""the sent and received times are combined and shown as a single token""?']","[""When mentioning 'only one Sent/Received time is displayed,' do you mean that only the 'sent' time or only the 'received' time is displayed, or that a single time represents both the sent and received times together?""]"
34,34,2055-Signal,"Request Number - 2055 | Request Title - use delivery receipts to show message received time for outgoing messages | Request Description - After long pressing on a message and selecting the info button, the message details are shown. This includes the sent and received times for incoming messages. For outgoing messages, in contrast, only one Sent/Received time is displayed, probably containing sent time. Now that delivery receipts are implemented, it would be possible to display the received time for outgoing messages (by taking the sent time from the receipt). Or to make it more precise, let the receipt message piggybag the real received time. This would make the user interface more consistent. When this is rejected for some reasons, I suggest renaming the ""Sent/Received"" label for outgoing messages to ""Sent"" because this is what it really is about.",it,"What do you mean by ""it"" when you stated, ""because this is what it really is about""?","['What do you mean by ""it"" when you stated, ""because this is what it really is about""?']","Semantic ambiguity: a sentence has more than one way of reading it within its context, although it contains no lexical or syntactic ambiguity. Semantic ambiguity can be viewed as ambiguity with respect to the logical form, usually expressed in predicate logic, of a sentence.
You are a software analyst specializing in Semantic ambiguity resolution in GitHub feature requests.
Carefully read the provided statement along with the extracted Semantic ambiguity segment and the reasoning behind why the extracted text segment is considered ambiguous. Based on the information, generate clear and concise clarification questions aimed at addressing the Semantic ambiguity in the extracted text segment; include all generated clarifying questions in a single comma-separated list. Make sure to have all elements of the list in quotation marks.
Demonstrations are provided for clarity. Each demonstration is separated by the trigger word # END. Inside each demonstration, the statement, reason, extracted segment, and clarifying questions are separated using the trigger word ####. Strictly follow the provided demonstration.
Statement: Request Number - 6077 | Request Title - Update libphonenumber to >=8.2.0 (Cannot send SMS to my mobile provider) | Request Description - I have:   searched open and closed issues for duplicates  read https://github.com/WhisperSystems/Signal-Android/wiki/Submitting-useful-bug-reports  Bug description. My friend made me aware of this as I'm never checking my account status via SMS, but it doesn't work for me neither. To check our account status, we have to send an SMS message to 13977, but Signal fails to deliver it. I tried sending it through the native Oneplus SMS app and it goes through just fine, with an immediate response. I can send an SMS to other people, though, so it has something to do with that number. (Signal adds +385 to it for Croatia, maybe that's it?) Steps to reproduce.  send an SMS to my provider through Signal Actual result: it doesn't go through, ""Failed to send"", ""Some issues need your attention."" Expected result: Message should go through and I should get a response. Device info. Device: OnePlus3T Android version: 7.0 Signal version: 3.27.1 Link to debug log. https://gist.github.com/anonymous/f656572561ea3a91d0f4bbdeb98e587b
####
Reason: The pronoun 'it' could point to multiple noun phrases earlier in the sentence, creating multiple possible meanings.
####
Extracted Semantic ambiguity segment: it.
####
Clarifying Question(s): ['When you wrote ""Signal fails to deliver it"", does \'it\' refer to ""an SMS message to 13977"", ""our account status"", or something else?']
# END
Statement: Request Number - 1504 | Request Title - Notification Color for Individual Contacts or Groups | Request Description - how about we edit this one too?  or just delete it..... üôà
####
Reason: It is unclear how the different noun phrases (notification color, individual contacts, groups) associate with one another in a collective/distributive sense, creating multiple possible interpretations.
####
Extracted Semantic ambiguity segment: Notification Color for Individual Contacts or Groups
####
Clarifying Question(s): ['When writing ""notification color for individual contacts or groups"", are you suggesting one color for all individual contacts and one different color for all group messages, one different color for each individual and group, one color for all individual contact and group message notifications (to differentiate user communications from system or other types of notifications), or something else?']
# END
Statement: Request Number - 604 | Request Title - Number registration (for push messaging) doesn't work with Google Voice | Request Description - The new push based TextSecure doesn't seem to like using Google Voice numbers (which are then forwarded to my phone's real number via SMS).  Although there are of course privacy downsides associated with letting Google see all of your incoming/outgoing SMS data, there are also serious privacy harms associated with letting people know your actual phone number, rather than a number that will just forward texts to you* The first step of the TextSecure number registration process (""Connecting"") works fine. An incoming text message with the verification code is received by the default Android SMS app, but TextSecure doesn't catch it. Thankfully, after 2 minutes of waiting, I am given the opportunity verify by voice, which does work.
####
Reason: The pronoun 'it' can refer to two different targets in the sentence, changing the nature of the problem based on the interpretation.
####
Extracted Semantic ambiguity segment: it.
####
Clarifying Question(s): ['When you wrote ""TextSecure doesn\'t catch it"", do you mean ""TextSecure doesn\'t catch the message"", ""TextSecure doesn\'t catch the verification code"", or something else?']
# END
Request Number - 2055 | Request Title - use delivery receipts to show message received time for outgoing messages | Request Description - After long pressing on a message and selecting the info button, the message details are shown. This includes the sent and received times for incoming messages. For outgoing messages, in contrast, only one Sent/Received time is displayed, probably containing sent time. Now that delivery receipts are implemented, it would be possible to display the received time for outgoing messages (by taking the sent time from the receipt). Or to make it more precise, let the receipt message piggybag the real received time. This would make the user interface more consistent. When this is rejected for some reasons, I suggest renaming the ""Sent/Received"" label for outgoing messages to ""Sent"" because this is what it really is about.
####
Reason: ""it"" can refer to two references in the same sentence. 
####
Extracted Semantic ambiguity segment: it
####
Clarifying Question(s): ","[""When you wrote 'it would be possible to display the received time for outgoing messages', does 'it' refer to the implementation of delivery receipts, the Sent/Received time label, or something else?"", ""In the context of 'let the receipt message piggyback the real received time', does 'it' refer to using delivery receipts to show the message received time, the renaming of the label, or something else?""]","['When you wrote ""it would be possible to display the received time for outgoing messages"", does \'it\' refer to ""taking the sent time from the receipt"", ""letting the receipt message piggyback the real received time"", or something else?']","['In the phrase ""by taking the sent time from the receipt"", does ""it"" refer to ""the receipt message"" or ""the sent/received time label""?']","['When you wrote ""it would be possible to display the received time for outgoing messages"", does ""it"" refer to ""using delivery receipts"", ""the user interface"", or something else?']","['When you wrote ""it would be possible to display the received time for outgoing messages"", does \'it\' refer to ""taking the sent time from the receipt"" or to ""making the user interface more consistent""?']","['In the phrase ""Or to make it more precise, let the receipt message piggybag the real received time"", does ""it"" refer to ""displaying the received time for outgoing messages"" or ""renaming the \'Sent/Received\' label for outgoing messages to \'Sent\'""?']","['When you wrote ""it would be possible to display the received time for outgoing messages"", does ""it"" refer to using delivery receipts, the process of showing the received time, or something else?']","['When you wrote ""because this is what it really is about"", does \'it\' refer to ""the Sent/Received label for outgoing messages"" or ""the real received time for outgoing messages""?']","""When you wrote 'it would be possible to display the received time for outgoing messages', does 'it' refer to 'the receipt message', 'the Sent/Received label', or something else?""","['When you wrote ""it would be possible to display the received time for outgoing messages"", does \'it\' refer to ""displaying the received time for outgoing messages"" or to ""taking the sent time from the receipt"" or something else?']"
35,35,6069-Signal,"Request Number - 6069 | Request Title - Unread notification badges do not work on Huawei EMUI | Request Description - I have:   searched open and closed issues for duplicates  read https://github.com/WhisperSystems/Signal-Android/wiki/Submitting-useful-bug-reports  Bug description. I've installed Signal on a Honor 8 (made by Huawei) with EMUI 4.1 (Android 6.0). I've noticed that Signal receives notifications on new messages and they are also listed in the notification area, but the unread notifications badge on the app icon on the home screen is not shown. In Signal support articles there is mentioned, that badge icons are supported for some launchers, see https://support.whispersystems.org/hc/en-us/articles/215766077-How-can-I-see-my-unread-badge-count-What-launcher-should-I-use- So far I could not find out if this is a Signal or EMUI problem, but Threema and Conversations show the notification badges. Device info. Device: Honor 8 Android version: 6.0 Signal version: 3.26.2",they,"When you wrote ""they are also listed in the notification area"", does 'they' refer to 'notifications', 'messages', or something else?","['When you wrote ""they are also listed in the notification area"", does \'they\' refer to \'notifications\', \'messages\', or something else?']","Semantic ambiguity: a sentence has more than one way of reading it within its context, although it contains no lexical or syntactic ambiguity. Semantic ambiguity can be viewed as ambiguity with respect to the logical form, usually expressed in predicate logic, of a sentence.
You are a software analyst specializing in Semantic ambiguity resolution in GitHub feature requests.
Carefully read the provided statement along with the extracted Semantic ambiguity segment and the reasoning behind why the extracted text segment is considered ambiguous. Based on the information, generate clear and concise clarification questions aimed at addressing the Semantic ambiguity in the extracted text segment; include all generated clarifying questions in a single comma-separated list. Make sure to have all elements of the list in quotation marks.
Demonstrations are provided for clarity. Each demonstration is separated by the trigger word # END. Inside each demonstration, the statement, reason, extracted segment, and clarifying questions are separated using the trigger word ####. Strictly follow the provided demonstration.
Statement: Request Number - 6077 | Request Title - Update libphonenumber to >=8.2.0 (Cannot send SMS to my mobile provider) | Request Description - I have:   searched open and closed issues for duplicates  read https://github.com/WhisperSystems/Signal-Android/wiki/Submitting-useful-bug-reports  Bug description. My friend made me aware of this as I'm never checking my account status via SMS, but it doesn't work for me neither. To check our account status, we have to send an SMS message to 13977, but Signal fails to deliver it. I tried sending it through the native Oneplus SMS app and it goes through just fine, with an immediate response. I can send an SMS to other people, though, so it has something to do with that number. (Signal adds +385 to it for Croatia, maybe that's it?) Steps to reproduce.  send an SMS to my provider through Signal Actual result: it doesn't go through, ""Failed to send"", ""Some issues need your attention."" Expected result: Message should go through and I should get a response. Device info. Device: OnePlus3T Android version: 7.0 Signal version: 3.27.1 Link to debug log. https://gist.github.com/anonymous/f656572561ea3a91d0f4bbdeb98e587b
####
Reason: The pronoun 'it' could point to multiple noun phrases earlier in the sentence, creating multiple possible meanings.
####
Extracted Semantic ambiguity segment: it.
####
Clarifying Question(s): ['When you wrote ""Signal fails to deliver it"", does \'it\' refer to ""an SMS message to 13977"", ""our account status"", or something else?']
# END
Statement: Request Number - 604 | Request Title - Number registration (for push messaging) doesn't work with Google Voice | Request Description - The new push based TextSecure doesn't seem to like using Google Voice numbers (which are then forwarded to my phone's real number via SMS).  Although there are of course privacy downsides associated with letting Google see all of your incoming/outgoing SMS data, there are also serious privacy harms associated with letting people know your actual phone number, rather than a number that will just forward texts to you* The first step of the TextSecure number registration process (""Connecting"") works fine. An incoming text message with the verification code is received by the default Android SMS app, but TextSecure doesn't catch it. Thankfully, after 2 minutes of waiting, I am given the opportunity verify by voice, which does work.
####
Reason: The pronoun 'it' can refer to two different targets in the sentence, changing the nature of the problem based on the interpretation.
####
Extracted Semantic ambiguity segment: it.
####
Clarifying Question(s): ['When you wrote ""TextSecure doesn\'t catch it"", do you mean ""TextSecure doesn\'t catch the message"", ""TextSecure doesn\'t catch the verification code"", or something else?']
# END
Statement: Request Number - 1504 | Request Title - Notification Color for Individual Contacts or Groups | Request Description - how about we edit this one too?  or just delete it..... üôà
####
Reason: It is unclear how the different noun phrases (notification color, individual contacts, groups) associate with one another in a collective/distributive sense, creating multiple possible interpretations.
####
Extracted Semantic ambiguity segment: Notification Color for Individual Contacts or Groups
####
Clarifying Question(s): ['When writing ""notification color for individual contacts or groups"", are you suggesting one color for all individual contacts and one different color for all group messages, one different color for each individual and group, one color for all individual contact and group message notifications (to differentiate user communications from system or other types of notifications), or something else?']
# END
Request Number - 6069 | Request Title - Unread notification badges do not work on Huawei EMUI | Request Description - I have:   searched open and closed issues for duplicates  read https://github.com/WhisperSystems/Signal-Android/wiki/Submitting-useful-bug-reports  Bug description. I've installed Signal on a Honor 8 (made by Huawei) with EMUI 4.1 (Android 6.0). I've noticed that Signal receives notifications on new messages and they are also listed in the notification area, but the unread notifications badge on the app icon on the home screen is not shown. In Signal support articles there is mentioned, that badge icons are supported for some launchers, see https://support.whispersystems.org/hc/en-us/articles/215766077-How-can-I-see-my-unread-badge-count-What-launcher-should-I-use- So far I could not find out if this is a Signal or EMUI problem, but Threema and Conversations show the notification badges. Device info. Device: Honor 8 Android version: 6.0 Signal version: 3.26.2
####
Reason: The pronoun ""they"" can point to two possible targets in the sentence, creating multiple possible interpretations.
####
Extracted Semantic ambiguity segment: they
####
Clarifying Question(s): ","[""When you wrote 'they are also listed in the notification area', does 'they' refer to 'notifications on new messages', 'new messages', or something else?""]","['When you wrote ""they are also listed in the notification area,"" does ""they"" refer to ""new messages,"" ""notifications,"" or something else?']","['When stating ""they are also listed in the notification area"", does ""they"" refer to ""notifications on new messages"", ""unread notifications badge"", or something else?']","['When you wrote ""they are also listed in the notification area"", does \'they\' refer to ""new messages"", ""notifications on new messages"", or something else?']","""When you wrote 'they are also listed in the notification area', does 'they' refer to 'notifications on new messages' or 'unread notifications badges'?""","['When you wrote ""they are also listed in the notification area"", does \'they\' refer to ""notifications on new messages"", ""the unread notification badges"", or something else?']","[""When you wrote 'they are also listed in the notification area', does 'they' refer to 'new messages' or 'notifications on new messages'?""]","[""In the context of 'Signal receives notifications on new messages and they are also listed in the notification area,' does 'they' refer to 'new messages' or 'notifications'?""]","['When you wrote ""they are also listed in the notification area"", does ""they"" refer to ""notifications on new messages"", ""unread notifications"", or something else?']","[""In the sentence 'I've noticed that Signal receives notifications on new messages and they are also listed in the notification area', does 'they' refer to 'notifications on new messages', 'new messages themselves', or something else?""]"
36,36,555-Signal,"Request Number - 555 | Request Title - Not working in dual sim phone | Request Description - My friend has a dual sim Lava iris 405 and i have samsung galaxy s3. we both have installed the TextSecure when i start secure session, it sends Key exchange message and its received in my friends. After that it says Received and processed key exchange message but he is unable to send me any message, it says error sending. i know its giving problem because its a dual sim phone, text secure app is not able to send sms from particular sim and giving this error. Is dual sim phone supported by textSecure?",particular sim,"When you say the app is not able to send from a particular SIM, do you mean it cannot send from a specific SIM, it cannot send from either SIM interchangeably, or something else?","['When you say the app is not able to send from a particular SIM, do you mean it cannot send from a specific SIM, it cannot send from either SIM interchangeably, or something else?']","Semantic ambiguity: a sentence has more than one way of reading it within its context, although it contains no lexical or syntactic ambiguity. Semantic ambiguity can be viewed as ambiguity with respect to the logical form, usually expressed in predicate logic, of a sentence.
You are a software analyst specializing in Semantic ambiguity resolution in GitHub feature requests.
Carefully read the provided statement along with the extracted Semantic ambiguity segment and the reasoning behind why the extracted text segment is considered ambiguous. Based on the information, generate clear and concise clarification questions aimed at addressing the Semantic ambiguity in the extracted text segment; include all generated clarifying questions in a single comma-separated list. Make sure to have all elements of the list in quotation marks.
Demonstrations are provided for clarity. Each demonstration is separated by the trigger word # END. Inside each demonstration, the statement, reason, extracted segment, and clarifying questions are separated using the trigger word ####. Strictly follow the provided demonstration.
Statement: Request Number - 6077 | Request Title - Update libphonenumber to >=8.2.0 (Cannot send SMS to my mobile provider) | Request Description - I have:   searched open and closed issues for duplicates  read https://github.com/WhisperSystems/Signal-Android/wiki/Submitting-useful-bug-reports  Bug description. My friend made me aware of this as I'm never checking my account status via SMS, but it doesn't work for me neither. To check our account status, we have to send an SMS message to 13977, but Signal fails to deliver it. I tried sending it through the native Oneplus SMS app and it goes through just fine, with an immediate response. I can send an SMS to other people, though, so it has something to do with that number. (Signal adds +385 to it for Croatia, maybe that's it?) Steps to reproduce.  send an SMS to my provider through Signal Actual result: it doesn't go through, ""Failed to send"", ""Some issues need your attention."" Expected result: Message should go through and I should get a response. Device info. Device: OnePlus3T Android version: 7.0 Signal version: 3.27.1 Link to debug log. https://gist.github.com/anonymous/f656572561ea3a91d0f4bbdeb98e587b
####
Reason: The pronoun 'it' could point to multiple noun phrases earlier in the sentence, creating multiple possible meanings.
####
Extracted Semantic ambiguity segment: it.
####
Clarifying Question(s): ['When you wrote ""Signal fails to deliver it"", does \'it\' refer to ""an SMS message to 13977"", ""our account status"", or something else?']
# END
Statement: Request Number - 604 | Request Title - Number registration (for push messaging) doesn't work with Google Voice | Request Description - The new push based TextSecure doesn't seem to like using Google Voice numbers (which are then forwarded to my phone's real number via SMS).  Although there are of course privacy downsides associated with letting Google see all of your incoming/outgoing SMS data, there are also serious privacy harms associated with letting people know your actual phone number, rather than a number that will just forward texts to you* The first step of the TextSecure number registration process (""Connecting"") works fine. An incoming text message with the verification code is received by the default Android SMS app, but TextSecure doesn't catch it. Thankfully, after 2 minutes of waiting, I am given the opportunity verify by voice, which does work.
####
Reason: The pronoun 'it' can refer to two different targets in the sentence, changing the nature of the problem based on the interpretation.
####
Extracted Semantic ambiguity segment: it.
####
Clarifying Question(s): ['When you wrote ""TextSecure doesn\'t catch it"", do you mean ""TextSecure doesn\'t catch the message"", ""TextSecure doesn\'t catch the verification code"", or something else?']
# END
Statement: Request Number - 1504 | Request Title - Notification Color for Individual Contacts or Groups | Request Description - how about we edit this one too?  or just delete it..... üôà
####
Reason: It is unclear how the different noun phrases (notification color, individual contacts, groups) associate with one another in a collective/distributive sense, creating multiple possible interpretations.
####
Extracted Semantic ambiguity segment: Notification Color for Individual Contacts or Groups
####
Clarifying Question(s): ['When writing ""notification color for individual contacts or groups"", are you suggesting one color for all individual contacts and one different color for all group messages, one different color for each individual and group, one color for all individual contact and group message notifications (to differentiate user communications from system or other types of notifications), or something else?']
# END
Request Number - 555 | Request Title - Not working in dual sim phone | Request Description - My friend has a dual sim Lava iris 405 and i have samsung galaxy s3. we both have installed the TextSecure when i start secure session, it sends Key exchange message and its received in my friends. After that it says Received and processed key exchange message but he is unable to send me any message, it says error sending. i know its giving problem because its a dual sim phone, text secure app is not able to send sms from particular sim and giving this error. Is dual sim phone supported by textSecure?
####
Reason: It is unclear whether the indefinite noun phrase ""particular sim"" is intended to be specific or non-specific, creating multiple possible interpretations.
####
Extracted Semantic ambiguity segment: particular sim
####
Clarifying Question(s): ","['When mentioning ""particular sim"" in your description, are you referring to a specific SIM card (e.g., SIM 1 or SIM 2) on your friend\'s dual SIM phone, or are you indicating a general issue affecting both SIM cards?', 'Can you specify which SIM (SIM 1 or SIM 2) the TextSecure app is attempting to use when the error occurs, if known?']","[""When you mention 'particular sim', are you referring to a specific SIM card in your friend's dual SIM phone, such as SIM 1 or SIM 2, or are you using 'particular sim' to refer to either SIM in a non-specific way?""]","['When you mention ""particular sim"", are you referring to a specific SIM slot (like SIM 1 or SIM 2) that cannot send messages, or do you mean any SIM selected by the user, or something else?']","['When you mention ""particular sim"", are you referring to a specific SIM card that is failing to send messages, either SIM 1 or SIM 2, or are you suggesting that TextSecure has trouble with dual SIM phones in general without specifying which SIM might be causing the issue?']","['When you mention ""particular sim,"" do you mean a specific SIM card that TextSecure is failing to use, any of the installed SIM cards on the dual-SIM phone, or something else?']","['When you mention ""particular sim"", are you referring to a specific SIM card in your friend\'s dual SIM phone, or do you mean it could be any of the two SIMs causing the issue?', 'Is there a specific SIM card (SIM 1 or SIM 2) you believe is having trouble sending messages, or are you unsure which SIM is causing the error?']","[""When you mention 'particular sim,' are you referring to a specific SIM card that was selected or assigned for sending messages, or are you indicating any SIM card in general that TextSecure is failing to utilize?"", ""Is there a specific SIM card that TextSecure should be using to send messages, or is it randomly attempting to use one of the installed SIM cards?""]","""When you say 'particular sim,' are you referring to a specific SIM card that you couldn't mention, one of the dual SIMs that needs configuration for SMS, or something else?""","['When you mention ""particular sim,"" do you mean that TextSecure is unable to send SMS from a specific SIM slot (e.g., SIM 1 or SIM 2), or do you mean that it cannot send SMS from either SIM but the error only appears for one of them?']","['When you mention ""particular sim"", are you referring to a specific SIM slot (like SIM 1 or SIM 2) not being supported, does the issue affect any SIM used, or is it something else?']"
37,37,801-Signal,"Request Number - 801 | Request Title - Feature request: Mute Group (or any user) | Request Description - Sometimes friends in a group are discussing something I'm not interested in and my phone would go nuts vibrating and ringing all the time. A ""Mute for X minutes/hours"" feature would be awesome.",any,"When you wrote ""any user"", do you mean ""a selected user"", ""all applicable users"", or something else?","['When you wrote ""any user"", do you mean ""a selected user"", ""all applicable users"", or something else?']","Semantic ambiguity: a sentence has more than one way of reading it within its context, although it contains no lexical or syntactic ambiguity. Semantic ambiguity can be viewed as ambiguity with respect to the logical form, usually expressed in predicate logic, of a sentence.
You are a software analyst specializing in Semantic ambiguity resolution in GitHub feature requests.
Carefully read the provided statement along with the extracted Semantic ambiguity segment and the reasoning behind why the extracted text segment is considered ambiguous. Based on the information, generate clear and concise clarification questions aimed at addressing the Semantic ambiguity in the extracted text segment; include all generated clarifying questions in a single comma-separated list. Make sure to have all elements of the list in quotation marks.
Demonstrations are provided for clarity. Each demonstration is separated by the trigger word # END. Inside each demonstration, the statement, reason, extracted segment, and clarifying questions are separated using the trigger word ####. Strictly follow the provided demonstration.
Statement: Request Number - 6077 | Request Title - Update libphonenumber to >=8.2.0 (Cannot send SMS to my mobile provider) | Request Description - I have:   searched open and closed issues for duplicates  read https://github.com/WhisperSystems/Signal-Android/wiki/Submitting-useful-bug-reports  Bug description. My friend made me aware of this as I'm never checking my account status via SMS, but it doesn't work for me neither. To check our account status, we have to send an SMS message to 13977, but Signal fails to deliver it. I tried sending it through the native Oneplus SMS app and it goes through just fine, with an immediate response. I can send an SMS to other people, though, so it has something to do with that number. (Signal adds +385 to it for Croatia, maybe that's it?) Steps to reproduce.  send an SMS to my provider through Signal Actual result: it doesn't go through, ""Failed to send"", ""Some issues need your attention."" Expected result: Message should go through and I should get a response. Device info. Device: OnePlus3T Android version: 7.0 Signal version: 3.27.1 Link to debug log. https://gist.github.com/anonymous/f656572561ea3a91d0f4bbdeb98e587b
####
Reason: The pronoun 'it' could point to multiple noun phrases earlier in the sentence, creating multiple possible meanings.
####
Extracted Semantic ambiguity segment: it.
####
Clarifying Question(s): ['When you wrote ""Signal fails to deliver it"", does \'it\' refer to ""an SMS message to 13977"", ""our account status"", or something else?']
# END
Statement: Request Number - 604 | Request Title - Number registration (for push messaging) doesn't work with Google Voice | Request Description - The new push based TextSecure doesn't seem to like using Google Voice numbers (which are then forwarded to my phone's real number via SMS).  Although there are of course privacy downsides associated with letting Google see all of your incoming/outgoing SMS data, there are also serious privacy harms associated with letting people know your actual phone number, rather than a number that will just forward texts to you* The first step of the TextSecure number registration process (""Connecting"") works fine. An incoming text message with the verification code is received by the default Android SMS app, but TextSecure doesn't catch it. Thankfully, after 2 minutes of waiting, I am given the opportunity verify by voice, which does work.
####
Reason: The pronoun 'it' can refer to two different targets in the sentence, changing the nature of the problem based on the interpretation.
####
Extracted Semantic ambiguity segment: it.
####
Clarifying Question(s): ['When you wrote ""TextSecure doesn\'t catch it"", do you mean ""TextSecure doesn\'t catch the message"", ""TextSecure doesn\'t catch the verification code"", or something else?']
# END
Statement: Request Number - 1504 | Request Title - Notification Color for Individual Contacts or Groups | Request Description - how about we edit this one too?  or just delete it..... üôà
####
Reason: It is unclear how the different noun phrases (notification color, individual contacts, groups) associate with one another in a collective/distributive sense, creating multiple possible interpretations.
####
Extracted Semantic ambiguity segment: Notification Color for Individual Contacts or Groups
####
Clarifying Question(s): ['When writing ""notification color for individual contacts or groups"", are you suggesting one color for all individual contacts and one different color for all group messages, one different color for each individual and group, one color for all individual contact and group message notifications (to differentiate user communications from system or other types of notifications), or something else?']
# END
Request Number - 801 | Request Title - Feature request: Mute Group (or any user) | Request Description - Sometimes friends in a group are discussing something I'm not interested in and my phone would go nuts vibrating and ringing all the time. A ""Mute for X minutes/hours"" feature would be awesome.
####
Reason: The word ""any"" can have a specific or non-specific meaning, affecting the scope implied by the term and creating multiple possible meanings.
####
Extracted Semantic ambiguity segment: any
####
Clarifying Question(s): ","""When you wrote 'Mute Group (or any user)', does 'any user' refer to all users within a specific group, to individual users not necessarily in a group, or to something else?""","['When you wrote ""Mute Group (or any user)"", does ""any user"" refer to muting only users within the group, or does it mean you can mute any user regardless of group membership, or is it something else?']","[""When you say 'mute group (or any user)', does 'any' refer to muting each individual user within a group irrespective of the group itself, the ability to mute any user across different groups, selectively muting specific users within a group, or is there another intended meaning?""]","['When you say ""mute group (or any user)"", do you mean any specific user within a group, any user including both group members and individual contacts, or a different scope altogether?']","['When you write ""Mute Group (or any user)"", do you mean that the feature should allow muting any user within a group individually, muting any user irrespective of them being in a group or not, or something else?']","['When you wrote ""Mute Group (or any user)"", does ""any"" refer to muting a specific user of your choice, muting all users indiscriminately, or something else?']","['When you wrote ""Mute Group (or any user)"", does ""any user"" refer to muting a specific user within a group, muting any user outside of groups, or does it imply muting all users including those in groups?']","['When you wrote ""Mute Group (or any user)"", does ""any"" refer to muting a specific user within the group, muting all users equally, or allowing the option to selectively mute any user on an individual basis outside of the group context?']","[""When you mention 'mute group (or any user)', does 'any' refer to any user within a specific group, any user across all groups, or any user in general regardless of the group context?""]","['When you use the term ""any user"" in ""Mute Group (or any user)"", are you referring to the ability to mute specific individual users, mute all users in any group, mute users individually rather than collectively in a group, or something else?']"
38,38,757-Signal,"Request Number - 757 | Request Title - different notification settings for group chats | Request Description - It would be very nice to be able to change the notification settings for goups independently from other (personal) chats, as group chats might have a lower priority for the user.",notification settings for goups,"When you wrote ""notification settings for all goups"", did you mean notification settings for all groups together, notification settings for each group individually, or something else?","['When you wrote ""notification settings for all goups"", did you mean notification settings for all groups together, notification settings for each group individually, or something else?']","Semantic ambiguity: a sentence has more than one way of reading it within its context, although it contains no lexical or syntactic ambiguity. Semantic ambiguity can be viewed as ambiguity with respect to the logical form, usually expressed in predicate logic, of a sentence.
You are a software analyst specializing in Semantic ambiguity resolution in GitHub feature requests.
Carefully read the provided statement along with the extracted Semantic ambiguity segment and the reasoning behind why the extracted text segment is considered ambiguous. Based on the information, generate clear and concise clarification questions aimed at addressing the Semantic ambiguity in the extracted text segment; include all generated clarifying questions in a single comma-separated list. Make sure to have all elements of the list in quotation marks.
Demonstrations are provided for clarity. Each demonstration is separated by the trigger word # END. Inside each demonstration, the statement, reason, extracted segment, and clarifying questions are separated using the trigger word ####. Strictly follow the provided demonstration.
Statement: Request Number - 6077 | Request Title - Update libphonenumber to >=8.2.0 (Cannot send SMS to my mobile provider) | Request Description - I have:   searched open and closed issues for duplicates  read https://github.com/WhisperSystems/Signal-Android/wiki/Submitting-useful-bug-reports  Bug description. My friend made me aware of this as I'm never checking my account status via SMS, but it doesn't work for me neither. To check our account status, we have to send an SMS message to 13977, but Signal fails to deliver it. I tried sending it through the native Oneplus SMS app and it goes through just fine, with an immediate response. I can send an SMS to other people, though, so it has something to do with that number. (Signal adds +385 to it for Croatia, maybe that's it?) Steps to reproduce.  send an SMS to my provider through Signal Actual result: it doesn't go through, ""Failed to send"", ""Some issues need your attention."" Expected result: Message should go through and I should get a response. Device info. Device: OnePlus3T Android version: 7.0 Signal version: 3.27.1 Link to debug log. https://gist.github.com/anonymous/f656572561ea3a91d0f4bbdeb98e587b
####
Reason: The pronoun 'it' could point to multiple noun phrases earlier in the sentence, creating multiple possible meanings.
####
Extracted Semantic ambiguity segment: it.
####
Clarifying Question(s): ['When you wrote ""Signal fails to deliver it"", does \'it\' refer to ""an SMS message to 13977"", ""our account status"", or something else?']
# END
Statement: Request Number - 604 | Request Title - Number registration (for push messaging) doesn't work with Google Voice | Request Description - The new push based TextSecure doesn't seem to like using Google Voice numbers (which are then forwarded to my phone's real number via SMS).  Although there are of course privacy downsides associated with letting Google see all of your incoming/outgoing SMS data, there are also serious privacy harms associated with letting people know your actual phone number, rather than a number that will just forward texts to you* The first step of the TextSecure number registration process (""Connecting"") works fine. An incoming text message with the verification code is received by the default Android SMS app, but TextSecure doesn't catch it. Thankfully, after 2 minutes of waiting, I am given the opportunity verify by voice, which does work.
####
Reason: The pronoun 'it' can refer to two different targets in the sentence, changing the nature of the problem based on the interpretation.
####
Extracted Semantic ambiguity segment: it.
####
Clarifying Question(s): ['When you wrote ""TextSecure doesn\'t catch it"", do you mean ""TextSecure doesn\'t catch the message"", ""TextSecure doesn\'t catch the verification code"", or something else?']
# END
Statement: Request Number - 1504 | Request Title - Notification Color for Individual Contacts or Groups | Request Description - how about we edit this one too?  or just delete it..... üôà
####
Reason: It is unclear how the different noun phrases (notification color, individual contacts, groups) associate with one another in a collective/distributive sense, creating multiple possible interpretations.
####
Extracted Semantic ambiguity segment: Notification Color for Individual Contacts or Groups
####
Clarifying Question(s): ['When writing ""notification color for individual contacts or groups"", are you suggesting one color for all individual contacts and one different color for all group messages, one different color for each individual and group, one color for all individual contact and group message notifications (to differentiate user communications from system or other types of notifications), or something else?']
# END
Request Number - 757 | Request Title - different notification settings for group chats | Request Description - It would be very nice to be able to change the notification settings for goups independently from other (personal) chats, as group chats might have a lower priority for the user.
####
Reason: The interaction between the term ""settings"" and the plural ""groups"" can be interpreted as having the collective scope of ""all groups"" or the distributive scope of ""each group"", which creates multiple possible interpretations.
####
Extracted Semantic ambiguity segment: notification settings for goups
####
Clarifying Question(s): ","['When writing ""notification settings for goups"", are you referring to one set of notification settings that apply to all group chats collectively, individual notification settings that can be customized for each group chat separately, or something else?']","[""When you mentioned 'notification settings for groups', are you proposing to have one universal setting applicable to all group chats or the ability to set different notification preferences for each individual group chat?""]","['When you mention ""notification settings for goups"", are you referring to having the same notification settings apply to all group chats collectively, different settings for each group chat individually, or something else?']","""When mentioning 'notification settings for groups', are you suggesting a single set of notification settings that applies to all group chats, different settings for each individual group chat, or something else?""","['When you mention ""notification settings for groups"", are you referring to having one set of notification settings that applies to all group chats collectively, different notification settings for each group independently, or something else?']","['When you mention ""notification settings for groups"", are you referring to having one set of notification settings that applies to all group chats collectively, or do you mean to have different notification settings for each individual group chat?']","""When you wrote 'notification settings for groups', do you mean having one set of notification settings that applies to all group chats collectively, or being able to set different notification settings for each group chat individually?""","['When you wrote ""notification settings for goups"", do you mean having one set of notification settings that applies to all group chats collectively, or are you suggesting having the ability to set different notification settings for each group chat individually?']","['When you mention ""notification settings for groups"", are you referring to having one set of notification settings for all group chats collectively or different notification settings for each group chat individually?']","""Are you suggesting different notification settings that apply collectively to all groups at once, or are you asking for the ability to customize notification settings for each group independently?"""
39,39,1407-Signal,"Request Number - 1407 | Request Title - textsecure not an option when ""sharing"" an address book contact | Request Description - TextSecure is not an option when attempting to share a contact from the address book, in Android 4.4.2 when i select ""messaging"" it tells me ""messaging"" is not the default sms app. This would be a nice feature to have added to the app.",it,"When you wrote ""it tells me"", does ""it"" refer to TextSecure, the Android OS, or something else?","['When you wrote ""it tells me"", does ""it"" refer to TextSecure, the Android OS, or something else?']","Semantic ambiguity: a sentence has more than one way of reading it within its context, although it contains no lexical or syntactic ambiguity. Semantic ambiguity can be viewed as ambiguity with respect to the logical form, usually expressed in predicate logic, of a sentence.
You are a software analyst specializing in Semantic ambiguity resolution in GitHub feature requests.
Carefully read the provided statement along with the extracted Semantic ambiguity segment and the reasoning behind why the extracted text segment is considered ambiguous. Based on the information, generate clear and concise clarification questions aimed at addressing the Semantic ambiguity in the extracted text segment; include all generated clarifying questions in a single comma-separated list. Make sure to have all elements of the list in quotation marks.
Demonstrations are provided for clarity. Each demonstration is separated by the trigger word # END. Inside each demonstration, the statement, reason, extracted segment, and clarifying questions are separated using the trigger word ####. Strictly follow the provided demonstration.
Statement: Request Number - 6077 | Request Title - Update libphonenumber to >=8.2.0 (Cannot send SMS to my mobile provider) | Request Description - I have:   searched open and closed issues for duplicates  read https://github.com/WhisperSystems/Signal-Android/wiki/Submitting-useful-bug-reports  Bug description. My friend made me aware of this as I'm never checking my account status via SMS, but it doesn't work for me neither. To check our account status, we have to send an SMS message to 13977, but Signal fails to deliver it. I tried sending it through the native Oneplus SMS app and it goes through just fine, with an immediate response. I can send an SMS to other people, though, so it has something to do with that number. (Signal adds +385 to it for Croatia, maybe that's it?) Steps to reproduce.  send an SMS to my provider through Signal Actual result: it doesn't go through, ""Failed to send"", ""Some issues need your attention."" Expected result: Message should go through and I should get a response. Device info. Device: OnePlus3T Android version: 7.0 Signal version: 3.27.1 Link to debug log. https://gist.github.com/anonymous/f656572561ea3a91d0f4bbdeb98e587b
####
Reason: The pronoun 'it' could point to multiple noun phrases earlier in the sentence, creating multiple possible meanings.
####
Extracted Semantic ambiguity segment: it.
####
Clarifying Question(s): ['When you wrote ""Signal fails to deliver it"", does \'it\' refer to ""an SMS message to 13977"", ""our account status"", or something else?']
# END
Statement: Request Number - 604 | Request Title - Number registration (for push messaging) doesn't work with Google Voice | Request Description - The new push based TextSecure doesn't seem to like using Google Voice numbers (which are then forwarded to my phone's real number via SMS).  Although there are of course privacy downsides associated with letting Google see all of your incoming/outgoing SMS data, there are also serious privacy harms associated with letting people know your actual phone number, rather than a number that will just forward texts to you* The first step of the TextSecure number registration process (""Connecting"") works fine. An incoming text message with the verification code is received by the default Android SMS app, but TextSecure doesn't catch it. Thankfully, after 2 minutes of waiting, I am given the opportunity verify by voice, which does work.
####
Reason: The pronoun 'it' can refer to two different targets in the sentence, changing the nature of the problem based on the interpretation.
####
Extracted Semantic ambiguity segment: it.
####
Clarifying Question(s): ['When you wrote ""TextSecure doesn\'t catch it"", do you mean ""TextSecure doesn\'t catch the message"", ""TextSecure doesn\'t catch the verification code"", or something else?']
# END
Statement: Request Number - 1504 | Request Title - Notification Color for Individual Contacts or Groups | Request Description - how about we edit this one too?  or just delete it..... üôà
####
Reason: It is unclear how the different noun phrases (notification color, individual contacts, groups) associate with one another in a collective/distributive sense, creating multiple possible interpretations.
####
Extracted Semantic ambiguity segment: Notification Color for Individual Contacts or Groups
####
Clarifying Question(s): ['When writing ""notification color for individual contacts or groups"", are you suggesting one color for all individual contacts and one different color for all group messages, one different color for each individual and group, one color for all individual contact and group message notifications (to differentiate user communications from system or other types of notifications), or something else?']
# END
Request Number - 1407 | Request Title - textsecure not an option when ""sharing"" an address book contact | Request Description - TextSecure is not an option when attempting to share a contact from the address book, in Android 4.4.2 when i select ""messaging"" it tells me ""messaging"" is not the default sms app. This would be a nice feature to have added to the app.
####
Reason: The pronoun ""it"" can point to multiple possible targets in the sentence, creating multiple interpretations.
####
Extracted Semantic ambiguity segment: it
####
Clarifying Question(s): ","['When you wrote ""it tells me \'messaging\' is not the default sms app"", does \'it\' refer to the Android system, TextSecure, or another application?']","['When you wrote ""it tells me \'messaging\' is not the default sms app"", does \'it\' refer to the action of selecting ""messaging"", the operating system, TextSecure, or something else?']","['When you wrote ""it tells me \'messaging\' is not the default sms app"", does \'it\' refer to ""Android 4.4.2"", ""messaging"", or something else?']","['When you mentioned ""it tells me \'messaging\' is not the default SMS app"", does \'it\' refer to ""Android 4.4.2"", ""address book"", ""TextSecure"", or something else?']","[""When you wrote 'it tells me \""messaging\"" is not the default sms app,' does 'it' refer to the Android system, the address book application, the TextSecure app, or something else?""]","[""When you wrote 'it tells me \""messaging\"" is not the default sms app', does 'it' refer to the action of selecting 'messaging', the behavior of the 'messaging' app itself, or something else?""]","['When you wrote ""it tells me \'messaging\' is not the default sms app"", does \'it\' refer to ""the Android system"", ""the address book app"", ""TextSecure"", or something else?']","['When you wrote ""it tells me \'messaging\' is not the default sms app"", does ""it"" refer to ""Android 4.4.2"", the ""address book"", ""TextSecure"", or something else?']","['In the sentence ""when I select \'messaging\' it tells me \'messaging\' is not the default sms app"", does ""it"" refer to ""TextSecure"", ""the Android operating system"", or something else?']","['When you wrote ""it tells me \'messaging\' is not the default sms app"", does \'it\' refer to ""Android"", ""TextSecure"", ""messaging"", or something else?']"
40,40,2055-Signal,"Request Number - 2055 | Request Title - use delivery receipts to show message received time for outgoing messages | Request Description - After long pressing on a message and selecting the info button, the message details are shown. This includes the sent and received times for incoming messages. For outgoing messages, in contrast, only one Sent/Received time is displayed, probably containing sent time. Now that delivery receipts are implemented, it would be possible to display the received time for outgoing messages (by taking the sent time from the receipt). Or to make it more precise, let the receipt message piggybag the real received time. This would make the user interface more consistent. When this is rejected for some reasons, I suggest renaming the ""Sent/Received"" label for outgoing messages to ""Sent"" because this is what it really is about.","only one Sent/Received time is displayed,",What time receipt is shown for an outgoing message?,['What time receipt is shown for an outgoing message?'],"Semantic ambiguity: a sentence has more than one way of reading it within its context, although it contains no lexical or syntactic ambiguity. Semantic ambiguity can be viewed as ambiguity with respect to the logical form, usually expressed in predicate logic, of a sentence.
You are a software analyst specializing in Semantic ambiguity resolution in GitHub feature requests.
Carefully read the provided statement along with the extracted Semantic ambiguity segment and the reasoning behind why the extracted text segment is considered ambiguous. Based on the information, generate clear and concise clarification questions aimed at addressing the Semantic ambiguity in the extracted text segment; include all generated clarifying questions in a single comma-separated list. Make sure to have all elements of the list in quotation marks.
Demonstrations are provided for clarity. Each demonstration is separated by the trigger word # END. Inside each demonstration, the statement, reason, extracted segment, and clarifying questions are separated using the trigger word ####. Strictly follow the provided demonstration.
Statement: Request Number - 6077 | Request Title - Update libphonenumber to >=8.2.0 (Cannot send SMS to my mobile provider) | Request Description - I have:   searched open and closed issues for duplicates  read https://github.com/WhisperSystems/Signal-Android/wiki/Submitting-useful-bug-reports  Bug description. My friend made me aware of this as I'm never checking my account status via SMS, but it doesn't work for me neither. To check our account status, we have to send an SMS message to 13977, but Signal fails to deliver it. I tried sending it through the native Oneplus SMS app and it goes through just fine, with an immediate response. I can send an SMS to other people, though, so it has something to do with that number. (Signal adds +385 to it for Croatia, maybe that's it?) Steps to reproduce.  send an SMS to my provider through Signal Actual result: it doesn't go through, ""Failed to send"", ""Some issues need your attention."" Expected result: Message should go through and I should get a response. Device info. Device: OnePlus3T Android version: 7.0 Signal version: 3.27.1 Link to debug log. https://gist.github.com/anonymous/f656572561ea3a91d0f4bbdeb98e587b
####
Reason: The pronoun 'it' could point to multiple noun phrases earlier in the sentence, creating multiple possible meanings.
####
Extracted Semantic ambiguity segment: it.
####
Clarifying Question(s): ['When you wrote ""Signal fails to deliver it"", does \'it\' refer to ""an SMS message to 13977"", ""our account status"", or something else?']
# END
Statement: Request Number - 604 | Request Title - Number registration (for push messaging) doesn't work with Google Voice | Request Description - The new push based TextSecure doesn't seem to like using Google Voice numbers (which are then forwarded to my phone's real number via SMS).  Although there are of course privacy downsides associated with letting Google see all of your incoming/outgoing SMS data, there are also serious privacy harms associated with letting people know your actual phone number, rather than a number that will just forward texts to you* The first step of the TextSecure number registration process (""Connecting"") works fine. An incoming text message with the verification code is received by the default Android SMS app, but TextSecure doesn't catch it. Thankfully, after 2 minutes of waiting, I am given the opportunity verify by voice, which does work.
####
Reason: The pronoun 'it' can refer to two different targets in the sentence, changing the nature of the problem based on the interpretation.
####
Extracted Semantic ambiguity segment: it.
####
Clarifying Question(s): ['When you wrote ""TextSecure doesn\'t catch it"", do you mean ""TextSecure doesn\'t catch the message"", ""TextSecure doesn\'t catch the verification code"", or something else?']
# END
Statement: Request Number - 1504 | Request Title - Notification Color for Individual Contacts or Groups | Request Description - how about we edit this one too?  or just delete it..... üôà
####
Reason: It is unclear how the different noun phrases (notification color, individual contacts, groups) associate with one another in a collective/distributive sense, creating multiple possible interpretations.
####
Extracted Semantic ambiguity segment: Notification Color for Individual Contacts or Groups
####
Clarifying Question(s): ['When writing ""notification color for individual contacts or groups"", are you suggesting one color for all individual contacts and one different color for all group messages, one different color for each individual and group, one color for all individual contact and group message notifications (to differentiate user communications from system or other types of notifications), or something else?']
# END
Request Number - 2055 | Request Title - use delivery receipts to show message received time for outgoing messages | Request Description - After long pressing on a message and selecting the info button, the message details are shown. This includes the sent and received times for incoming messages. For outgoing messages, in contrast, only one Sent/Received time is displayed, probably containing sent time. Now that delivery receipts are implemented, it would be possible to display the received time for outgoing messages (by taking the sent time from the receipt). Or to make it more precise, let the receipt message piggybag the real received time. This would make the user interface more consistent. When this is rejected for some reasons, I suggest renaming the ""Sent/Received"" label for outgoing messages to ""Sent"" because this is what it really is about.
####
Reason: There are quantifiers ""only one"" and also ""/"" in the sentence. In this case, sent/received can be interpreted in two different ways: (1) sent or received. (2) sent and received as one token. 
####
Extracted Semantic ambiguity segment: only one Sent/Received time is displayed,
####
Clarifying Question(s): ","[""When you wrote 'only one Sent/Received time is displayed,' do you mean that the single time displayed refers solely to the sent time, or does it indicate a combined sent and received time?"", ""When saying 'Sent/Received,' are you suggesting that the label 'Sent/Received' could mean either 'Sent or Received' or a consolidated event termed 'Sent and Received'?""]","[""When stating 'only one Sent/Received time is displayed', do you mean 'only one Sent or Received time is displayed', 'only one time that represents both Sent and Received is displayed', or something else?""]","['When mentioning ""only one Sent/Received time is displayed,"" do you mean that only the ""sent time"" (as distinct from the ""received time"") is shown, or do you mean that the ""Sent/Received"" time is displayed as a single combined entity?']","['When mentioning ""only one Sent/Received time is displayed,"" do you mean that there is only one time shown which could represent either sent or received time, or that there is only one combined sent and received time shown as a single entry?']","[""When you mention 'only one Sent/Received time is displayed,' are you indicating that the displayed time corresponds to either 'Sent' or 'Received,' or are you suggesting it represents 'Sent/Received' as a single token or label?""]","[""When you mention 'only one Sent/Received time is displayed,' do you mean that there is only one timestamp that could be either sent or received, or do you mean that there is a combined timestamp labeled as Sent/Received?"", ""Does 'Sent/Received' refer to two separate events where only one is displayed, or is it a single event represented by a unified label?""]","[""When you mentioned 'only one Sent/Received time is displayed,' do you mean there is only a time displayed for either 'sent' or 'received,' or do you mean there is a single token combining both 'sent' and 'received' times being displayed together?""]","['When writing ""only one Sent/Received time is displayed,"" do you mean that Sent and Received are considered as a single combined time, or do you mean only one of either Sent or Received time is displayed?']","[""When you mention 'only one Sent/Received time is displayed,' do you mean that either the sent time or the received time is displayed (but not both), or do you mean that a single label 'Sent/Received' represents both times as one item?""]","[""When you wrote 'only one Sent/Received time is displayed,' do you mean that only the Sent time is displayed for outgoing messages, or that the Sent and Received times are combined into a single token?""]"
41,41,2055-Signal,"Request Number - 2055 | Request Title - use delivery receipts to show message received time for outgoing messages | Request Description - After long pressing on a message and selecting the info button, the message details are shown. This includes the sent and received times for incoming messages. For outgoing messages, in contrast, only one Sent/Received time is displayed, probably containing sent time. Now that delivery receipts are implemented, it would be possible to display the received time for outgoing messages (by taking the sent time from the receipt). Or to make it more precise, let the receipt message piggybag the real received time. This would make the user interface more consistent. When this is rejected for some reasons, I suggest renaming the ""Sent/Received"" label for outgoing messages to ""Sent"" because this is what it really is about.",it,"What do you mean by ""it"" when you stated, ""because this is what it really is about""?","['What do you mean by ""it"" when you stated, ""because this is what it really is about""?']","Semantic ambiguity: a sentence has more than one way of reading it within its context, although it contains no lexical or syntactic ambiguity. Semantic ambiguity can be viewed as ambiguity with respect to the logical form, usually expressed in predicate logic, of a sentence.
You are a software analyst specializing in Semantic ambiguity resolution in GitHub feature requests.
Carefully read the provided statement along with the extracted Semantic ambiguity segment and the reasoning behind why the extracted text segment is considered ambiguous. Based on the information, generate clear and concise clarification questions aimed at addressing the Semantic ambiguity in the extracted text segment; include all generated clarifying questions in a single comma-separated list. Make sure to have all elements of the list in quotation marks.
Demonstrations are provided for clarity. Each demonstration is separated by the trigger word # END. Inside each demonstration, the statement, reason, extracted segment, and clarifying questions are separated using the trigger word ####. Strictly follow the provided demonstration.
Statement: Request Number - 6077 | Request Title - Update libphonenumber to >=8.2.0 (Cannot send SMS to my mobile provider) | Request Description - I have:   searched open and closed issues for duplicates  read https://github.com/WhisperSystems/Signal-Android/wiki/Submitting-useful-bug-reports  Bug description. My friend made me aware of this as I'm never checking my account status via SMS, but it doesn't work for me neither. To check our account status, we have to send an SMS message to 13977, but Signal fails to deliver it. I tried sending it through the native Oneplus SMS app and it goes through just fine, with an immediate response. I can send an SMS to other people, though, so it has something to do with that number. (Signal adds +385 to it for Croatia, maybe that's it?) Steps to reproduce.  send an SMS to my provider through Signal Actual result: it doesn't go through, ""Failed to send"", ""Some issues need your attention."" Expected result: Message should go through and I should get a response. Device info. Device: OnePlus3T Android version: 7.0 Signal version: 3.27.1 Link to debug log. https://gist.github.com/anonymous/f656572561ea3a91d0f4bbdeb98e587b
####
Reason: The pronoun 'it' could point to multiple noun phrases earlier in the sentence, creating multiple possible meanings.
####
Extracted Semantic ambiguity segment: it.
####
Clarifying Question(s): ['When you wrote ""Signal fails to deliver it"", does \'it\' refer to ""an SMS message to 13977"", ""our account status"", or something else?']
# END
Statement: Request Number - 604 | Request Title - Number registration (for push messaging) doesn't work with Google Voice | Request Description - The new push based TextSecure doesn't seem to like using Google Voice numbers (which are then forwarded to my phone's real number via SMS).  Although there are of course privacy downsides associated with letting Google see all of your incoming/outgoing SMS data, there are also serious privacy harms associated with letting people know your actual phone number, rather than a number that will just forward texts to you* The first step of the TextSecure number registration process (""Connecting"") works fine. An incoming text message with the verification code is received by the default Android SMS app, but TextSecure doesn't catch it. Thankfully, after 2 minutes of waiting, I am given the opportunity verify by voice, which does work.
####
Reason: The pronoun 'it' can refer to two different targets in the sentence, changing the nature of the problem based on the interpretation.
####
Extracted Semantic ambiguity segment: it.
####
Clarifying Question(s): ['When you wrote ""TextSecure doesn\'t catch it"", do you mean ""TextSecure doesn\'t catch the message"", ""TextSecure doesn\'t catch the verification code"", or something else?']
# END
Statement: Request Number - 1504 | Request Title - Notification Color for Individual Contacts or Groups | Request Description - how about we edit this one too?  or just delete it..... üôà
####
Reason: It is unclear how the different noun phrases (notification color, individual contacts, groups) associate with one another in a collective/distributive sense, creating multiple possible interpretations.
####
Extracted Semantic ambiguity segment: Notification Color for Individual Contacts or Groups
####
Clarifying Question(s): ['When writing ""notification color for individual contacts or groups"", are you suggesting one color for all individual contacts and one different color for all group messages, one different color for each individual and group, one color for all individual contact and group message notifications (to differentiate user communications from system or other types of notifications), or something else?']
# END
Request Number - 2055 | Request Title - use delivery receipts to show message received time for outgoing messages | Request Description - After long pressing on a message and selecting the info button, the message details are shown. This includes the sent and received times for incoming messages. For outgoing messages, in contrast, only one Sent/Received time is displayed, probably containing sent time. Now that delivery receipts are implemented, it would be possible to display the received time for outgoing messages (by taking the sent time from the receipt). Or to make it more precise, let the receipt message piggybag the real received time. This would make the user interface more consistent. When this is rejected for some reasons, I suggest renaming the ""Sent/Received"" label for outgoing messages to ""Sent"" because this is what it really is about.
####
Reason: ""it"" can refer to two references in the same sentence. 
####
Extracted Semantic ambiguity segment: it
####
Clarifying Question(s): ","[""When you wrote 'it would be possible to display the received time for outgoing messages', does 'it' refer to 'displaying the received time', 'taking the sent time from the receipt', or something else?""]","[""In the sentence 'Now that delivery receipts are implemented, it would be possible...', does 'it' refer to 'displaying the received time for outgoing messages' or 'taking the sent time from the receipt'?""]","[""In the sentence 'Now that delivery receipts are implemented, it would be possible to display the received time for outgoing messages,' does 'it' refer to 'the implementation of delivery receipts' or 'displaying the received time'?"", ""In the sentence 'Or to make it more precise, let the receipt message piggyback the real received time,' does 'it' refer to 'the receipt message' or 'the action of piggybacking the real received time'?""]","['When you mentioned ""it would be possible to display the received time for outgoing messages"", does \'it\' refer to ""using delivery receipts to show message received time"" or ""renaming the \'Sent/Received\' label for outgoing messages to \'Sent\'""?']","['In the sentence ""only one Sent/Received time is displayed, probably containing sent time,"" does ""it"" refer to ""one Sent/Received time,"" or does ""it"" refer to ""sent time""?']","[""In the passage 'it would be possible to display the received time for outgoing messages,' does 'it' refer to 'the use of delivery receipts,' 'the current system capability,' or something else?""]","['When you wrote ""it would be possible to display the received time for outgoing messages"", does \'it\' refer to ""using the delivery receipts to determine the time"" or something else?']","[""When you wrote 'it would be possible to display the received time for outgoing messages', does 'it' refer to 'using delivery receipts', 'the message details view', or something else?""]","['In the sentence ""Or to make it more precise, let the receipt message piggybag the real received time"", does ""it"" refer to ""the receipt message"" or ""the real received time""?']","['When you wrote ""it would be possible to display the received time for outgoing messages"", does \'it\' refer to ""taking the sent time from the receipt"", ""making the user interface more consistent"", or something else?']"
