,Unnamed: 0,RequestNumAppName,FeatureRequest,TextAnnotation-GT,Questions,Questions-List,PromptForGeneration,Prediction-Repetition-0,Prediction-Repetition-1,Prediction-Repetition-2,Prediction-Repetition-3,Prediction-Repetition-4,Prediction-Repetition-5,Prediction-Repetition-6,Prediction-Repetition-7,Prediction-Repetition-8,Prediction-Repetition-9
0,0,757-Signal,"Request Number - 757 | Request Title - different notification settings for group chats | Request Description - It would be very nice to be able to change the notification settings for goups independently from other (personal) chats, as group chats might have a lower priority for the user.",notification settings for goups,"When you wrote ""notification settings for all goups"", did you mean notification settings for all groups together, notification settings for each group individually, or something else?","['When you wrote ""notification settings for all goups"", did you mean notification settings for all groups together, notification settings for each group individually, or something else?']","Semantic ambiguity: a sentence has more than one way of reading it within its context, although it contains no lexical or syntactic ambiguity. Semantic ambiguity can be viewed as ambiguity with respect to the logical form, usually expressed in predicate logic, of a sentence.
You are a software analyst specializing in Semantic ambiguity resolution in GitHub feature requests.
Carefully read the provided statement along with the extracted Semantic ambiguity segment and the reasoning behind why the extracted text segment is considered ambiguous. Based on the information, generate clear and concise clarification questions aimed at addressing the Semantic ambiguity in the extracted text segment; include all generated clarifying questions in a single comma-separated list. Make sure to have all elements of the list in quotation marks.
Demonstrations are provided for clarity. Each demonstration is separated by the trigger word # END. Inside each demonstration, the statement, reason, extracted segment, and clarifying questions are separated using the trigger word ####. Strictly follow the provided demonstration.
Statement: Request Number - 1504 | Request Title - Notification Color for Individual Contacts or Groups | Request Description - how about we edit this one too?  or just delete it..... üôà
####
Reason: It is unclear how the different noun phrases (notification color, individual contacts, groups) associate with one another in a collective/distributive sense, creating multiple possible interpretations.
####
Extracted Semantic ambiguity segment: Notification Color for Individual Contacts or Groups
####
Clarifying Question(s): ['When writing ""notification color for individual contacts or groups"", are you suggesting one color for all individual contacts and one different color for all group messages, one different color for each individual and group, one color for all individual contact and group message notifications (to differentiate user communications from system or other types of notifications), or something else?']
# END
Statement: Request Number - 1407 | Request Title - textsecure not an option when ""sharing"" an address book contact | Request Description - TextSecure is not an option when attempting to share a contact from the address book, in Android 4.4.2 when i select ""messaging"" it tells me ""messaging"" is not the default sms app. This would be a nice feature to have added to the app.
####
Reason: The pronoun ""it"" can point to multiple possible targets in the sentence, creating multiple interpretations.
####
Extracted Semantic ambiguity segment: it
####
Clarifying Question(s): ['When you wrote ""it tells me"", does ""it"" refer to TextSecure, the Android OS, or something else?']
# END
Statement: Request Number - 555 | Request Title - Not working in dual sim phone | Request Description - My friend has a dual sim Lava iris 405 and i have samsung galaxy s3. we both have installed the TextSecure when i start secure session, it sends Key exchange message and its received in my friends. After that it says Received and processed key exchange message but he is unable to send me any message, it says error sending. i know its giving problem because its a dual sim phone, text secure app is not able to send sms from particular sim and giving this error. Is dual sim phone supported by textSecure?
####
Reason: It is unclear whether the indefinite noun phrase ""particular sim"" is intended to be specific or non-specific, creating multiple possible interpretations.
####
Extracted Semantic ambiguity segment: particular sim
####
Clarifying Question(s): ['When you say the app is not able to send from a particular SIM, do you mean it cannot send from a specific SIM, it cannot send from either SIM interchangeably, or something else?']
# END
Request Number - 757 | Request Title - different notification settings for group chats | Request Description - It would be very nice to be able to change the notification settings for goups independently from other (personal) chats, as group chats might have a lower priority for the user.
####
Reason: The interaction between the term ""settings"" and the plural ""groups"" can be interpreted as having the collective scope of ""all groups"" or the distributive scope of ""each group"", which creates multiple possible interpretations.
####
Extracted Semantic ambiguity segment: notification settings for goups
####
Clarifying Question(s): ","""When you mention 'notification settings for groups', are you suggesting one unified setting for all group chats collectively, individual settings for each group chat independently, or something else?""","['When you mention ""notification settings for groups"", are you suggesting one set of notification settings that applies collectively to all group chats, different notification settings that can be customized for each individual group chat, or something else?']","""When you mention 'notification settings for groups', are you suggesting having the same settings applied to all group chats collectively, or having the ability to set different notification settings for each individual group chat?""","['When referring to ""notification settings for groups"", do you mean having one set of settings that applies to all group chats collectively, having the ability to customize settings for each group chat individually, or something else?']","['When writing ""notification settings for groups"", are you suggesting one set of notification settings that apply to all groups collectively, different settings for each group individually, or something else?']","['When referring to ""notification settings for groups"", are you suggesting a single notification setting that applies collectively to all group chats, different settings for each individual group chat, or something else?']","""When referring to 'notification settings for groups', are you suggesting the same notification settings apply to all group chats collectively, or should each group chat have its own individual notification settings?""","['When you mention ""notification settings for groups"", do you mean having one set of notification settings that apply to all group chats collectively, or do you want the ability to set notification settings individually for each group chat?']","['When you mention ""notification settings for groups"", are you suggesting a single set of notification settings that apply to all groups collectively, different sets of notification settings for each individual group, or something else?']","""Are you requesting different notification settings for each individual group chat, a single set of notification settings applicable to all group chats collectively, or something else?"""
1,1,6069-Signal,"Request Number - 6069 | Request Title - Unread notification badges do not work on Huawei EMUI | Request Description - I have:   searched open and closed issues for duplicates  read https://github.com/WhisperSystems/Signal-Android/wiki/Submitting-useful-bug-reports  Bug description. I've installed Signal on a Honor 8 (made by Huawei) with EMUI 4.1 (Android 6.0). I've noticed that Signal receives notifications on new messages and they are also listed in the notification area, but the unread notifications badge on the app icon on the home screen is not shown. In Signal support articles there is mentioned, that badge icons are supported for some launchers, see https://support.whispersystems.org/hc/en-us/articles/215766077-How-can-I-see-my-unread-badge-count-What-launcher-should-I-use- So far I could not find out if this is a Signal or EMUI problem, but Threema and Conversations show the notification badges. Device info. Device: Honor 8 Android version: 6.0 Signal version: 3.26.2",they,"When you wrote ""they are also listed in the notification area"", does 'they' refer to 'notifications', 'messages', or something else?","['When you wrote ""they are also listed in the notification area"", does \'they\' refer to \'notifications\', \'messages\', or something else?']","Semantic ambiguity: a sentence has more than one way of reading it within its context, although it contains no lexical or syntactic ambiguity. Semantic ambiguity can be viewed as ambiguity with respect to the logical form, usually expressed in predicate logic, of a sentence.
You are a software analyst specializing in Semantic ambiguity resolution in GitHub feature requests.
Carefully read the provided statement along with the extracted Semantic ambiguity segment and the reasoning behind why the extracted text segment is considered ambiguous. Based on the information, generate clear and concise clarification questions aimed at addressing the Semantic ambiguity in the extracted text segment; include all generated clarifying questions in a single comma-separated list. Make sure to have all elements of the list in quotation marks.
Demonstrations are provided for clarity. Each demonstration is separated by the trigger word # END. Inside each demonstration, the statement, reason, extracted segment, and clarifying questions are separated using the trigger word ####. Strictly follow the provided demonstration.
Statement: Request Number - 1504 | Request Title - Notification Color for Individual Contacts or Groups | Request Description - how about we edit this one too?  or just delete it..... üôà
####
Reason: It is unclear how the different noun phrases (notification color, individual contacts, groups) associate with one another in a collective/distributive sense, creating multiple possible interpretations.
####
Extracted Semantic ambiguity segment: Notification Color for Individual Contacts or Groups
####
Clarifying Question(s): ['When writing ""notification color for individual contacts or groups"", are you suggesting one color for all individual contacts and one different color for all group messages, one different color for each individual and group, one color for all individual contact and group message notifications (to differentiate user communications from system or other types of notifications), or something else?']
# END
Statement: Request Number - 1407 | Request Title - textsecure not an option when ""sharing"" an address book contact | Request Description - TextSecure is not an option when attempting to share a contact from the address book, in Android 4.4.2 when i select ""messaging"" it tells me ""messaging"" is not the default sms app. This would be a nice feature to have added to the app.
####
Reason: The pronoun ""it"" can point to multiple possible targets in the sentence, creating multiple interpretations.
####
Extracted Semantic ambiguity segment: it
####
Clarifying Question(s): ['When you wrote ""it tells me"", does ""it"" refer to TextSecure, the Android OS, or something else?']
# END
Statement: Request Number - 555 | Request Title - Not working in dual sim phone | Request Description - My friend has a dual sim Lava iris 405 and i have samsung galaxy s3. we both have installed the TextSecure when i start secure session, it sends Key exchange message and its received in my friends. After that it says Received and processed key exchange message but he is unable to send me any message, it says error sending. i know its giving problem because its a dual sim phone, text secure app is not able to send sms from particular sim and giving this error. Is dual sim phone supported by textSecure?
####
Reason: It is unclear whether the indefinite noun phrase ""particular sim"" is intended to be specific or non-specific, creating multiple possible interpretations.
####
Extracted Semantic ambiguity segment: particular sim
####
Clarifying Question(s): ['When you say the app is not able to send from a particular SIM, do you mean it cannot send from a specific SIM, it cannot send from either SIM interchangeably, or something else?']
# END
Request Number - 6069 | Request Title - Unread notification badges do not work on Huawei EMUI | Request Description - I have:   searched open and closed issues for duplicates  read https://github.com/WhisperSystems/Signal-Android/wiki/Submitting-useful-bug-reports  Bug description. I've installed Signal on a Honor 8 (made by Huawei) with EMUI 4.1 (Android 6.0). I've noticed that Signal receives notifications on new messages and they are also listed in the notification area, but the unread notifications badge on the app icon on the home screen is not shown. In Signal support articles there is mentioned, that badge icons are supported for some launchers, see https://support.whispersystems.org/hc/en-us/articles/215766077-How-can-I-see-my-unread-badge-count-What-launcher-should-I-use- So far I could not find out if this is a Signal or EMUI problem, but Threema and Conversations show the notification badges. Device info. Device: Honor 8 Android version: 6.0 Signal version: 3.26.2
####
Reason: The pronoun ""they"" can point to two possible targets in the sentence, creating multiple possible interpretations.
####
Extracted Semantic ambiguity segment: they
####
Clarifying Question(s): ","""When you wrote 'they are also listed in the notification area', does 'they' refer to the notifications themselves or the unread notification badges?""","['When you mentioned ""they are also listed in the notification area,"" does ""they"" refer to the notifications on new messages, the unread notifications badge, or both?']","['In the sentence ""they are also listed in the notification area,"" does ""they"" refer to the notifications themselves or to the messages related to the notifications?']","['When you wrote ""they are also listed in the notification area,"" does ""they"" refer to the new messages or the notifications themselves?']","['When you say ""they are also listed in the notification area,"" does ""they"" refer to the notifications of new messages or something else?']","['When you mentioned ""they are also listed in the notification area,"" does ""they"" refer to the notifications themselves or to the unread messages?']","['When you mentioned ""they are also listed in the notification area,"" does ""they"" refer to the notifications themselves or to the new messages triggering the notifications?']","['In the statement ""they are also listed in the notification area"", does ""they"" refer to the new message notifications or something else?']","""When you mention 'they are also listed in the notification area,' does 'they' refer to the notifications themselves or to the unread messages associated with those notifications?""","['When you mention ""they are also listed in the notification area,"" does ""they"" refer to the notifications from Signal, the unread notifications badges, or something else?']"
2,2,2055-Signal,"Request Number - 2055 | Request Title - use delivery receipts to show message received time for outgoing messages | Request Description - After long pressing on a message and selecting the info button, the message details are shown. This includes the sent and received times for incoming messages. For outgoing messages, in contrast, only one Sent/Received time is displayed, probably containing sent time. Now that delivery receipts are implemented, it would be possible to display the received time for outgoing messages (by taking the sent time from the receipt). Or to make it more precise, let the receipt message piggybag the real received time. This would make the user interface more consistent. When this is rejected for some reasons, I suggest renaming the ""Sent/Received"" label for outgoing messages to ""Sent"" because this is what it really is about.",it,"What do you mean by ""it"" when you stated, ""because this is what it really is about""?","['What do you mean by ""it"" when you stated, ""because this is what it really is about""?']","Semantic ambiguity: a sentence has more than one way of reading it within its context, although it contains no lexical or syntactic ambiguity. Semantic ambiguity can be viewed as ambiguity with respect to the logical form, usually expressed in predicate logic, of a sentence.
You are a software analyst specializing in Semantic ambiguity resolution in GitHub feature requests.
Carefully read the provided statement along with the extracted Semantic ambiguity segment and the reasoning behind why the extracted text segment is considered ambiguous. Based on the information, generate clear and concise clarification questions aimed at addressing the Semantic ambiguity in the extracted text segment; include all generated clarifying questions in a single comma-separated list. Make sure to have all elements of the list in quotation marks.
Demonstrations are provided for clarity. Each demonstration is separated by the trigger word # END. Inside each demonstration, the statement, reason, extracted segment, and clarifying questions are separated using the trigger word ####. Strictly follow the provided demonstration.
Statement: Request Number - 1504 | Request Title - Notification Color for Individual Contacts or Groups | Request Description - how about we edit this one too?  or just delete it..... üôà
####
Reason: It is unclear how the different noun phrases (notification color, individual contacts, groups) associate with one another in a collective/distributive sense, creating multiple possible interpretations.
####
Extracted Semantic ambiguity segment: Notification Color for Individual Contacts or Groups
####
Clarifying Question(s): ['When writing ""notification color for individual contacts or groups"", are you suggesting one color for all individual contacts and one different color for all group messages, one different color for each individual and group, one color for all individual contact and group message notifications (to differentiate user communications from system or other types of notifications), or something else?']
# END
Statement: Request Number - 1407 | Request Title - textsecure not an option when ""sharing"" an address book contact | Request Description - TextSecure is not an option when attempting to share a contact from the address book, in Android 4.4.2 when i select ""messaging"" it tells me ""messaging"" is not the default sms app. This would be a nice feature to have added to the app.
####
Reason: The pronoun ""it"" can point to multiple possible targets in the sentence, creating multiple interpretations.
####
Extracted Semantic ambiguity segment: it
####
Clarifying Question(s): ['When you wrote ""it tells me"", does ""it"" refer to TextSecure, the Android OS, or something else?']
# END
Statement: Request Number - 555 | Request Title - Not working in dual sim phone | Request Description - My friend has a dual sim Lava iris 405 and i have samsung galaxy s3. we both have installed the TextSecure when i start secure session, it sends Key exchange message and its received in my friends. After that it says Received and processed key exchange message but he is unable to send me any message, it says error sending. i know its giving problem because its a dual sim phone, text secure app is not able to send sms from particular sim and giving this error. Is dual sim phone supported by textSecure?
####
Reason: It is unclear whether the indefinite noun phrase ""particular sim"" is intended to be specific or non-specific, creating multiple possible interpretations.
####
Extracted Semantic ambiguity segment: particular sim
####
Clarifying Question(s): ['When you say the app is not able to send from a particular SIM, do you mean it cannot send from a specific SIM, it cannot send from either SIM interchangeably, or something else?']
# END
Request Number - 2055 | Request Title - use delivery receipts to show message received time for outgoing messages | Request Description - After long pressing on a message and selecting the info button, the message details are shown. This includes the sent and received times for incoming messages. For outgoing messages, in contrast, only one Sent/Received time is displayed, probably containing sent time. Now that delivery receipts are implemented, it would be possible to display the received time for outgoing messages (by taking the sent time from the receipt). Or to make it more precise, let the receipt message piggybag the real received time. This would make the user interface more consistent. When this is rejected for some reasons, I suggest renaming the ""Sent/Received"" label for outgoing messages to ""Sent"" because this is what it really is about.
####
Reason: ""it"" can refer to two references in the same sentence. 
####
Extracted Semantic ambiguity segment: it
####
Clarifying Question(s): ","['In the sentence ""Now that delivery receipts are implemented, it would be possible to display the received time for outgoing messages,"" does ""it"" refer to the implementation of delivery receipts or the potential feature of displaying received times for outgoing messages?', 'When mentioning ""it"" in the suggestion to rename the label to ""Sent,"" does ""it"" refer to the user interface element or the label itself?']","['In the phrase ""it would be possible to display the received time for outgoing messages,"" does ""it"" refer to the implementation of delivery receipts, the process of displaying received times, or something else?']","['In the sentence ""Now that delivery receipts are implemented, it would be possible to display the received time for outgoing messages,"" does ""it"" refer to the feature of using delivery receipts or the possibility of displaying the received time for outgoing messages?']","['When you mention ""it would be possible to display the received time for outgoing messages"" and ""this would make the user interface more consistent,"" does ""it"" refer to the feature of displaying received times for outgoing messages, the process of using delivery receipts, or something else?']","""When you say 'it would be possible to display the received time for outgoing messages,' does 'it' refer to the implementation of delivery receipts, the system's ability to process the information, or something else?""","['In the sentence ""Now that delivery receipts are implemented, it would be possible to display the received time for outgoing messages (by taking the sent time from the receipt)"", does ""it"" refer to the implementation of delivery receipts making the display of the received time possible, the system taking the sent time from the receipt, or something else?', 'When stating, ""When this is rejected for some reasons, I suggest renaming the 'Sent/Received' label for outgoing messages to 'Sent' because this is what it really is about"", does ""it"" refer to the reason for rejection, the 'Sent/Received' label essentially being about 'Sent', or a different point?']","""When you say 'it would be possible to display the received time for outgoing messages,' does 'it' refer to the use of delivery receipts or to the app's user interface? When you say 'Or to make it more precise, let the receipt message piggybag the real received time,' does 'it' refer to the process of displaying the received time or something else?""","""When you wrote 'it would be possible to display the received time for outgoing messages,' does 'it' refer to the suggestion of displaying the received time or the implementation of delivery receipts, or something else?""","""When you wrote 'it would be possible,' does 'it' refer to displaying the received time for outgoing messages or to renaming the 'Sent/Received' label to 'Sent'?"", ""When this is rejected for some reasons, does 'it' refer to the proposal of displaying the received time for outgoing messages or the suggestion of renaming the label?""","""When you mention 'it would be possible to display the received time for outgoing messages,' does 'it' refer to the process of using delivery receipts to determine the received time, the display feature that shows message details, or something else?"""
3,3,2055-Signal,"Request Number - 2055 | Request Title - use delivery receipts to show message received time for outgoing messages | Request Description - After long pressing on a message and selecting the info button, the message details are shown. This includes the sent and received times for incoming messages. For outgoing messages, in contrast, only one Sent/Received time is displayed, probably containing sent time. Now that delivery receipts are implemented, it would be possible to display the received time for outgoing messages (by taking the sent time from the receipt). Or to make it more precise, let the receipt message piggybag the real received time. This would make the user interface more consistent. When this is rejected for some reasons, I suggest renaming the ""Sent/Received"" label for outgoing messages to ""Sent"" because this is what it really is about.","only one Sent/Received time is displayed,",What time receipt is shown for an outgoing message?,['What time receipt is shown for an outgoing message?'],"Semantic ambiguity: a sentence has more than one way of reading it within its context, although it contains no lexical or syntactic ambiguity. Semantic ambiguity can be viewed as ambiguity with respect to the logical form, usually expressed in predicate logic, of a sentence.
You are a software analyst specializing in Semantic ambiguity resolution in GitHub feature requests.
Carefully read the provided statement along with the extracted Semantic ambiguity segment and the reasoning behind why the extracted text segment is considered ambiguous. Based on the information, generate clear and concise clarification questions aimed at addressing the Semantic ambiguity in the extracted text segment; include all generated clarifying questions in a single comma-separated list. Make sure to have all elements of the list in quotation marks.
Demonstrations are provided for clarity. Each demonstration is separated by the trigger word # END. Inside each demonstration, the statement, reason, extracted segment, and clarifying questions are separated using the trigger word ####. Strictly follow the provided demonstration.
Statement: Request Number - 1504 | Request Title - Notification Color for Individual Contacts or Groups | Request Description - how about we edit this one too?  or just delete it..... üôà
####
Reason: It is unclear how the different noun phrases (notification color, individual contacts, groups) associate with one another in a collective/distributive sense, creating multiple possible interpretations.
####
Extracted Semantic ambiguity segment: Notification Color for Individual Contacts or Groups
####
Clarifying Question(s): ['When writing ""notification color for individual contacts or groups"", are you suggesting one color for all individual contacts and one different color for all group messages, one different color for each individual and group, one color for all individual contact and group message notifications (to differentiate user communications from system or other types of notifications), or something else?']
# END
Statement: Request Number - 1407 | Request Title - textsecure not an option when ""sharing"" an address book contact | Request Description - TextSecure is not an option when attempting to share a contact from the address book, in Android 4.4.2 when i select ""messaging"" it tells me ""messaging"" is not the default sms app. This would be a nice feature to have added to the app.
####
Reason: The pronoun ""it"" can point to multiple possible targets in the sentence, creating multiple interpretations.
####
Extracted Semantic ambiguity segment: it
####
Clarifying Question(s): ['When you wrote ""it tells me"", does ""it"" refer to TextSecure, the Android OS, or something else?']
# END
Statement: Request Number - 555 | Request Title - Not working in dual sim phone | Request Description - My friend has a dual sim Lava iris 405 and i have samsung galaxy s3. we both have installed the TextSecure when i start secure session, it sends Key exchange message and its received in my friends. After that it says Received and processed key exchange message but he is unable to send me any message, it says error sending. i know its giving problem because its a dual sim phone, text secure app is not able to send sms from particular sim and giving this error. Is dual sim phone supported by textSecure?
####
Reason: It is unclear whether the indefinite noun phrase ""particular sim"" is intended to be specific or non-specific, creating multiple possible interpretations.
####
Extracted Semantic ambiguity segment: particular sim
####
Clarifying Question(s): ['When you say the app is not able to send from a particular SIM, do you mean it cannot send from a specific SIM, it cannot send from either SIM interchangeably, or something else?']
# END
Request Number - 2055 | Request Title - use delivery receipts to show message received time for outgoing messages | Request Description - After long pressing on a message and selecting the info button, the message details are shown. This includes the sent and received times for incoming messages. For outgoing messages, in contrast, only one Sent/Received time is displayed, probably containing sent time. Now that delivery receipts are implemented, it would be possible to display the received time for outgoing messages (by taking the sent time from the receipt). Or to make it more precise, let the receipt message piggybag the real received time. This would make the user interface more consistent. When this is rejected for some reasons, I suggest renaming the ""Sent/Received"" label for outgoing messages to ""Sent"" because this is what it really is about.
####
Reason: There are quantifiers ""only one"" and also ""/"" in the sentence. In this case, sent/received can be interpreted in two different ways: (1) sent or received. (2) sent and received as one token. 
####
Extracted Semantic ambiguity segment: only one Sent/Received time is displayed,
####
Clarifying Question(s): ","['When you mention ""only one Sent/Received time is displayed,"" do you mean that it is displaying either the sent time or the received time, or does it mean that they are combined into a single token?', 'Would you like the system to show both sent and received times separately for outgoing messages if both are available?']","['When you mention ""only one Sent/Received time is displayed"", do you mean that only one of either the sent time or the received time is displayed, or do you mean both times are combined into a single timestamp?']","['When you mention ""only one Sent/Received time is displayed,"" are you referring to the system displaying solely either the sent or the received time, or are you indicating that the system uses a single label ""Sent/Received"" for both times as a unified token?', 'Could you clarify if the current display shows a combined sent and received time under one label, or does it show just one of these times, specifically?', 'When you proposed renaming the label to ""Sent,"" are you suggesting that the current label misleads users into thinking both sent and received times are included, but only the sent time is shown?']","[""When you mention 'only one Sent/Received time is displayed,' do you mean that this single time displayed could either be the sent time or the received time, or does it represent both sent and received times as a single combined token?""]","['When you refer to ""only one Sent/Received time is displayed"", do you mean that the time displayed is only the sent time, that it could represent either sent or received time as a choice, or something else?']","['When you mention ""only one Sent/Received time is displayed"", are you asking if it refers to either the sent time or the received time (but not both), or does it mean the sent and received time are shown as a single combined entry?', 'Which specific aspect of the display of ""Sent/Received time"" are you referring to as being possibly inaccurate or needing clarification?']","['When mentioning ""only one Sent/Received time is displayed"", do you mean it displays either the sent or received time but not both, or does ""Sent/Received"" represent a single combined token indicating some form of time relating to both actions?']","[""When you mention 'only one Sent/Received time is displayed,' do you mean that there is only a display of either the sent time or the received time, or do you mean that both sent and received times are shown together as one entry?""]","['When you say ""only one Sent/Received time is displayed,"" are you indicating that either the sent or the received time is shown, or that a single timestamp represents both sent and received times?', 'Does ""Sent/Received"" mean that one timestamp is meant to represent both events simultaneously, or is there another intended understanding?']","['When you wrote ""only one Sent/Received time is displayed,"" are you indicating that there is a single time displayed that represents either a sent or received time separately, or are you suggesting that the displayed time simultaneously represents both the sent and received times as one combined token?']"
4,4,6077-Signal,"Request Number - 6077 | Request Title - Update libphonenumber to >=8.2.0 (Cannot send SMS to my mobile provider) | Request Description - I have:   searched open and closed issues for duplicates  read https://github.com/WhisperSystems/Signal-Android/wiki/Submitting-useful-bug-reports  Bug description. My friend made me aware of this as I'm never checking my account status via SMS, but it doesn't work for me neither. To check our account status, we have to send an SMS message to 13977, but Signal fails to deliver it. I tried sending it through the native Oneplus SMS app and it goes through just fine, with an immediate response. I can send an SMS to other people, though, so it has something to do with that number. (Signal adds +385 to it for Croatia, maybe that's it?) Steps to reproduce.  send an SMS to my provider through Signal Actual result: it doesn't go through, ""Failed to send"", ""Some issues need your attention."" Expected result: Message should go through and I should get a response. Device info. Device: OnePlus3T Android version: 7.0 Signal version: 3.27.1 Link to debug log. https://gist.github.com/anonymous/f656572561ea3a91d0f4bbdeb98e587b",it.,"When you wrote ""Signal fails to deliver it"", does 'it' refer to ""an SMS message to 13977"", ""our account status"", or something else?","['When you wrote ""Signal fails to deliver it"", does \'it\' refer to ""an SMS message to 13977"", ""our account status"", or something else?']","Semantic ambiguity: a sentence has more than one way of reading it within its context, although it contains no lexical or syntactic ambiguity. Semantic ambiguity can be viewed as ambiguity with respect to the logical form, usually expressed in predicate logic, of a sentence.
You are a software analyst specializing in Semantic ambiguity resolution in GitHub feature requests.
Carefully read the provided statement along with the extracted Semantic ambiguity segment and the reasoning behind why the extracted text segment is considered ambiguous. Based on the information, generate clear and concise clarification questions aimed at addressing the Semantic ambiguity in the extracted text segment; include all generated clarifying questions in a single comma-separated list. Make sure to have all elements of the list in quotation marks.
Demonstrations are provided for clarity. Each demonstration is separated by the trigger word # END. Inside each demonstration, the statement, reason, extracted segment, and clarifying questions are separated using the trigger word ####. Strictly follow the provided demonstration.
Statement: Request Number - 1504 | Request Title - Notification Color for Individual Contacts or Groups | Request Description - how about we edit this one too?  or just delete it..... üôà
####
Reason: It is unclear how the different noun phrases (notification color, individual contacts, groups) associate with one another in a collective/distributive sense, creating multiple possible interpretations.
####
Extracted Semantic ambiguity segment: Notification Color for Individual Contacts or Groups
####
Clarifying Question(s): ['When writing ""notification color for individual contacts or groups"", are you suggesting one color for all individual contacts and one different color for all group messages, one different color for each individual and group, one color for all individual contact and group message notifications (to differentiate user communications from system or other types of notifications), or something else?']
# END
Statement: Request Number - 1407 | Request Title - textsecure not an option when ""sharing"" an address book contact | Request Description - TextSecure is not an option when attempting to share a contact from the address book, in Android 4.4.2 when i select ""messaging"" it tells me ""messaging"" is not the default sms app. This would be a nice feature to have added to the app.
####
Reason: The pronoun ""it"" can point to multiple possible targets in the sentence, creating multiple interpretations.
####
Extracted Semantic ambiguity segment: it
####
Clarifying Question(s): ['When you wrote ""it tells me"", does ""it"" refer to TextSecure, the Android OS, or something else?']
# END
Statement: Request Number - 555 | Request Title - Not working in dual sim phone | Request Description - My friend has a dual sim Lava iris 405 and i have samsung galaxy s3. we both have installed the TextSecure when i start secure session, it sends Key exchange message and its received in my friends. After that it says Received and processed key exchange message but he is unable to send me any message, it says error sending. i know its giving problem because its a dual sim phone, text secure app is not able to send sms from particular sim and giving this error. Is dual sim phone supported by textSecure?
####
Reason: It is unclear whether the indefinite noun phrase ""particular sim"" is intended to be specific or non-specific, creating multiple possible interpretations.
####
Extracted Semantic ambiguity segment: particular sim
####
Clarifying Question(s): ['When you say the app is not able to send from a particular SIM, do you mean it cannot send from a specific SIM, it cannot send from either SIM interchangeably, or something else?']
# END
Request Number - 6077 | Request Title - Update libphonenumber to >=8.2.0 (Cannot send SMS to my mobile provider) | Request Description - I have:   searched open and closed issues for duplicates  read https://github.com/WhisperSystems/Signal-Android/wiki/Submitting-useful-bug-reports  Bug description. My friend made me aware of this as I'm never checking my account status via SMS, but it doesn't work for me neither. To check our account status, we have to send an SMS message to 13977, but Signal fails to deliver it. I tried sending it through the native Oneplus SMS app and it goes through just fine, with an immediate response. I can send an SMS to other people, though, so it has something to do with that number. (Signal adds +385 to it for Croatia, maybe that's it?) Steps to reproduce.  send an SMS to my provider through Signal Actual result: it doesn't go through, ""Failed to send"", ""Some issues need your attention."" Expected result: Message should go through and I should get a response. Device info. Device: OnePlus3T Android version: 7.0 Signal version: 3.27.1 Link to debug log. https://gist.github.com/anonymous/f656572561ea3a91d0f4bbdeb98e587b
####
Reason: The pronoun 'it' could point to multiple noun phrases earlier in the sentence, creating multiple possible meanings.
####
Extracted Semantic ambiguity segment: it.
####
Clarifying Question(s): ","['When you wrote ""Signal adds +385 to it for Croatia, maybe that's it?"", does ""it"" refer to the phone number to which you're trying to send the SMS, the problem causing the message not to send, or something else?']","""Does 'it' refer to the process of checking the account status via SMS, the inability of Signal to deliver the SMS, the addition of the country code by Signal, or something else?""","['In the sentence ""Signal adds +385 to it for Croatia, maybe that\'s it?"", does ""it"" refer to the phone number 13977, the issue with Signal not sending SMS, or something else?']","['In the phrase ""Signal adds +385 to it for Croatia, maybe that\'s it?"", does ""it"" refer to the number 13977 or the SMS message, or something else?', 'When you mention ""it doesn\'t work for me neither,"" does ""it"" refer to using Signal to check account status, sending an SMS to the number 13977, or some other part of the process?']","['When you wrote ""it doesn't work for me neither,"" does ""it"" refer to receiving the account status via SMS, the process of sending an SMS to 13977, or something else?', 'When you wrote ""it goes through just fine,"" does ""it"" refer to the SMS sent through the OnePlus SMS app, the number 13977 itself, or something else?', 'When you wrote ""Signal adds +385 to it for Croatia,"" does ""it"" refer to the number 13977 or another aspect of the message?']","['In the sentence ""Signal adds +385 to it for Croatia, maybe that\'s it?"", does ""it"" refer to the number 13977, the SMS message, or something else?']","['When you mention ""it doesn\'t work for me neither,"" does ""it"" refer to Signal not sending the SMS, receiving a response, or something else?', 'When you state ""Signal adds +385 to it for Croatia, maybe that\'s it?,"" does the second ""it"" refer to the number 13977 or some other aspect of the SMS process?']","['In the sentence ""it doesn\'t work for me neither"" and ""it has something to do with that number"", does ""it"" refer to the feature of checking account status via SMS, the SMS message not being delivered, the act of sending an SMS to 13977, or something else?']","[""In the statement 'I tried sending it through the native Oneplus SMS app and it goes through just fine,' does the first 'it' refer to the SMS message, the action of sending the message, or something else?"", ""In the statement 'Signal adds +385 to it for Croatia, maybe that's it?', does the second 'it' refer to the phone number, the SMS message, or something else?""]","['In the statement ""I tried sending it through the native Oneplus SMS app and it goes through just fine"", does the first ""it"" refer to the SMS message, the number 13977, or something else?', 'When you wrote ""it doesn't go through"" in the actual result section, does ""it"" refer to the SMS message to 13977, the sending attempt, or something else?']"
5,5,801-Signal,"Request Number - 801 | Request Title - Feature request: Mute Group (or any user) | Request Description - Sometimes friends in a group are discussing something I'm not interested in and my phone would go nuts vibrating and ringing all the time. A ""Mute for X minutes/hours"" feature would be awesome.",any,"When you wrote ""any user"", do you mean ""a selected user"", ""all applicable users"", or something else?","['When you wrote ""any user"", do you mean ""a selected user"", ""all applicable users"", or something else?']","Semantic ambiguity: a sentence has more than one way of reading it within its context, although it contains no lexical or syntactic ambiguity. Semantic ambiguity can be viewed as ambiguity with respect to the logical form, usually expressed in predicate logic, of a sentence.
You are a software analyst specializing in Semantic ambiguity resolution in GitHub feature requests.
Carefully read the provided statement along with the extracted Semantic ambiguity segment and the reasoning behind why the extracted text segment is considered ambiguous. Based on the information, generate clear and concise clarification questions aimed at addressing the Semantic ambiguity in the extracted text segment; include all generated clarifying questions in a single comma-separated list. Make sure to have all elements of the list in quotation marks.
Demonstrations are provided for clarity. Each demonstration is separated by the trigger word # END. Inside each demonstration, the statement, reason, extracted segment, and clarifying questions are separated using the trigger word ####. Strictly follow the provided demonstration.
Statement: Request Number - 1504 | Request Title - Notification Color for Individual Contacts or Groups | Request Description - how about we edit this one too?  or just delete it..... üôà
####
Reason: It is unclear how the different noun phrases (notification color, individual contacts, groups) associate with one another in a collective/distributive sense, creating multiple possible interpretations.
####
Extracted Semantic ambiguity segment: Notification Color for Individual Contacts or Groups
####
Clarifying Question(s): ['When writing ""notification color for individual contacts or groups"", are you suggesting one color for all individual contacts and one different color for all group messages, one different color for each individual and group, one color for all individual contact and group message notifications (to differentiate user communications from system or other types of notifications), or something else?']
# END
Statement: Request Number - 1407 | Request Title - textsecure not an option when ""sharing"" an address book contact | Request Description - TextSecure is not an option when attempting to share a contact from the address book, in Android 4.4.2 when i select ""messaging"" it tells me ""messaging"" is not the default sms app. This would be a nice feature to have added to the app.
####
Reason: The pronoun ""it"" can point to multiple possible targets in the sentence, creating multiple interpretations.
####
Extracted Semantic ambiguity segment: it
####
Clarifying Question(s): ['When you wrote ""it tells me"", does ""it"" refer to TextSecure, the Android OS, or something else?']
# END
Statement: Request Number - 555 | Request Title - Not working in dual sim phone | Request Description - My friend has a dual sim Lava iris 405 and i have samsung galaxy s3. we both have installed the TextSecure when i start secure session, it sends Key exchange message and its received in my friends. After that it says Received and processed key exchange message but he is unable to send me any message, it says error sending. i know its giving problem because its a dual sim phone, text secure app is not able to send sms from particular sim and giving this error. Is dual sim phone supported by textSecure?
####
Reason: It is unclear whether the indefinite noun phrase ""particular sim"" is intended to be specific or non-specific, creating multiple possible interpretations.
####
Extracted Semantic ambiguity segment: particular sim
####
Clarifying Question(s): ['When you say the app is not able to send from a particular SIM, do you mean it cannot send from a specific SIM, it cannot send from either SIM interchangeably, or something else?']
# END
Request Number - 801 | Request Title - Feature request: Mute Group (or any user) | Request Description - Sometimes friends in a group are discussing something I'm not interested in and my phone would go nuts vibrating and ringing all the time. A ""Mute for X minutes/hours"" feature would be awesome.
####
Reason: The word ""any"" can have a specific or non-specific meaning, affecting the scope implied by the term and creating multiple possible meanings.
####
Extracted Semantic ambiguity segment: any
####
Clarifying Question(s): ","['When you mention muting ""any user"", are you suggesting the ability to mute specific users within a group, the ability to mute all users universally across different conversations, or something else?']","['When you say ""mute group (or any user)"", do you mean you want the ability to mute a specific user at your choosing, the ability to mute any user in general at random, or something else?']","['When you mention ""Mute Group (or any user)"", does ""any"" imply that you want the ability to mute every single user individually, the ability to mute any chosen user selectively, or something else?']","['When you say ""mute group (or any user)"", do you mean to allow muting specific users at will, the ability to mute any user you choose at any time regardless of group membership, or something else?']","['When you mention ""mute group (or any user)"", does ""any"" refer to the ability to mute a specific user in addition to groups, the capacity to mute multiple users or groups simultaneously, or something else?']","['When you say ""Mute Group (or any user)"", do you mean the ability to mute all users individually as a group or the ability to mute any single selected user within a group?', 'Does ""any user"" refer to muting one user at a time, muting multiple users at once, or something else?']","['When you say ""Mute Group (or any user)"", do you mean you want the ability to mute a specific user of your choice, the ability to mute multiple users at once, or some other functionality?']","['In the phrase ""Mute Group (or any user)"", does ""any"" refer to muting any user individually, allowing for separate muting of different users, or does it refer to a feature for muting entire groups of users collectively?']","['When you mention ""Mute Group (or any user)"", does ""any"" refer to the ability to mute one specific user, any selected user from a group of users, or the capability to mute all users individually as needed?']","['When you mention ""Mute Group (or any user)"", are you suggesting the ability to mute a specific user of your choosing as well as groups, the ability to mute any user at all without specifying, or something else?']"
6,6,604-Signal,"Request Number - 604 | Request Title - Number registration (for push messaging) doesn't work with Google Voice | Request Description - The new push based TextSecure doesn't seem to like using Google Voice numbers (which are then forwarded to my phone's real number via SMS).  Although there are of course privacy downsides associated with letting Google see all of your incoming/outgoing SMS data, there are also serious privacy harms associated with letting people know your actual phone number, rather than a number that will just forward texts to you* The first step of the TextSecure number registration process (""Connecting"") works fine. An incoming text message with the verification code is received by the default Android SMS app, but TextSecure doesn't catch it. Thankfully, after 2 minutes of waiting, I am given the opportunity verify by voice, which does work.",it.,"When you wrote ""TextSecure doesn't catch it"", do you mean ""TextSecure doesn't catch the message"", ""TextSecure doesn't catch the verification code"", or something else?","['When you wrote ""TextSecure doesn\'t catch it"", do you mean ""TextSecure doesn\'t catch the message"", ""TextSecure doesn\'t catch the verification code"", or something else?']","Semantic ambiguity: a sentence has more than one way of reading it within its context, although it contains no lexical or syntactic ambiguity. Semantic ambiguity can be viewed as ambiguity with respect to the logical form, usually expressed in predicate logic, of a sentence.
You are a software analyst specializing in Semantic ambiguity resolution in GitHub feature requests.
Carefully read the provided statement along with the extracted Semantic ambiguity segment and the reasoning behind why the extracted text segment is considered ambiguous. Based on the information, generate clear and concise clarification questions aimed at addressing the Semantic ambiguity in the extracted text segment; include all generated clarifying questions in a single comma-separated list. Make sure to have all elements of the list in quotation marks.
Demonstrations are provided for clarity. Each demonstration is separated by the trigger word # END. Inside each demonstration, the statement, reason, extracted segment, and clarifying questions are separated using the trigger word ####. Strictly follow the provided demonstration.
Statement: Request Number - 1504 | Request Title - Notification Color for Individual Contacts or Groups | Request Description - how about we edit this one too?  or just delete it..... üôà
####
Reason: It is unclear how the different noun phrases (notification color, individual contacts, groups) associate with one another in a collective/distributive sense, creating multiple possible interpretations.
####
Extracted Semantic ambiguity segment: Notification Color for Individual Contacts or Groups
####
Clarifying Question(s): ['When writing ""notification color for individual contacts or groups"", are you suggesting one color for all individual contacts and one different color for all group messages, one different color for each individual and group, one color for all individual contact and group message notifications (to differentiate user communications from system or other types of notifications), or something else?']
# END
Statement: Request Number - 1407 | Request Title - textsecure not an option when ""sharing"" an address book contact | Request Description - TextSecure is not an option when attempting to share a contact from the address book, in Android 4.4.2 when i select ""messaging"" it tells me ""messaging"" is not the default sms app. This would be a nice feature to have added to the app.
####
Reason: The pronoun ""it"" can point to multiple possible targets in the sentence, creating multiple interpretations.
####
Extracted Semantic ambiguity segment: it
####
Clarifying Question(s): ['When you wrote ""it tells me"", does ""it"" refer to TextSecure, the Android OS, or something else?']
# END
Statement: Request Number - 555 | Request Title - Not working in dual sim phone | Request Description - My friend has a dual sim Lava iris 405 and i have samsung galaxy s3. we both have installed the TextSecure when i start secure session, it sends Key exchange message and its received in my friends. After that it says Received and processed key exchange message but he is unable to send me any message, it says error sending. i know its giving problem because its a dual sim phone, text secure app is not able to send sms from particular sim and giving this error. Is dual sim phone supported by textSecure?
####
Reason: It is unclear whether the indefinite noun phrase ""particular sim"" is intended to be specific or non-specific, creating multiple possible interpretations.
####
Extracted Semantic ambiguity segment: particular sim
####
Clarifying Question(s): ['When you say the app is not able to send from a particular SIM, do you mean it cannot send from a specific SIM, it cannot send from either SIM interchangeably, or something else?']
# END
Request Number - 604 | Request Title - Number registration (for push messaging) doesn't work with Google Voice | Request Description - The new push based TextSecure doesn't seem to like using Google Voice numbers (which are then forwarded to my phone's real number via SMS).  Although there are of course privacy downsides associated with letting Google see all of your incoming/outgoing SMS data, there are also serious privacy harms associated with letting people know your actual phone number, rather than a number that will just forward texts to you* The first step of the TextSecure number registration process (""Connecting"") works fine. An incoming text message with the verification code is received by the default Android SMS app, but TextSecure doesn't catch it. Thankfully, after 2 minutes of waiting, I am given the opportunity verify by voice, which does work.
####
Reason: The pronoun 'it' can refer to two different targets in the sentence, changing the nature of the problem based on the interpretation.
####
Extracted Semantic ambiguity segment: it.
####
Clarifying Question(s): ","['In the statement ""TextSecure doesn\'t catch it,"" does ""it"" refer to the incoming text message with the verification code, the process of receiving the verification code through the Android SMS app, or something else?']","""When you mention 'TextSecure doesn't catch it,' does 'it' refer to the incoming text message with the verification code, or something else?""","['In the sentence ""TextSecure doesn\'t catch it,"" does ""it"" refer to the incoming text message with the verification code or something else?']","['When you mention ""TextSecure doesn\'t catch it"", does ""it"" refer to the incoming text message with the verification code, the process of intercepting the message by the app, or something else?']","['In the sentence ""TextSecure doesn\'t catch it,"" does ""it"" refer to the verification code text message itself not being captured by TextSecure, or the process of receiving and processing the text message in its entirety?', 'When mentioning ""it"" in the context of the app not catching something, are you referring specifically to a technical issue with the app, or an issue related to Google Voice integration?']","""When you mention 'it' doesn't catch the text message, are you referring to TextSecure not catching the message or the Android SMS app not catching the message?""","['In the sentence ""TextSecure doesn\'t catch it,"" does ""it"" refer to the incoming text message with the verification code, the process of verification, or something else?']","['When you mention ""it"" in the context of ""TextSecure doesn\'t catch it,"" are you referring to the incoming text message with the verification code, the process of receiving the verification code, or something else?']","['In the statement ""TextSecure doesn\'t catch it,"" does ""it"" refer to the incoming text message with the verification code or the process of number registration itself?']","['When you mention ""TextSecure doesn\'t catch it,"" does ""it"" refer to the verification code message or something else?']"
7,7,757-Signal,"Request Number - 757 | Request Title - different notification settings for group chats | Request Description - It would be very nice to be able to change the notification settings for goups independently from other (personal) chats, as group chats might have a lower priority for the user.",notification settings for goups,"When you wrote ""notification settings for all goups"", did you mean notification settings for all groups together, notification settings for each group individually, or something else?","['When you wrote ""notification settings for all goups"", did you mean notification settings for all groups together, notification settings for each group individually, or something else?']","Semantic ambiguity: a sentence has more than one way of reading it within its context, although it contains no lexical or syntactic ambiguity. Semantic ambiguity can be viewed as ambiguity with respect to the logical form, usually expressed in predicate logic, of a sentence.
You are a software analyst specializing in Semantic ambiguity resolution in GitHub feature requests.
Carefully read the provided statement along with the extracted Semantic ambiguity segment and the reasoning behind why the extracted text segment is considered ambiguous. Based on the information, generate clear and concise clarification questions aimed at addressing the Semantic ambiguity in the extracted text segment; include all generated clarifying questions in a single comma-separated list. Make sure to have all elements of the list in quotation marks.
Demonstrations are provided for clarity. Each demonstration is separated by the trigger word # END. Inside each demonstration, the statement, reason, extracted segment, and clarifying questions are separated using the trigger word ####. Strictly follow the provided demonstration.
Statement: Request Number - 1504 | Request Title - Notification Color for Individual Contacts or Groups | Request Description - how about we edit this one too?  or just delete it..... üôà
####
Reason: It is unclear how the different noun phrases (notification color, individual contacts, groups) associate with one another in a collective/distributive sense, creating multiple possible interpretations.
####
Extracted Semantic ambiguity segment: Notification Color for Individual Contacts or Groups
####
Clarifying Question(s): ['When writing ""notification color for individual contacts or groups"", are you suggesting one color for all individual contacts and one different color for all group messages, one different color for each individual and group, one color for all individual contact and group message notifications (to differentiate user communications from system or other types of notifications), or something else?']
# END
Statement: Request Number - 555 | Request Title - Not working in dual sim phone | Request Description - My friend has a dual sim Lava iris 405 and i have samsung galaxy s3. we both have installed the TextSecure when i start secure session, it sends Key exchange message and its received in my friends. After that it says Received and processed key exchange message but he is unable to send me any message, it says error sending. i know its giving problem because its a dual sim phone, text secure app is not able to send sms from particular sim and giving this error. Is dual sim phone supported by textSecure?
####
Reason: It is unclear whether the indefinite noun phrase ""particular sim"" is intended to be specific or non-specific, creating multiple possible interpretations.
####
Extracted Semantic ambiguity segment: particular sim
####
Clarifying Question(s): ['When you say the app is not able to send from a particular SIM, do you mean it cannot send from a specific SIM, it cannot send from either SIM interchangeably, or something else?']
# END
Statement: Request Number - 1407 | Request Title - textsecure not an option when ""sharing"" an address book contact | Request Description - TextSecure is not an option when attempting to share a contact from the address book, in Android 4.4.2 when i select ""messaging"" it tells me ""messaging"" is not the default sms app. This would be a nice feature to have added to the app.
####
Reason: The pronoun ""it"" can point to multiple possible targets in the sentence, creating multiple interpretations.
####
Extracted Semantic ambiguity segment: it
####
Clarifying Question(s): ['When you wrote ""it tells me"", does ""it"" refer to TextSecure, the Android OS, or something else?']
# END
Request Number - 757 | Request Title - different notification settings for group chats | Request Description - It would be very nice to be able to change the notification settings for goups independently from other (personal) chats, as group chats might have a lower priority for the user.
####
Reason: The interaction between the term ""settings"" and the plural ""groups"" can be interpreted as having the collective scope of ""all groups"" or the distributive scope of ""each group"", which creates multiple possible interpretations.
####
Extracted Semantic ambiguity segment: notification settings for goups
####
Clarifying Question(s): ","""When you mention 'notification settings for groups', are you suggesting a single set of notification settings that applies to all group chats collectively, or are you proposing that each group chat should be able to have its own individual notification settings?""","""When referring to 'notification settings for groups', are you suggesting a single set of notification settings that applies to all group chats collectively, individual settings for each group chat, or something else?""","['When you mention ""notification settings for groups"", are you referring to a single set of notification settings that applies to all group chats collectively, individual settings for each group chat, or something else?']","['When you say ""notification settings for groups"", are you referring to changing the settings collectively for all group chats, setting different notification preferences for each group chat individually, or something else?']","[""When you mention 'notification settings for groups', are you suggesting the ability to set one universal notification setting for all group chats collectively, to set different notification settings for each individual group chat, or something else?""]","['When you mention ""notification settings for groups,"" are you suggesting one set of settings applied collectively to all group chats, or different settings for each group chat individually?']","['When you mention ""notification settings for groups"", are you suggesting a single set of settings applied to all group chats collectively, different settings for each individual group, or something else?']","""It would help to know whether 'notification settings for groups' refers to having a single set of notification settings applied to all group chats collectively, or the ability to set different notification settings for each individual group chat separately, or something else?""","['When mentioning ""notification settings for groups"", do you mean having the same settings apply to all group chats collectively, or having different settings for each group chat independently?', 'Are you suggesting the ability to customize notification settings for each group chat individually, or to set a universal notification setting for all group chats as distinct from personal chats?']","['When you mention ""notification settings for groups"", are you suggesting a single set of notification settings that applies uniformly to all group chats or distinct notification settings for each individual group chat?']"
8,8,6069-Signal,"Request Number - 6069 | Request Title - Unread notification badges do not work on Huawei EMUI | Request Description - I have:   searched open and closed issues for duplicates  read https://github.com/WhisperSystems/Signal-Android/wiki/Submitting-useful-bug-reports  Bug description. I've installed Signal on a Honor 8 (made by Huawei) with EMUI 4.1 (Android 6.0). I've noticed that Signal receives notifications on new messages and they are also listed in the notification area, but the unread notifications badge on the app icon on the home screen is not shown. In Signal support articles there is mentioned, that badge icons are supported for some launchers, see https://support.whispersystems.org/hc/en-us/articles/215766077-How-can-I-see-my-unread-badge-count-What-launcher-should-I-use- So far I could not find out if this is a Signal or EMUI problem, but Threema and Conversations show the notification badges. Device info. Device: Honor 8 Android version: 6.0 Signal version: 3.26.2",they,"When you wrote ""they are also listed in the notification area"", does 'they' refer to 'notifications', 'messages', or something else?","['When you wrote ""they are also listed in the notification area"", does \'they\' refer to \'notifications\', \'messages\', or something else?']","Semantic ambiguity: a sentence has more than one way of reading it within its context, although it contains no lexical or syntactic ambiguity. Semantic ambiguity can be viewed as ambiguity with respect to the logical form, usually expressed in predicate logic, of a sentence.
You are a software analyst specializing in Semantic ambiguity resolution in GitHub feature requests.
Carefully read the provided statement along with the extracted Semantic ambiguity segment and the reasoning behind why the extracted text segment is considered ambiguous. Based on the information, generate clear and concise clarification questions aimed at addressing the Semantic ambiguity in the extracted text segment; include all generated clarifying questions in a single comma-separated list. Make sure to have all elements of the list in quotation marks.
Demonstrations are provided for clarity. Each demonstration is separated by the trigger word # END. Inside each demonstration, the statement, reason, extracted segment, and clarifying questions are separated using the trigger word ####. Strictly follow the provided demonstration.
Statement: Request Number - 1504 | Request Title - Notification Color for Individual Contacts or Groups | Request Description - how about we edit this one too?  or just delete it..... üôà
####
Reason: It is unclear how the different noun phrases (notification color, individual contacts, groups) associate with one another in a collective/distributive sense, creating multiple possible interpretations.
####
Extracted Semantic ambiguity segment: Notification Color for Individual Contacts or Groups
####
Clarifying Question(s): ['When writing ""notification color for individual contacts or groups"", are you suggesting one color for all individual contacts and one different color for all group messages, one different color for each individual and group, one color for all individual contact and group message notifications (to differentiate user communications from system or other types of notifications), or something else?']
# END
Statement: Request Number - 555 | Request Title - Not working in dual sim phone | Request Description - My friend has a dual sim Lava iris 405 and i have samsung galaxy s3. we both have installed the TextSecure when i start secure session, it sends Key exchange message and its received in my friends. After that it says Received and processed key exchange message but he is unable to send me any message, it says error sending. i know its giving problem because its a dual sim phone, text secure app is not able to send sms from particular sim and giving this error. Is dual sim phone supported by textSecure?
####
Reason: It is unclear whether the indefinite noun phrase ""particular sim"" is intended to be specific or non-specific, creating multiple possible interpretations.
####
Extracted Semantic ambiguity segment: particular sim
####
Clarifying Question(s): ['When you say the app is not able to send from a particular SIM, do you mean it cannot send from a specific SIM, it cannot send from either SIM interchangeably, or something else?']
# END
Statement: Request Number - 1407 | Request Title - textsecure not an option when ""sharing"" an address book contact | Request Description - TextSecure is not an option when attempting to share a contact from the address book, in Android 4.4.2 when i select ""messaging"" it tells me ""messaging"" is not the default sms app. This would be a nice feature to have added to the app.
####
Reason: The pronoun ""it"" can point to multiple possible targets in the sentence, creating multiple interpretations.
####
Extracted Semantic ambiguity segment: it
####
Clarifying Question(s): ['When you wrote ""it tells me"", does ""it"" refer to TextSecure, the Android OS, or something else?']
# END
Request Number - 6069 | Request Title - Unread notification badges do not work on Huawei EMUI | Request Description - I have:   searched open and closed issues for duplicates  read https://github.com/WhisperSystems/Signal-Android/wiki/Submitting-useful-bug-reports  Bug description. I've installed Signal on a Honor 8 (made by Huawei) with EMUI 4.1 (Android 6.0). I've noticed that Signal receives notifications on new messages and they are also listed in the notification area, but the unread notifications badge on the app icon on the home screen is not shown. In Signal support articles there is mentioned, that badge icons are supported for some launchers, see https://support.whispersystems.org/hc/en-us/articles/215766077-How-can-I-see-my-unread-badge-count-What-launcher-should-I-use- So far I could not find out if this is a Signal or EMUI problem, but Threema and Conversations show the notification badges. Device info. Device: Honor 8 Android version: 6.0 Signal version: 3.26.2
####
Reason: The pronoun ""they"" can point to two possible targets in the sentence, creating multiple possible interpretations.
####
Extracted Semantic ambiguity segment: they
####
Clarifying Question(s): ","['In the statement ""Signal receives notifications on new messages and they are also listed in the notification area"", does ""they"" refer to the new messages or the notifications?']","['In the context of your statement, does ""they"" refer to the notifications, the new messages, or something else?']","""When you mention 'they are also listed in the notification area,' does 'they' refer to the notifications of new messages, the messages themselves, or something else?""","['In the phrase ""they are also listed in the notification area,"" does ""they"" refer to the notifications themselves or the unread notification badges?']","""When you wrote 'they are also listed in the notification area,' does 'they' refer to the notifications themselves or the new messages?""","['When you wrote ""they are also listed in the notification area,"" does ""they"" refer to the notifications on new messages, the unread notification badges, or something else?']","['In the sentence ""Signal receives notifications on new messages and they are also listed in the notification area,"" does ""they"" refer to the notifications themselves, the new messages, or something else?']","""When you wrote 'they are also listed in the notification area,' does 'they' refer to the notifications themselves or the unread notification badges?""","['When you wrote ""they are also listed in the notification area,"" does ""they"" refer to the notifications themselves, the unread notifications badges, or something else?']","""When you wrote 'they are also listed in the notification area,' does 'they' refer to the notifications themselves, the new messages, or something else?"""
9,9,2055-Signal,"Request Number - 2055 | Request Title - use delivery receipts to show message received time for outgoing messages | Request Description - After long pressing on a message and selecting the info button, the message details are shown. This includes the sent and received times for incoming messages. For outgoing messages, in contrast, only one Sent/Received time is displayed, probably containing sent time. Now that delivery receipts are implemented, it would be possible to display the received time for outgoing messages (by taking the sent time from the receipt). Or to make it more precise, let the receipt message piggybag the real received time. This would make the user interface more consistent. When this is rejected for some reasons, I suggest renaming the ""Sent/Received"" label for outgoing messages to ""Sent"" because this is what it really is about.",it,"What do you mean by ""it"" when you stated, ""because this is what it really is about""?","['What do you mean by ""it"" when you stated, ""because this is what it really is about""?']","Semantic ambiguity: a sentence has more than one way of reading it within its context, although it contains no lexical or syntactic ambiguity. Semantic ambiguity can be viewed as ambiguity with respect to the logical form, usually expressed in predicate logic, of a sentence.
You are a software analyst specializing in Semantic ambiguity resolution in GitHub feature requests.
Carefully read the provided statement along with the extracted Semantic ambiguity segment and the reasoning behind why the extracted text segment is considered ambiguous. Based on the information, generate clear and concise clarification questions aimed at addressing the Semantic ambiguity in the extracted text segment; include all generated clarifying questions in a single comma-separated list. Make sure to have all elements of the list in quotation marks.
Demonstrations are provided for clarity. Each demonstration is separated by the trigger word # END. Inside each demonstration, the statement, reason, extracted segment, and clarifying questions are separated using the trigger word ####. Strictly follow the provided demonstration.
Statement: Request Number - 1504 | Request Title - Notification Color for Individual Contacts or Groups | Request Description - how about we edit this one too?  or just delete it..... üôà
####
Reason: It is unclear how the different noun phrases (notification color, individual contacts, groups) associate with one another in a collective/distributive sense, creating multiple possible interpretations.
####
Extracted Semantic ambiguity segment: Notification Color for Individual Contacts or Groups
####
Clarifying Question(s): ['When writing ""notification color for individual contacts or groups"", are you suggesting one color for all individual contacts and one different color for all group messages, one different color for each individual and group, one color for all individual contact and group message notifications (to differentiate user communications from system or other types of notifications), or something else?']
# END
Statement: Request Number - 555 | Request Title - Not working in dual sim phone | Request Description - My friend has a dual sim Lava iris 405 and i have samsung galaxy s3. we both have installed the TextSecure when i start secure session, it sends Key exchange message and its received in my friends. After that it says Received and processed key exchange message but he is unable to send me any message, it says error sending. i know its giving problem because its a dual sim phone, text secure app is not able to send sms from particular sim and giving this error. Is dual sim phone supported by textSecure?
####
Reason: It is unclear whether the indefinite noun phrase ""particular sim"" is intended to be specific or non-specific, creating multiple possible interpretations.
####
Extracted Semantic ambiguity segment: particular sim
####
Clarifying Question(s): ['When you say the app is not able to send from a particular SIM, do you mean it cannot send from a specific SIM, it cannot send from either SIM interchangeably, or something else?']
# END
Statement: Request Number - 1407 | Request Title - textsecure not an option when ""sharing"" an address book contact | Request Description - TextSecure is not an option when attempting to share a contact from the address book, in Android 4.4.2 when i select ""messaging"" it tells me ""messaging"" is not the default sms app. This would be a nice feature to have added to the app.
####
Reason: The pronoun ""it"" can point to multiple possible targets in the sentence, creating multiple interpretations.
####
Extracted Semantic ambiguity segment: it
####
Clarifying Question(s): ['When you wrote ""it tells me"", does ""it"" refer to TextSecure, the Android OS, or something else?']
# END
Request Number - 2055 | Request Title - use delivery receipts to show message received time for outgoing messages | Request Description - After long pressing on a message and selecting the info button, the message details are shown. This includes the sent and received times for incoming messages. For outgoing messages, in contrast, only one Sent/Received time is displayed, probably containing sent time. Now that delivery receipts are implemented, it would be possible to display the received time for outgoing messages (by taking the sent time from the receipt). Or to make it more precise, let the receipt message piggybag the real received time. This would make the user interface more consistent. When this is rejected for some reasons, I suggest renaming the ""Sent/Received"" label for outgoing messages to ""Sent"" because this is what it really is about.
####
Reason: ""it"" can refer to two references in the same sentence. 
####
Extracted Semantic ambiguity segment: it
####
Clarifying Question(s): ","['When you wrote ""it would be possible to display the received time,"" does ""it"" refer to displaying the received time utilizing delivery receipts, modifying the user interface, or something else?']","""When you mention 'it would be possible to display the received time for outgoing messages,' does 'it' refer to the implementation of using delivery receipts, the app itself, or something else?, When you mention 'when this is rejected for some reasons, I suggest renaming the ""Sent/Received"" label,' does 'this' refer to the proposal of displaying the received time for outgoing messages, the implementation of using delivery receipts, or something else?""","""When you mention 'it would be possible to display the received time for outgoing messages,' does 'it' refer to the potential implementation of this feature using delivery receipts, the existing method of displaying message details, or something else?""","['In the sentence ""Or to make it more precise, let the receipt message piggybag the real received time,"" does ""it"" refer to the action of making the receipt message more precise or the suggestion of letting the receipt carry the real received time?']","['In the sentence ""Now that delivery receipts are implemented, it would be possible to display the received time for outgoing messages,"" does ""it"" refer to the implementation of delivery receipts making it possible, or something else?', 'In the suggestion ""Or to make it more precise, let the receipt message piggybag the real received time,"" does ""it"" refer to making the feature more precise or to the receipt message itself?']","['In the sentence ""Now that delivery receipts are implemented, it would be possible to display the received time for outgoing messages,"" does ""it"" refer to the implementation of delivery receipts or the action of displaying the received time for outgoing messages?', 'In the suggestion to ""let the receipt message piggyback the real received time,"" does ""it"" refer to the receipt message or to the action of making the interface more precise by including the actual received time?']","['When you wrote ""it would be possible to display the received time for outgoing messages,"" does ""it"" refer to the implementation of delivery receipts or some other feature?', 'In the suggestion to ""let the receipt message piggyback the real received time,"" does ""it"" refer to the receipt message itself or another element?']","""When you mentioned 'it would be possible to display the received time for outgoing messages,' does 'it' refer to the implementation of delivery receipts or something else?"", ""In the sentence 'Or to make it more precise, let the receipt message piggyback the real received time,' does 'it' refer to the action of using delivery receipts to show the received time or the renaming of the 'Sent/Received' label?""","""When you mention 'it would be possible to display the received time for outgoing messages,' does 'it' refer to the implementation of delivery receipts, the process of displaying received time, or something else?"", ""When stating 'if this is rejected for some reasons, I suggest renaming the ""Sent/Received"" label,' does 'this' refer to the suggestion to display the received time for outgoing messages or the proposal to rename the label?""","['In the phrase ""Now that delivery receipts are implemented, it would be possible to display the received time for outgoing messages,"" does ""it"" refer to the implementation of delivery receipts itself, or the user interface being more consistent?', 'When mentioning ""Or to make it more precise, let the receipt message piggybag the real received time. This would make the user interface more consistent,"" does ""it"" refer to the receipt message carrying the received time, or the user interface being more consistent?']"
10,10,2055-Signal,"Request Number - 2055 | Request Title - use delivery receipts to show message received time for outgoing messages | Request Description - After long pressing on a message and selecting the info button, the message details are shown. This includes the sent and received times for incoming messages. For outgoing messages, in contrast, only one Sent/Received time is displayed, probably containing sent time. Now that delivery receipts are implemented, it would be possible to display the received time for outgoing messages (by taking the sent time from the receipt). Or to make it more precise, let the receipt message piggybag the real received time. This would make the user interface more consistent. When this is rejected for some reasons, I suggest renaming the ""Sent/Received"" label for outgoing messages to ""Sent"" because this is what it really is about.","only one Sent/Received time is displayed,",What time receipt is shown for an outgoing message?,['What time receipt is shown for an outgoing message?'],"Semantic ambiguity: a sentence has more than one way of reading it within its context, although it contains no lexical or syntactic ambiguity. Semantic ambiguity can be viewed as ambiguity with respect to the logical form, usually expressed in predicate logic, of a sentence.
You are a software analyst specializing in Semantic ambiguity resolution in GitHub feature requests.
Carefully read the provided statement along with the extracted Semantic ambiguity segment and the reasoning behind why the extracted text segment is considered ambiguous. Based on the information, generate clear and concise clarification questions aimed at addressing the Semantic ambiguity in the extracted text segment; include all generated clarifying questions in a single comma-separated list. Make sure to have all elements of the list in quotation marks.
Demonstrations are provided for clarity. Each demonstration is separated by the trigger word # END. Inside each demonstration, the statement, reason, extracted segment, and clarifying questions are separated using the trigger word ####. Strictly follow the provided demonstration.
Statement: Request Number - 1504 | Request Title - Notification Color for Individual Contacts or Groups | Request Description - how about we edit this one too?  or just delete it..... üôà
####
Reason: It is unclear how the different noun phrases (notification color, individual contacts, groups) associate with one another in a collective/distributive sense, creating multiple possible interpretations.
####
Extracted Semantic ambiguity segment: Notification Color for Individual Contacts or Groups
####
Clarifying Question(s): ['When writing ""notification color for individual contacts or groups"", are you suggesting one color for all individual contacts and one different color for all group messages, one different color for each individual and group, one color for all individual contact and group message notifications (to differentiate user communications from system or other types of notifications), or something else?']
# END
Statement: Request Number - 555 | Request Title - Not working in dual sim phone | Request Description - My friend has a dual sim Lava iris 405 and i have samsung galaxy s3. we both have installed the TextSecure when i start secure session, it sends Key exchange message and its received in my friends. After that it says Received and processed key exchange message but he is unable to send me any message, it says error sending. i know its giving problem because its a dual sim phone, text secure app is not able to send sms from particular sim and giving this error. Is dual sim phone supported by textSecure?
####
Reason: It is unclear whether the indefinite noun phrase ""particular sim"" is intended to be specific or non-specific, creating multiple possible interpretations.
####
Extracted Semantic ambiguity segment: particular sim
####
Clarifying Question(s): ['When you say the app is not able to send from a particular SIM, do you mean it cannot send from a specific SIM, it cannot send from either SIM interchangeably, or something else?']
# END
Statement: Request Number - 1407 | Request Title - textsecure not an option when ""sharing"" an address book contact | Request Description - TextSecure is not an option when attempting to share a contact from the address book, in Android 4.4.2 when i select ""messaging"" it tells me ""messaging"" is not the default sms app. This would be a nice feature to have added to the app.
####
Reason: The pronoun ""it"" can point to multiple possible targets in the sentence, creating multiple interpretations.
####
Extracted Semantic ambiguity segment: it
####
Clarifying Question(s): ['When you wrote ""it tells me"", does ""it"" refer to TextSecure, the Android OS, or something else?']
# END
Request Number - 2055 | Request Title - use delivery receipts to show message received time for outgoing messages | Request Description - After long pressing on a message and selecting the info button, the message details are shown. This includes the sent and received times for incoming messages. For outgoing messages, in contrast, only one Sent/Received time is displayed, probably containing sent time. Now that delivery receipts are implemented, it would be possible to display the received time for outgoing messages (by taking the sent time from the receipt). Or to make it more precise, let the receipt message piggybag the real received time. This would make the user interface more consistent. When this is rejected for some reasons, I suggest renaming the ""Sent/Received"" label for outgoing messages to ""Sent"" because this is what it really is about.
####
Reason: There are quantifiers ""only one"" and also ""/"" in the sentence. In this case, sent/received can be interpreted in two different ways: (1) sent or received. (2) sent and received as one token. 
####
Extracted Semantic ambiguity segment: only one Sent/Received time is displayed,
####
Clarifying Question(s): ","""When you mention 'only one Sent/Received time is displayed', do you mean that either the sent time or the received time is displayed at any given moment, or do you mean that the sent and received times are combined and presented as a single piece of information?""","['When stating ""only one Sent/Received time is displayed,"" do you mean that either the sent time or the received time is shown (and not the other), or that the sent and received times are collectively shown as one combined token?']","['When you say ""only one Sent/Received time is displayed,"" do you mean that there is either a sent or received time displayed as separate options, or that there is a single combined token displaying both sent and received as one entity?', 'Are you suggesting that the current display shows only the sent time and not the received time, or something else entirely?']","['When you mention ""only one Sent/Received time is displayed,"" are you referring to the possibility of displaying either the sent time or the received time separately, or are you indicating that the sent and received times are combined into a single token?']","[""When you mention 'only one Sent/Received time is displayed,' do you mean that the display shows either a sent or received time, or do you mean that it shows a combined sent/received timestamp as a single piece of information?""]","['When you mention ""only one Sent/Received time is displayed,"" are you suggesting that it is displaying either the sent time or the received time, or that it combines both into one label without distinction?']","['When referring to ""only one Sent/Received time is displayed,"" do you mean that only the sent time or only the received time is displayed, or are you suggesting that the sent and received times are represented together as a single token?', 'In the context of the feature request, does ""Sent/Received"" refer to two distinct times or a combined measurement?']","['When you mention ""only one Sent/Received time is displayed,"" do you mean it currently shows only the sent time, it shows either the sent or received time interchangeably, or it combines both sent and received in a single token?']","[""When you mention 'only one Sent/Received time is displayed', do you mean only one time that could either be the sent or received time is displayed, or that a single combined sent and received timestamp is displayed?"", ""Are you suggesting that the 'Sent/Received' label should be interpreted as two separate events or as a single event when you refer to 'only one Sent/Received time'?""]","['When you mention ""only one Sent/Received time is displayed,"" are you suggesting that only the sent time is shown, both sent and received times are expected to be shown as a combined field, or is there another interpretation?']"
11,11,6077-Signal,"Request Number - 6077 | Request Title - Update libphonenumber to >=8.2.0 (Cannot send SMS to my mobile provider) | Request Description - I have:   searched open and closed issues for duplicates  read https://github.com/WhisperSystems/Signal-Android/wiki/Submitting-useful-bug-reports  Bug description. My friend made me aware of this as I'm never checking my account status via SMS, but it doesn't work for me neither. To check our account status, we have to send an SMS message to 13977, but Signal fails to deliver it. I tried sending it through the native Oneplus SMS app and it goes through just fine, with an immediate response. I can send an SMS to other people, though, so it has something to do with that number. (Signal adds +385 to it for Croatia, maybe that's it?) Steps to reproduce.  send an SMS to my provider through Signal Actual result: it doesn't go through, ""Failed to send"", ""Some issues need your attention."" Expected result: Message should go through and I should get a response. Device info. Device: OnePlus3T Android version: 7.0 Signal version: 3.27.1 Link to debug log. https://gist.github.com/anonymous/f656572561ea3a91d0f4bbdeb98e587b",it.,"When you wrote ""Signal fails to deliver it"", does 'it' refer to ""an SMS message to 13977"", ""our account status"", or something else?","['When you wrote ""Signal fails to deliver it"", does \'it\' refer to ""an SMS message to 13977"", ""our account status"", or something else?']","Semantic ambiguity: a sentence has more than one way of reading it within its context, although it contains no lexical or syntactic ambiguity. Semantic ambiguity can be viewed as ambiguity with respect to the logical form, usually expressed in predicate logic, of a sentence.
You are a software analyst specializing in Semantic ambiguity resolution in GitHub feature requests.
Carefully read the provided statement along with the extracted Semantic ambiguity segment and the reasoning behind why the extracted text segment is considered ambiguous. Based on the information, generate clear and concise clarification questions aimed at addressing the Semantic ambiguity in the extracted text segment; include all generated clarifying questions in a single comma-separated list. Make sure to have all elements of the list in quotation marks.
Demonstrations are provided for clarity. Each demonstration is separated by the trigger word # END. Inside each demonstration, the statement, reason, extracted segment, and clarifying questions are separated using the trigger word ####. Strictly follow the provided demonstration.
Statement: Request Number - 1504 | Request Title - Notification Color for Individual Contacts or Groups | Request Description - how about we edit this one too?  or just delete it..... üôà
####
Reason: It is unclear how the different noun phrases (notification color, individual contacts, groups) associate with one another in a collective/distributive sense, creating multiple possible interpretations.
####
Extracted Semantic ambiguity segment: Notification Color for Individual Contacts or Groups
####
Clarifying Question(s): ['When writing ""notification color for individual contacts or groups"", are you suggesting one color for all individual contacts and one different color for all group messages, one different color for each individual and group, one color for all individual contact and group message notifications (to differentiate user communications from system or other types of notifications), or something else?']
# END
Statement: Request Number - 555 | Request Title - Not working in dual sim phone | Request Description - My friend has a dual sim Lava iris 405 and i have samsung galaxy s3. we both have installed the TextSecure when i start secure session, it sends Key exchange message and its received in my friends. After that it says Received and processed key exchange message but he is unable to send me any message, it says error sending. i know its giving problem because its a dual sim phone, text secure app is not able to send sms from particular sim and giving this error. Is dual sim phone supported by textSecure?
####
Reason: It is unclear whether the indefinite noun phrase ""particular sim"" is intended to be specific or non-specific, creating multiple possible interpretations.
####
Extracted Semantic ambiguity segment: particular sim
####
Clarifying Question(s): ['When you say the app is not able to send from a particular SIM, do you mean it cannot send from a specific SIM, it cannot send from either SIM interchangeably, or something else?']
# END
Statement: Request Number - 1407 | Request Title - textsecure not an option when ""sharing"" an address book contact | Request Description - TextSecure is not an option when attempting to share a contact from the address book, in Android 4.4.2 when i select ""messaging"" it tells me ""messaging"" is not the default sms app. This would be a nice feature to have added to the app.
####
Reason: The pronoun ""it"" can point to multiple possible targets in the sentence, creating multiple interpretations.
####
Extracted Semantic ambiguity segment: it
####
Clarifying Question(s): ['When you wrote ""it tells me"", does ""it"" refer to TextSecure, the Android OS, or something else?']
# END
Request Number - 6077 | Request Title - Update libphonenumber to >=8.2.0 (Cannot send SMS to my mobile provider) | Request Description - I have:   searched open and closed issues for duplicates  read https://github.com/WhisperSystems/Signal-Android/wiki/Submitting-useful-bug-reports  Bug description. My friend made me aware of this as I'm never checking my account status via SMS, but it doesn't work for me neither. To check our account status, we have to send an SMS message to 13977, but Signal fails to deliver it. I tried sending it through the native Oneplus SMS app and it goes through just fine, with an immediate response. I can send an SMS to other people, though, so it has something to do with that number. (Signal adds +385 to it for Croatia, maybe that's it?) Steps to reproduce.  send an SMS to my provider through Signal Actual result: it doesn't go through, ""Failed to send"", ""Some issues need your attention."" Expected result: Message should go through and I should get a response. Device info. Device: OnePlus3T Android version: 7.0 Signal version: 3.27.1 Link to debug log. https://gist.github.com/anonymous/f656572561ea3a91d0f4bbdeb98e587b
####
Reason: The pronoun 'it' could point to multiple noun phrases earlier in the sentence, creating multiple possible meanings.
####
Extracted Semantic ambiguity segment: it.
####
Clarifying Question(s): ","""When you wrote 'it doesn't work for me neither', does 'it' refer to checking the account status via SMS, sending an SMS to 13977, the Signal app not delivering messages, or something else?"", ""When you mentioned 'it goes through just fine' with the native OnePlus SMS app, does 'it' refer to the message being sent, an immediate response being received, or something else?""","[""In the context of your message, when you say 'it doesn't work for me neither', does 'it' refer to the process of checking your account status via SMS, the act of sending an SMS to the number 13977, or something else?"", ""When you mention 'Signal adds +385 to it for Croatia,' does 'it' refer to the destination number 13977, the SMS message, or something else?""]","['In the sentence ""Signal adds +385 to it for Croatia, maybe that\'s it?"", does ""it"" refer to the phone number 13977, the SMS message being sent, or something else?', 'In the sentence ""I tried sending it through the native Oneplus SMS app and it goes through just fine,"" what does ""it"" refer to — the SMS message, the process of sending the message, or something else?']","['In the context ""Signal adds +385 to it for Croatia, maybe that\'s it?"", does ""it"" refer to the phone number 13977, the entire SMS message, or something else?', 'When stating ""it doesn\'t work for me neither,"" does ""it"" refer to checking account status via SMS, sending an SMS through Signal, or something else?']","['In the sentence ""but it doesn\'t work for me neither,"" does ""it"" refer to checking your account status via SMS, sending an SMS to 13977, or something else?', 'When you mention ""Signal adds +385 to it for Croatia, maybe that\'s it?"" does ""it"" refer to the number 13977, the SMS message, or something else?', 'In the segment ""it goes through just fine, with an immediate response,"" does ""it"" refer to the SMS message, the sending process, or something else?']","""When you mentioned 'it doesn't work for me neither,' does 'it' refer to the process of checking account status via SMS, the failure of Signal to send the SMS, or something else?"", ""When you wrote 'Signal adds +385 to it for Croatia, maybe that's it?' does 'it' refer to the number 13977, the added country code, or something else?""","['When you wrote ""it doesn\'t work for me neither"" and ""Signal fails to deliver it,"" does ""it"" refer to checking the account status via SMS, sending an SMS to 13977, sending an SMS in general, or something else?']","""When you mention 'Signal fails to deliver it', does 'it' refer to the SMS message to 13977, the action of sending the message, or something else?"", ""When you write 'Signal adds +385 to it for Croatia, maybe that's it?', does 'it' refer to the number 13977, the SMS message, or something else?"", ""In 'sending it through the native Oneplus SMS app', does 'it' refer to the SMS message, the number 13977, or something else?""","['When you mention ""it"" in the phrase ""it doesn\'t work for me neither,"" are you referring to the ability to check the account status via SMS, the specific SMS message being sent to 13977, or something else?']","""When you say 'it doesn't work for me neither', are you referring to checking your account status via SMS, sending an SMS to 13977 through Signal, or something else?"", ""When you mention 'Signal adds +385 to it for Croatia', does 'it' refer to the phone number 13977, the process of sending SMS, or another aspect?"""
12,12,801-Signal,"Request Number - 801 | Request Title - Feature request: Mute Group (or any user) | Request Description - Sometimes friends in a group are discussing something I'm not interested in and my phone would go nuts vibrating and ringing all the time. A ""Mute for X minutes/hours"" feature would be awesome.",any,"When you wrote ""any user"", do you mean ""a selected user"", ""all applicable users"", or something else?","['When you wrote ""any user"", do you mean ""a selected user"", ""all applicable users"", or something else?']","Semantic ambiguity: a sentence has more than one way of reading it within its context, although it contains no lexical or syntactic ambiguity. Semantic ambiguity can be viewed as ambiguity with respect to the logical form, usually expressed in predicate logic, of a sentence.
You are a software analyst specializing in Semantic ambiguity resolution in GitHub feature requests.
Carefully read the provided statement along with the extracted Semantic ambiguity segment and the reasoning behind why the extracted text segment is considered ambiguous. Based on the information, generate clear and concise clarification questions aimed at addressing the Semantic ambiguity in the extracted text segment; include all generated clarifying questions in a single comma-separated list. Make sure to have all elements of the list in quotation marks.
Demonstrations are provided for clarity. Each demonstration is separated by the trigger word # END. Inside each demonstration, the statement, reason, extracted segment, and clarifying questions are separated using the trigger word ####. Strictly follow the provided demonstration.
Statement: Request Number - 1504 | Request Title - Notification Color for Individual Contacts or Groups | Request Description - how about we edit this one too?  or just delete it..... üôà
####
Reason: It is unclear how the different noun phrases (notification color, individual contacts, groups) associate with one another in a collective/distributive sense, creating multiple possible interpretations.
####
Extracted Semantic ambiguity segment: Notification Color for Individual Contacts or Groups
####
Clarifying Question(s): ['When writing ""notification color for individual contacts or groups"", are you suggesting one color for all individual contacts and one different color for all group messages, one different color for each individual and group, one color for all individual contact and group message notifications (to differentiate user communications from system or other types of notifications), or something else?']
# END
Statement: Request Number - 555 | Request Title - Not working in dual sim phone | Request Description - My friend has a dual sim Lava iris 405 and i have samsung galaxy s3. we both have installed the TextSecure when i start secure session, it sends Key exchange message and its received in my friends. After that it says Received and processed key exchange message but he is unable to send me any message, it says error sending. i know its giving problem because its a dual sim phone, text secure app is not able to send sms from particular sim and giving this error. Is dual sim phone supported by textSecure?
####
Reason: It is unclear whether the indefinite noun phrase ""particular sim"" is intended to be specific or non-specific, creating multiple possible interpretations.
####
Extracted Semantic ambiguity segment: particular sim
####
Clarifying Question(s): ['When you say the app is not able to send from a particular SIM, do you mean it cannot send from a specific SIM, it cannot send from either SIM interchangeably, or something else?']
# END
Statement: Request Number - 1407 | Request Title - textsecure not an option when ""sharing"" an address book contact | Request Description - TextSecure is not an option when attempting to share a contact from the address book, in Android 4.4.2 when i select ""messaging"" it tells me ""messaging"" is not the default sms app. This would be a nice feature to have added to the app.
####
Reason: The pronoun ""it"" can point to multiple possible targets in the sentence, creating multiple interpretations.
####
Extracted Semantic ambiguity segment: it
####
Clarifying Question(s): ['When you wrote ""it tells me"", does ""it"" refer to TextSecure, the Android OS, or something else?']
# END
Request Number - 801 | Request Title - Feature request: Mute Group (or any user) | Request Description - Sometimes friends in a group are discussing something I'm not interested in and my phone would go nuts vibrating and ringing all the time. A ""Mute for X minutes/hours"" feature would be awesome.
####
Reason: The word ""any"" can have a specific or non-specific meaning, affecting the scope implied by the term and creating multiple possible meanings.
####
Extracted Semantic ambiguity segment: any
####
Clarifying Question(s): ","['When you mention ""any user"" in the context of the mute feature, do you mean the ability to mute specific users on a case-by-case basis, the ability to mute all users universally with a single option, or something else?']","['When you say ""mute group (or any user)"", does ""any"" refer to muting any specific user chosen by the ser, muting all users within a group, or another scope of muting someone on the platform?']","['When you mention the option to ""mute any user,"" are you suggesting the ability to mute a specific user selected from a group, the ability to mute any user across the app at any time, or something else?']","['When you mention ""Mute Group (or any user)"", does ""any"" refer to the ability to mute any specific user chosen by the user, to mute all users except for specific ones, or to some other functionality?']","['When you say ""Mute Group (or any user)"", does ""any"" refer to a specific user within a group that you select to mute, any user from any of your contacts, or something else?']","""When you say 'Mute Group (or any user)', does 'any' refer to specific users you select each time, any user automatically based on certain criteria, or something else entirely?""","['When you mention ""any user,"" are you suggesting the ability to mute notifications for a specific user within a group, the ability to mute notifications for all users in any group, the ability to mute individual users outside of group contexts, or something else?']","['When you mention ""mute any user,"" are you referring to being able to mute a specific user within a group, the ability to mute all users in different situations, or something else?']","['When you say ""Mute Group (or any user)"", does ""any"" refer to muting a specific user of your choice, muting all users except a specified group, or some other scenario?']","['When you say ""mute group (or any user)"", does ""any"" refer to specific users you choose to mute, any user engaging in the group conversation, or any user in your entire contact list regardless of group participation?']"
13,13,604-Signal,"Request Number - 604 | Request Title - Number registration (for push messaging) doesn't work with Google Voice | Request Description - The new push based TextSecure doesn't seem to like using Google Voice numbers (which are then forwarded to my phone's real number via SMS).  Although there are of course privacy downsides associated with letting Google see all of your incoming/outgoing SMS data, there are also serious privacy harms associated with letting people know your actual phone number, rather than a number that will just forward texts to you* The first step of the TextSecure number registration process (""Connecting"") works fine. An incoming text message with the verification code is received by the default Android SMS app, but TextSecure doesn't catch it. Thankfully, after 2 minutes of waiting, I am given the opportunity verify by voice, which does work.",it.,"When you wrote ""TextSecure doesn't catch it"", do you mean ""TextSecure doesn't catch the message"", ""TextSecure doesn't catch the verification code"", or something else?","['When you wrote ""TextSecure doesn\'t catch it"", do you mean ""TextSecure doesn\'t catch the message"", ""TextSecure doesn\'t catch the verification code"", or something else?']","Semantic ambiguity: a sentence has more than one way of reading it within its context, although it contains no lexical or syntactic ambiguity. Semantic ambiguity can be viewed as ambiguity with respect to the logical form, usually expressed in predicate logic, of a sentence.
You are a software analyst specializing in Semantic ambiguity resolution in GitHub feature requests.
Carefully read the provided statement along with the extracted Semantic ambiguity segment and the reasoning behind why the extracted text segment is considered ambiguous. Based on the information, generate clear and concise clarification questions aimed at addressing the Semantic ambiguity in the extracted text segment; include all generated clarifying questions in a single comma-separated list. Make sure to have all elements of the list in quotation marks.
Demonstrations are provided for clarity. Each demonstration is separated by the trigger word # END. Inside each demonstration, the statement, reason, extracted segment, and clarifying questions are separated using the trigger word ####. Strictly follow the provided demonstration.
Statement: Request Number - 1504 | Request Title - Notification Color for Individual Contacts or Groups | Request Description - how about we edit this one too?  or just delete it..... üôà
####
Reason: It is unclear how the different noun phrases (notification color, individual contacts, groups) associate with one another in a collective/distributive sense, creating multiple possible interpretations.
####
Extracted Semantic ambiguity segment: Notification Color for Individual Contacts or Groups
####
Clarifying Question(s): ['When writing ""notification color for individual contacts or groups"", are you suggesting one color for all individual contacts and one different color for all group messages, one different color for each individual and group, one color for all individual contact and group message notifications (to differentiate user communications from system or other types of notifications), or something else?']
# END
Statement: Request Number - 555 | Request Title - Not working in dual sim phone | Request Description - My friend has a dual sim Lava iris 405 and i have samsung galaxy s3. we both have installed the TextSecure when i start secure session, it sends Key exchange message and its received in my friends. After that it says Received and processed key exchange message but he is unable to send me any message, it says error sending. i know its giving problem because its a dual sim phone, text secure app is not able to send sms from particular sim and giving this error. Is dual sim phone supported by textSecure?
####
Reason: It is unclear whether the indefinite noun phrase ""particular sim"" is intended to be specific or non-specific, creating multiple possible interpretations.
####
Extracted Semantic ambiguity segment: particular sim
####
Clarifying Question(s): ['When you say the app is not able to send from a particular SIM, do you mean it cannot send from a specific SIM, it cannot send from either SIM interchangeably, or something else?']
# END
Statement: Request Number - 1407 | Request Title - textsecure not an option when ""sharing"" an address book contact | Request Description - TextSecure is not an option when attempting to share a contact from the address book, in Android 4.4.2 when i select ""messaging"" it tells me ""messaging"" is not the default sms app. This would be a nice feature to have added to the app.
####
Reason: The pronoun ""it"" can point to multiple possible targets in the sentence, creating multiple interpretations.
####
Extracted Semantic ambiguity segment: it
####
Clarifying Question(s): ['When you wrote ""it tells me"", does ""it"" refer to TextSecure, the Android OS, or something else?']
# END
Request Number - 604 | Request Title - Number registration (for push messaging) doesn't work with Google Voice | Request Description - The new push based TextSecure doesn't seem to like using Google Voice numbers (which are then forwarded to my phone's real number via SMS).  Although there are of course privacy downsides associated with letting Google see all of your incoming/outgoing SMS data, there are also serious privacy harms associated with letting people know your actual phone number, rather than a number that will just forward texts to you* The first step of the TextSecure number registration process (""Connecting"") works fine. An incoming text message with the verification code is received by the default Android SMS app, but TextSecure doesn't catch it. Thankfully, after 2 minutes of waiting, I am given the opportunity verify by voice, which does work.
####
Reason: The pronoun 'it' can refer to two different targets in the sentence, changing the nature of the problem based on the interpretation.
####
Extracted Semantic ambiguity segment: it.
####
Clarifying Question(s): ","['When you mention ""TextSecure doesn\'t catch it,"" does ""it"" refer to the incoming text message with the verification code or something else?']","['In the sentence ""but TextSecure doesn\'t catch it,"" does ""it"" refer to the verification code message or the incoming text message with the verification code?']","['When you wrote ""TextSecure doesn\'t catch it"", does ""it"" refer to the incoming text message with the verification code, the opportunity to verify by voice, or something else?']","""When you say 'TextSecure doesn't catch it,' does 'it' refer to the incoming text message with the verification code, the opportunity to verify by voice, or something else?""","['When you wrote ""TextSecure doesn\'t catch it,"" does ""it"" refer to the incoming text message with the verification code, or something else?']","""When you wrote 'it doesn't seem to like using Google Voice numbers,' does 'it' refer to the TextSecure app, the push messaging system, or something else?""","""When you mentioned 'TextSecure doesn't catch it,' does 'it' refer to the incoming text message with the verification code, the default Android SMS app receiving the message, or something else?""","['In the sentence ""TextSecure doesn\'t catch it,"" does ""it"" refer to the verification code text message or the opportunity to verify by voice?']","['In the sentence ""but TextSecure doesn\'t catch it,"" does ""it"" refer to the incoming text message with the verification code or the verification process overall?']","""When you wrote 'TextSecure doesn't catch it,' does 'it' refer to the incoming text message with the verification code, the opportunity to verify by voice, or something else?"""
14,14,757-Signal,"Request Number - 757 | Request Title - different notification settings for group chats | Request Description - It would be very nice to be able to change the notification settings for goups independently from other (personal) chats, as group chats might have a lower priority for the user.",notification settings for goups,"When you wrote ""notification settings for all goups"", did you mean notification settings for all groups together, notification settings for each group individually, or something else?","['When you wrote ""notification settings for all goups"", did you mean notification settings for all groups together, notification settings for each group individually, or something else?']","Semantic ambiguity: a sentence has more than one way of reading it within its context, although it contains no lexical or syntactic ambiguity. Semantic ambiguity can be viewed as ambiguity with respect to the logical form, usually expressed in predicate logic, of a sentence.
You are a software analyst specializing in Semantic ambiguity resolution in GitHub feature requests.
Carefully read the provided statement along with the extracted Semantic ambiguity segment and the reasoning behind why the extracted text segment is considered ambiguous. Based on the information, generate clear and concise clarification questions aimed at addressing the Semantic ambiguity in the extracted text segment; include all generated clarifying questions in a single comma-separated list. Make sure to have all elements of the list in quotation marks.
Demonstrations are provided for clarity. Each demonstration is separated by the trigger word # END. Inside each demonstration, the statement, reason, extracted segment, and clarifying questions are separated using the trigger word ####. Strictly follow the provided demonstration.
Statement: Request Number - 1407 | Request Title - textsecure not an option when ""sharing"" an address book contact | Request Description - TextSecure is not an option when attempting to share a contact from the address book, in Android 4.4.2 when i select ""messaging"" it tells me ""messaging"" is not the default sms app. This would be a nice feature to have added to the app.
####
Reason: The pronoun ""it"" can point to multiple possible targets in the sentence, creating multiple interpretations.
####
Extracted Semantic ambiguity segment: it
####
Clarifying Question(s): ['When you wrote ""it tells me"", does ""it"" refer to TextSecure, the Android OS, or something else?']
# END
Statement: Request Number - 1504 | Request Title - Notification Color for Individual Contacts or Groups | Request Description - how about we edit this one too?  or just delete it..... üôà
####
Reason: It is unclear how the different noun phrases (notification color, individual contacts, groups) associate with one another in a collective/distributive sense, creating multiple possible interpretations.
####
Extracted Semantic ambiguity segment: Notification Color for Individual Contacts or Groups
####
Clarifying Question(s): ['When writing ""notification color for individual contacts or groups"", are you suggesting one color for all individual contacts and one different color for all group messages, one different color for each individual and group, one color for all individual contact and group message notifications (to differentiate user communications from system or other types of notifications), or something else?']
# END
Statement: Request Number - 555 | Request Title - Not working in dual sim phone | Request Description - My friend has a dual sim Lava iris 405 and i have samsung galaxy s3. we both have installed the TextSecure when i start secure session, it sends Key exchange message and its received in my friends. After that it says Received and processed key exchange message but he is unable to send me any message, it says error sending. i know its giving problem because its a dual sim phone, text secure app is not able to send sms from particular sim and giving this error. Is dual sim phone supported by textSecure?
####
Reason: It is unclear whether the indefinite noun phrase ""particular sim"" is intended to be specific or non-specific, creating multiple possible interpretations.
####
Extracted Semantic ambiguity segment: particular sim
####
Clarifying Question(s): ['When you say the app is not able to send from a particular SIM, do you mean it cannot send from a specific SIM, it cannot send from either SIM interchangeably, or something else?']
# END
Request Number - 757 | Request Title - different notification settings for group chats | Request Description - It would be very nice to be able to change the notification settings for goups independently from other (personal) chats, as group chats might have a lower priority for the user.
####
Reason: The interaction between the term ""settings"" and the plural ""groups"" can be interpreted as having the collective scope of ""all groups"" or the distributive scope of ""each group"", which creates multiple possible interpretations.
####
Extracted Semantic ambiguity segment: notification settings for goups
####
Clarifying Question(s): ","['When referring to ""notification settings for groups"", are you suggesting one set of notification settings for all group chats, different settings for each individual group chat, or something else?']","['When mentioning ""notification settings for groups,"" do you mean having one set of notification settings that applies to all group chats collectively or having the ability to configure notification settings for each group chat individually?']","[""When you mention 'notification settings for groups', are you suggesting a single set of settings to be applied to all group chats collectively or different settings for each group chat individually?""]","['When referring to ""notification settings for groups"", do you mean having the same notification settings applied to all group chats collectively or different notification settings for each group chat individually?']","['When you mention ""notification settings for groups,"" are you suggesting one setting for all group chats collectively, different settings for each individual group chat, or something else?']","[""When you mention 'different notification settings for groups', are you suggesting a single set of settings that applies to all groups collectively, a separate set of settings for each group individually, or something else?""]","[""When stating 'notification settings for groups', do you mean the same settings should apply collectively to all groups, different settings for each group, or something else?""]","""When you say 'notification settings for groups', are you suggesting different settings for all groups collectively, different settings for each group individually, or something else?""","""When you mention changing 'notification settings for groups', are you proposing one unified setting applicable to all group chats collectively, distinct settings for each individual group chat, or something else?""","['When you mention ""notification settings for groups"", are you suggesting a single setting to apply uniformly to all group chats, a different setting for each individual group chat, or something else?']"
15,15,6069-Signal,"Request Number - 6069 | Request Title - Unread notification badges do not work on Huawei EMUI | Request Description - I have:   searched open and closed issues for duplicates  read https://github.com/WhisperSystems/Signal-Android/wiki/Submitting-useful-bug-reports  Bug description. I've installed Signal on a Honor 8 (made by Huawei) with EMUI 4.1 (Android 6.0). I've noticed that Signal receives notifications on new messages and they are also listed in the notification area, but the unread notifications badge on the app icon on the home screen is not shown. In Signal support articles there is mentioned, that badge icons are supported for some launchers, see https://support.whispersystems.org/hc/en-us/articles/215766077-How-can-I-see-my-unread-badge-count-What-launcher-should-I-use- So far I could not find out if this is a Signal or EMUI problem, but Threema and Conversations show the notification badges. Device info. Device: Honor 8 Android version: 6.0 Signal version: 3.26.2",they,"When you wrote ""they are also listed in the notification area"", does 'they' refer to 'notifications', 'messages', or something else?","['When you wrote ""they are also listed in the notification area"", does \'they\' refer to \'notifications\', \'messages\', or something else?']","Semantic ambiguity: a sentence has more than one way of reading it within its context, although it contains no lexical or syntactic ambiguity. Semantic ambiguity can be viewed as ambiguity with respect to the logical form, usually expressed in predicate logic, of a sentence.
You are a software analyst specializing in Semantic ambiguity resolution in GitHub feature requests.
Carefully read the provided statement along with the extracted Semantic ambiguity segment and the reasoning behind why the extracted text segment is considered ambiguous. Based on the information, generate clear and concise clarification questions aimed at addressing the Semantic ambiguity in the extracted text segment; include all generated clarifying questions in a single comma-separated list. Make sure to have all elements of the list in quotation marks.
Demonstrations are provided for clarity. Each demonstration is separated by the trigger word # END. Inside each demonstration, the statement, reason, extracted segment, and clarifying questions are separated using the trigger word ####. Strictly follow the provided demonstration.
Statement: Request Number - 1407 | Request Title - textsecure not an option when ""sharing"" an address book contact | Request Description - TextSecure is not an option when attempting to share a contact from the address book, in Android 4.4.2 when i select ""messaging"" it tells me ""messaging"" is not the default sms app. This would be a nice feature to have added to the app.
####
Reason: The pronoun ""it"" can point to multiple possible targets in the sentence, creating multiple interpretations.
####
Extracted Semantic ambiguity segment: it
####
Clarifying Question(s): ['When you wrote ""it tells me"", does ""it"" refer to TextSecure, the Android OS, or something else?']
# END
Statement: Request Number - 1504 | Request Title - Notification Color for Individual Contacts or Groups | Request Description - how about we edit this one too?  or just delete it..... üôà
####
Reason: It is unclear how the different noun phrases (notification color, individual contacts, groups) associate with one another in a collective/distributive sense, creating multiple possible interpretations.
####
Extracted Semantic ambiguity segment: Notification Color for Individual Contacts or Groups
####
Clarifying Question(s): ['When writing ""notification color for individual contacts or groups"", are you suggesting one color for all individual contacts and one different color for all group messages, one different color for each individual and group, one color for all individual contact and group message notifications (to differentiate user communications from system or other types of notifications), or something else?']
# END
Statement: Request Number - 555 | Request Title - Not working in dual sim phone | Request Description - My friend has a dual sim Lava iris 405 and i have samsung galaxy s3. we both have installed the TextSecure when i start secure session, it sends Key exchange message and its received in my friends. After that it says Received and processed key exchange message but he is unable to send me any message, it says error sending. i know its giving problem because its a dual sim phone, text secure app is not able to send sms from particular sim and giving this error. Is dual sim phone supported by textSecure?
####
Reason: It is unclear whether the indefinite noun phrase ""particular sim"" is intended to be specific or non-specific, creating multiple possible interpretations.
####
Extracted Semantic ambiguity segment: particular sim
####
Clarifying Question(s): ['When you say the app is not able to send from a particular SIM, do you mean it cannot send from a specific SIM, it cannot send from either SIM interchangeably, or something else?']
# END
Request Number - 6069 | Request Title - Unread notification badges do not work on Huawei EMUI | Request Description - I have:   searched open and closed issues for duplicates  read https://github.com/WhisperSystems/Signal-Android/wiki/Submitting-useful-bug-reports  Bug description. I've installed Signal on a Honor 8 (made by Huawei) with EMUI 4.1 (Android 6.0). I've noticed that Signal receives notifications on new messages and they are also listed in the notification area, but the unread notifications badge on the app icon on the home screen is not shown. In Signal support articles there is mentioned, that badge icons are supported for some launchers, see https://support.whispersystems.org/hc/en-us/articles/215766077-How-can-I-see-my-unread-badge-count-What-launcher-should-I-use- So far I could not find out if this is a Signal or EMUI problem, but Threema and Conversations show the notification badges. Device info. Device: Honor 8 Android version: 6.0 Signal version: 3.26.2
####
Reason: The pronoun ""they"" can point to two possible targets in the sentence, creating multiple possible interpretations.
####
Extracted Semantic ambiguity segment: they
####
Clarifying Question(s): ","['In the sentence ""they are also listed in the notification area,"" does ""they"" refer to the notifications themselves or the new messages?']","""When you say 'they are also listed in the notification area,' does 'they' refer to the new messages, the notifications, or something else?""","""When you wrote 'they are also listed in the notification area,' does 'they' refer to the notifications or to the new messages?""","['When you wrote ""they are also listed in the notification area"", does ""they"" refer to the notifications for new messages received by Signal or to the new messages themselves?']","""When you wrote 'they are also listed in the notification area', does 'they' refer to the notifications themselves, the new messages, or something else?""","""Does 'they are also listed in the notification area' refer to the notifications for new messages, the unread notification badges, or something else?""","['In the sentence ""Signal receives notifications on new messages and they are also listed in the notification area,"" does ""they"" refer to the notifications or the new messages?']","""When you mentioned 'they are also listed in the notification area', does 'they' refer to the notifications of new messages or to the unread notifications badge?""","""When you wrote 'they are also listed in the notification area', does 'they' refer to the new messages or the notifications themselves?""","['When you mention ""they are also listed in the notification area,"" does ""they"" refer to the notifications for new messages, the unread notifications badges, or something else?']"
16,16,2055-Signal,"Request Number - 2055 | Request Title - use delivery receipts to show message received time for outgoing messages | Request Description - After long pressing on a message and selecting the info button, the message details are shown. This includes the sent and received times for incoming messages. For outgoing messages, in contrast, only one Sent/Received time is displayed, probably containing sent time. Now that delivery receipts are implemented, it would be possible to display the received time for outgoing messages (by taking the sent time from the receipt). Or to make it more precise, let the receipt message piggybag the real received time. This would make the user interface more consistent. When this is rejected for some reasons, I suggest renaming the ""Sent/Received"" label for outgoing messages to ""Sent"" because this is what it really is about.",it,"What do you mean by ""it"" when you stated, ""because this is what it really is about""?","['What do you mean by ""it"" when you stated, ""because this is what it really is about""?']","Semantic ambiguity: a sentence has more than one way of reading it within its context, although it contains no lexical or syntactic ambiguity. Semantic ambiguity can be viewed as ambiguity with respect to the logical form, usually expressed in predicate logic, of a sentence.
You are a software analyst specializing in Semantic ambiguity resolution in GitHub feature requests.
Carefully read the provided statement along with the extracted Semantic ambiguity segment and the reasoning behind why the extracted text segment is considered ambiguous. Based on the information, generate clear and concise clarification questions aimed at addressing the Semantic ambiguity in the extracted text segment; include all generated clarifying questions in a single comma-separated list. Make sure to have all elements of the list in quotation marks.
Demonstrations are provided for clarity. Each demonstration is separated by the trigger word # END. Inside each demonstration, the statement, reason, extracted segment, and clarifying questions are separated using the trigger word ####. Strictly follow the provided demonstration.
Statement: Request Number - 1407 | Request Title - textsecure not an option when ""sharing"" an address book contact | Request Description - TextSecure is not an option when attempting to share a contact from the address book, in Android 4.4.2 when i select ""messaging"" it tells me ""messaging"" is not the default sms app. This would be a nice feature to have added to the app.
####
Reason: The pronoun ""it"" can point to multiple possible targets in the sentence, creating multiple interpretations.
####
Extracted Semantic ambiguity segment: it
####
Clarifying Question(s): ['When you wrote ""it tells me"", does ""it"" refer to TextSecure, the Android OS, or something else?']
# END
Statement: Request Number - 1504 | Request Title - Notification Color for Individual Contacts or Groups | Request Description - how about we edit this one too?  or just delete it..... üôà
####
Reason: It is unclear how the different noun phrases (notification color, individual contacts, groups) associate with one another in a collective/distributive sense, creating multiple possible interpretations.
####
Extracted Semantic ambiguity segment: Notification Color for Individual Contacts or Groups
####
Clarifying Question(s): ['When writing ""notification color for individual contacts or groups"", are you suggesting one color for all individual contacts and one different color for all group messages, one different color for each individual and group, one color for all individual contact and group message notifications (to differentiate user communications from system or other types of notifications), or something else?']
# END
Statement: Request Number - 555 | Request Title - Not working in dual sim phone | Request Description - My friend has a dual sim Lava iris 405 and i have samsung galaxy s3. we both have installed the TextSecure when i start secure session, it sends Key exchange message and its received in my friends. After that it says Received and processed key exchange message but he is unable to send me any message, it says error sending. i know its giving problem because its a dual sim phone, text secure app is not able to send sms from particular sim and giving this error. Is dual sim phone supported by textSecure?
####
Reason: It is unclear whether the indefinite noun phrase ""particular sim"" is intended to be specific or non-specific, creating multiple possible interpretations.
####
Extracted Semantic ambiguity segment: particular sim
####
Clarifying Question(s): ['When you say the app is not able to send from a particular SIM, do you mean it cannot send from a specific SIM, it cannot send from either SIM interchangeably, or something else?']
# END
Request Number - 2055 | Request Title - use delivery receipts to show message received time for outgoing messages | Request Description - After long pressing on a message and selecting the info button, the message details are shown. This includes the sent and received times for incoming messages. For outgoing messages, in contrast, only one Sent/Received time is displayed, probably containing sent time. Now that delivery receipts are implemented, it would be possible to display the received time for outgoing messages (by taking the sent time from the receipt). Or to make it more precise, let the receipt message piggybag the real received time. This would make the user interface more consistent. When this is rejected for some reasons, I suggest renaming the ""Sent/Received"" label for outgoing messages to ""Sent"" because this is what it really is about.
####
Reason: ""it"" can refer to two references in the same sentence. 
####
Extracted Semantic ambiguity segment: it
####
Clarifying Question(s): ","[""In your statement, does 'it' refer to the displayed 'Sent/Received' time, the proposed feature of showing delivery receipts for outgoing messages, or something else?""]","""When mentioning 'it would be possible to display the received time for outgoing messages,' does 'it' refer to using delivery receipts to calculate received time, the ability of the app itself to show this information, or something else?""","""When writing 'it would be possible to display the received time for outgoing messages,' does 'it' refer to the feature of delivery receipts, the user interface, or something else?""","['In the sentence ""Now that delivery receipts are implemented, it would be possible to display the received time for outgoing messages,"" does ""it"" refer to the implementation of delivery receipts or the suggestion to display received times?', 'In ""Or to make it more precise, let the receipt message piggyback the real received time,"" does ""it"" refer to the receipt message itself or the action of piggybacking the received time?']","['In the sentence ""Now that delivery receipts are implemented, it would be possible to display the received time for outgoing messages"", does ""it"" refer to the implementation of delivery receipts making this possible, or does it refer to another factor making the display of received time possible?', 'In the phrase ""let the receipt message piggybag the real received time"", does ""it"" refer to the receipt message or something else?']","[""In the sentence 'Now that delivery receipts are implemented, it would be possible to display the received time for outgoing messages,' does 'it' refer to the implementation of delivery receipts or to some other aspect of the system?"", ""In 'Or to make it more precise, let the receipt message piggybag the real received time,' does 'it' refer to the act of displaying the received time or something else?""]","""When you wrote 'it would be possible to display the received time for outgoing messages,' does 'it' refer to the implementation of delivery receipts or to the message details display function, or something else?""","""When you say 'it would be possible to display the received time for outgoing messages,' does 'it' refer to the implementation of delivery receipts or the existing feature of showing message details, or something else?""","""When you say 'it would be possible to display the received time for outgoing messages,' does 'it' refer to the new feature functionality using delivery receipts or something else?, Does 'it' in 'it really is about' refer to the 'Sent/Received' label or the action of sending?""","['In the phrase ""it would be possible to display the received time for outgoing messages"", does ""it"" refer to the implementation of delivery receipts or some other element of the system?', 'In your statement ""Or to make it more precise, let the receipt message piggyback the real received time"", does ""it"" refer to the piggybacking action or something else?']"
17,17,2055-Signal,"Request Number - 2055 | Request Title - use delivery receipts to show message received time for outgoing messages | Request Description - After long pressing on a message and selecting the info button, the message details are shown. This includes the sent and received times for incoming messages. For outgoing messages, in contrast, only one Sent/Received time is displayed, probably containing sent time. Now that delivery receipts are implemented, it would be possible to display the received time for outgoing messages (by taking the sent time from the receipt). Or to make it more precise, let the receipt message piggybag the real received time. This would make the user interface more consistent. When this is rejected for some reasons, I suggest renaming the ""Sent/Received"" label for outgoing messages to ""Sent"" because this is what it really is about.","only one Sent/Received time is displayed,",What time receipt is shown for an outgoing message?,['What time receipt is shown for an outgoing message?'],"Semantic ambiguity: a sentence has more than one way of reading it within its context, although it contains no lexical or syntactic ambiguity. Semantic ambiguity can be viewed as ambiguity with respect to the logical form, usually expressed in predicate logic, of a sentence.
You are a software analyst specializing in Semantic ambiguity resolution in GitHub feature requests.
Carefully read the provided statement along with the extracted Semantic ambiguity segment and the reasoning behind why the extracted text segment is considered ambiguous. Based on the information, generate clear and concise clarification questions aimed at addressing the Semantic ambiguity in the extracted text segment; include all generated clarifying questions in a single comma-separated list. Make sure to have all elements of the list in quotation marks.
Demonstrations are provided for clarity. Each demonstration is separated by the trigger word # END. Inside each demonstration, the statement, reason, extracted segment, and clarifying questions are separated using the trigger word ####. Strictly follow the provided demonstration.
Statement: Request Number - 1407 | Request Title - textsecure not an option when ""sharing"" an address book contact | Request Description - TextSecure is not an option when attempting to share a contact from the address book, in Android 4.4.2 when i select ""messaging"" it tells me ""messaging"" is not the default sms app. This would be a nice feature to have added to the app.
####
Reason: The pronoun ""it"" can point to multiple possible targets in the sentence, creating multiple interpretations.
####
Extracted Semantic ambiguity segment: it
####
Clarifying Question(s): ['When you wrote ""it tells me"", does ""it"" refer to TextSecure, the Android OS, or something else?']
# END
Statement: Request Number - 1504 | Request Title - Notification Color for Individual Contacts or Groups | Request Description - how about we edit this one too?  or just delete it..... üôà
####
Reason: It is unclear how the different noun phrases (notification color, individual contacts, groups) associate with one another in a collective/distributive sense, creating multiple possible interpretations.
####
Extracted Semantic ambiguity segment: Notification Color for Individual Contacts or Groups
####
Clarifying Question(s): ['When writing ""notification color for individual contacts or groups"", are you suggesting one color for all individual contacts and one different color for all group messages, one different color for each individual and group, one color for all individual contact and group message notifications (to differentiate user communications from system or other types of notifications), or something else?']
# END
Statement: Request Number - 555 | Request Title - Not working in dual sim phone | Request Description - My friend has a dual sim Lava iris 405 and i have samsung galaxy s3. we both have installed the TextSecure when i start secure session, it sends Key exchange message and its received in my friends. After that it says Received and processed key exchange message but he is unable to send me any message, it says error sending. i know its giving problem because its a dual sim phone, text secure app is not able to send sms from particular sim and giving this error. Is dual sim phone supported by textSecure?
####
Reason: It is unclear whether the indefinite noun phrase ""particular sim"" is intended to be specific or non-specific, creating multiple possible interpretations.
####
Extracted Semantic ambiguity segment: particular sim
####
Clarifying Question(s): ['When you say the app is not able to send from a particular SIM, do you mean it cannot send from a specific SIM, it cannot send from either SIM interchangeably, or something else?']
# END
Request Number - 2055 | Request Title - use delivery receipts to show message received time for outgoing messages | Request Description - After long pressing on a message and selecting the info button, the message details are shown. This includes the sent and received times for incoming messages. For outgoing messages, in contrast, only one Sent/Received time is displayed, probably containing sent time. Now that delivery receipts are implemented, it would be possible to display the received time for outgoing messages (by taking the sent time from the receipt). Or to make it more precise, let the receipt message piggybag the real received time. This would make the user interface more consistent. When this is rejected for some reasons, I suggest renaming the ""Sent/Received"" label for outgoing messages to ""Sent"" because this is what it really is about.
####
Reason: There are quantifiers ""only one"" and also ""/"" in the sentence. In this case, sent/received can be interpreted in two different ways: (1) sent or received. (2) sent and received as one token. 
####
Extracted Semantic ambiguity segment: only one Sent/Received time is displayed,
####
Clarifying Question(s): ","['When you say ""only one Sent/Received time is displayed,"" do you mean there is only one timestamp that could be either the sent or received time, or is it one timestamp that represents both the sent and the received time as a single token?']","""Are you suggesting that only the sent time is displayed for outgoing messages and that this should change to include the received time as well, or are you pointing out that the label 'Sent/Received' could be confusing since it seems to imply both times are displayed?"", ""When you specify 'only one Sent/Received time is displayed', are you suggesting displaying the sent time and received time separately, or are you addressing an issue with how the information is labeled?""","[""When you mention 'only one Sent/Received time is displayed,' are you referring to it displaying either the sent time or the received time as a singular piece of information, or are you indicating that it displays a combined single token representing both sent and received times as one piece of information?""]","['When you mention ""only one Sent/Received time is displayed,"" do you mean that only the sent time or the received time is displayed, or do you mean that a combined token representing both the sent and received time is displayed?']","[""When you mention 'only one Sent/Received time is displayed,' do you mean that either a sent or received time is shown, or do you mean there's a single token labeled 'Sent/Received' representing both times?""]","[""When you mention 'only one Sent/Received time is displayed,' do you mean that there should be separate entries for both 'Sent' and 'Received' times, or do you mean that the current display is intended to show just 'Sent' as a placeholder until 'Received' is captured?"", ""When you use 'Sent/Received,' are you referring to a combined display of both sent and received times as a single entity, or should they be separated into distinct timestamp entries?""]","['When you mentioned ""only one Sent/Received time is displayed"", do you mean that either the sent time or the received time is displayed individually, or that a single token representing both sent and received time is displayed together?', 'Is the intention to clarify whether both times exist separately but are not shown, or whether they are consolidated into a singular display element?', 'When you say ""Sent/Received"", are you treating them as separate entities or as a single combined status?']","['When mentioning ""only one Sent/Received time is displayed,"" are you indicating that the time displayed refers solely to the ""sent"" time, indicating there’s either a singular time for both actions, or that the displayed time is meant to be interpreted as only displaying the ""sent"" or ""received"" time separately?']","['When stating ""only one Sent/Received time is displayed,"" are you indicating that the time displayed could represent either the sent time or the received time, or are you suggesting it represents both times as a single, combined token?', 'Could you clarify if you are asking for the display to distinguish between the sent and received times separately, or to confirm that the current display combines these times into one indicator?']","['When you mention ""only one Sent/Received time is displayed,"" do you mean there is only one timestamp shown that could refer to either sent or received time separately, or is it a single combined token showing both sent and received time in some form?', 'When you refer to ""Sent/Received"" for outgoing messages, are you suggesting that it currently displays a combination of both times in one timestamp, or just one specific time among the two?']"
18,18,6077-Signal,"Request Number - 6077 | Request Title - Update libphonenumber to >=8.2.0 (Cannot send SMS to my mobile provider) | Request Description - I have:   searched open and closed issues for duplicates  read https://github.com/WhisperSystems/Signal-Android/wiki/Submitting-useful-bug-reports  Bug description. My friend made me aware of this as I'm never checking my account status via SMS, but it doesn't work for me neither. To check our account status, we have to send an SMS message to 13977, but Signal fails to deliver it. I tried sending it through the native Oneplus SMS app and it goes through just fine, with an immediate response. I can send an SMS to other people, though, so it has something to do with that number. (Signal adds +385 to it for Croatia, maybe that's it?) Steps to reproduce.  send an SMS to my provider through Signal Actual result: it doesn't go through, ""Failed to send"", ""Some issues need your attention."" Expected result: Message should go through and I should get a response. Device info. Device: OnePlus3T Android version: 7.0 Signal version: 3.27.1 Link to debug log. https://gist.github.com/anonymous/f656572561ea3a91d0f4bbdeb98e587b",it.,"When you wrote ""Signal fails to deliver it"", does 'it' refer to ""an SMS message to 13977"", ""our account status"", or something else?","['When you wrote ""Signal fails to deliver it"", does \'it\' refer to ""an SMS message to 13977"", ""our account status"", or something else?']","Semantic ambiguity: a sentence has more than one way of reading it within its context, although it contains no lexical or syntactic ambiguity. Semantic ambiguity can be viewed as ambiguity with respect to the logical form, usually expressed in predicate logic, of a sentence.
You are a software analyst specializing in Semantic ambiguity resolution in GitHub feature requests.
Carefully read the provided statement along with the extracted Semantic ambiguity segment and the reasoning behind why the extracted text segment is considered ambiguous. Based on the information, generate clear and concise clarification questions aimed at addressing the Semantic ambiguity in the extracted text segment; include all generated clarifying questions in a single comma-separated list. Make sure to have all elements of the list in quotation marks.
Demonstrations are provided for clarity. Each demonstration is separated by the trigger word # END. Inside each demonstration, the statement, reason, extracted segment, and clarifying questions are separated using the trigger word ####. Strictly follow the provided demonstration.
Statement: Request Number - 1407 | Request Title - textsecure not an option when ""sharing"" an address book contact | Request Description - TextSecure is not an option when attempting to share a contact from the address book, in Android 4.4.2 when i select ""messaging"" it tells me ""messaging"" is not the default sms app. This would be a nice feature to have added to the app.
####
Reason: The pronoun ""it"" can point to multiple possible targets in the sentence, creating multiple interpretations.
####
Extracted Semantic ambiguity segment: it
####
Clarifying Question(s): ['When you wrote ""it tells me"", does ""it"" refer to TextSecure, the Android OS, or something else?']
# END
Statement: Request Number - 1504 | Request Title - Notification Color for Individual Contacts or Groups | Request Description - how about we edit this one too?  or just delete it..... üôà
####
Reason: It is unclear how the different noun phrases (notification color, individual contacts, groups) associate with one another in a collective/distributive sense, creating multiple possible interpretations.
####
Extracted Semantic ambiguity segment: Notification Color for Individual Contacts or Groups
####
Clarifying Question(s): ['When writing ""notification color for individual contacts or groups"", are you suggesting one color for all individual contacts and one different color for all group messages, one different color for each individual and group, one color for all individual contact and group message notifications (to differentiate user communications from system or other types of notifications), or something else?']
# END
Statement: Request Number - 555 | Request Title - Not working in dual sim phone | Request Description - My friend has a dual sim Lava iris 405 and i have samsung galaxy s3. we both have installed the TextSecure when i start secure session, it sends Key exchange message and its received in my friends. After that it says Received and processed key exchange message but he is unable to send me any message, it says error sending. i know its giving problem because its a dual sim phone, text secure app is not able to send sms from particular sim and giving this error. Is dual sim phone supported by textSecure?
####
Reason: It is unclear whether the indefinite noun phrase ""particular sim"" is intended to be specific or non-specific, creating multiple possible interpretations.
####
Extracted Semantic ambiguity segment: particular sim
####
Clarifying Question(s): ['When you say the app is not able to send from a particular SIM, do you mean it cannot send from a specific SIM, it cannot send from either SIM interchangeably, or something else?']
# END
Request Number - 6077 | Request Title - Update libphonenumber to >=8.2.0 (Cannot send SMS to my mobile provider) | Request Description - I have:   searched open and closed issues for duplicates  read https://github.com/WhisperSystems/Signal-Android/wiki/Submitting-useful-bug-reports  Bug description. My friend made me aware of this as I'm never checking my account status via SMS, but it doesn't work for me neither. To check our account status, we have to send an SMS message to 13977, but Signal fails to deliver it. I tried sending it through the native Oneplus SMS app and it goes through just fine, with an immediate response. I can send an SMS to other people, though, so it has something to do with that number. (Signal adds +385 to it for Croatia, maybe that's it?) Steps to reproduce.  send an SMS to my provider through Signal Actual result: it doesn't go through, ""Failed to send"", ""Some issues need your attention."" Expected result: Message should go through and I should get a response. Device info. Device: OnePlus3T Android version: 7.0 Signal version: 3.27.1 Link to debug log. https://gist.github.com/anonymous/f656572561ea3a91d0f4bbdeb98e587b
####
Reason: The pronoun 'it' could point to multiple noun phrases earlier in the sentence, creating multiple possible meanings.
####
Extracted Semantic ambiguity segment: it.
####
Clarifying Question(s): ","['In the sentence ""Signal adds +385 to it for Croatia, maybe that\'s it?"", does ""it"" refer to the phone number 13977, the SMS message, or something else?', 'In the sentence ""Expected result: Message should go through and I should get a response,"" does ""it"" refer to the SMS message, the phone number, or something else?']","['When you mention ""it doesn't work for me neither"" and ""Signal fails to deliver it,"" does ""it"" refer to the action of sending the SMS, the message itself, the account status check, or something else?', 'In the sentence ""Signal adds +385 to it,"" does ""it"" refer to the number 13977, the SMS message, the action of sending, or something else?']","""When you wrote 'so it has something to do with that number', does 'it' refer to the issue of Signal being unable to send the SMS, the message being blocked due to the +385 country code addition, or something else?""","['When you wrote ""it doesn’t work for me neither"", does ""it"" refer to checking the account status via SMS, sending SMS messages to 13977 through Signal, or something else?']","['When you wrote ""it doesn\'t work for me neither"", does ""it"" refer to checking the account status via SMS, receiving SMS from the provider, or something else?']","['In the phrase ""Signal adds +385 to it for Croatia, maybe that\'s it?"", does the first ""it"" refer to the phone number 13977, the message itself, or something else?', 'In the phrase ""maybe that\'s it?"", does ""it"" refer to the phone number modification causing the issue, the failure of sending the message, or something else?']","['When mentioning ""Signal fails to deliver it,"" does ""it"" refer to the SMS message to 13977, the application Signal itself, or something else?']","""When you mention 'it doesn't work for me neither,' does 'it' refer to checking account status via SMS, sending SMS to 13977 through Signal, or something else?"", ""When you say 'Signal adds +385 to it,' does 'it' refer to the number 13977, or something else?"", ""When you mention 'it doesn't go through' and 'Failed to send,' does 'it' refer to the SMS message, the attempt to check account status, or something else?""","['When you mentioned ""it has something to do with that number"", does ""it"" refer to the failure to send the SMS, the addition of +385, or something else?', 'In ""I tried sending it through the native Oneplus SMS app"", does ""it"" refer to the SMS message, the act of checking account status, or something else?']","[""When you wrote 'Signal adds +385 to it for Croatia, maybe that's it?', does 'it' refer to the number 13977, the SMS message, or something else?""]"
19,19,801-Signal,"Request Number - 801 | Request Title - Feature request: Mute Group (or any user) | Request Description - Sometimes friends in a group are discussing something I'm not interested in and my phone would go nuts vibrating and ringing all the time. A ""Mute for X minutes/hours"" feature would be awesome.",any,"When you wrote ""any user"", do you mean ""a selected user"", ""all applicable users"", or something else?","['When you wrote ""any user"", do you mean ""a selected user"", ""all applicable users"", or something else?']","Semantic ambiguity: a sentence has more than one way of reading it within its context, although it contains no lexical or syntactic ambiguity. Semantic ambiguity can be viewed as ambiguity with respect to the logical form, usually expressed in predicate logic, of a sentence.
You are a software analyst specializing in Semantic ambiguity resolution in GitHub feature requests.
Carefully read the provided statement along with the extracted Semantic ambiguity segment and the reasoning behind why the extracted text segment is considered ambiguous. Based on the information, generate clear and concise clarification questions aimed at addressing the Semantic ambiguity in the extracted text segment; include all generated clarifying questions in a single comma-separated list. Make sure to have all elements of the list in quotation marks.
Demonstrations are provided for clarity. Each demonstration is separated by the trigger word # END. Inside each demonstration, the statement, reason, extracted segment, and clarifying questions are separated using the trigger word ####. Strictly follow the provided demonstration.
Statement: Request Number - 1407 | Request Title - textsecure not an option when ""sharing"" an address book contact | Request Description - TextSecure is not an option when attempting to share a contact from the address book, in Android 4.4.2 when i select ""messaging"" it tells me ""messaging"" is not the default sms app. This would be a nice feature to have added to the app.
####
Reason: The pronoun ""it"" can point to multiple possible targets in the sentence, creating multiple interpretations.
####
Extracted Semantic ambiguity segment: it
####
Clarifying Question(s): ['When you wrote ""it tells me"", does ""it"" refer to TextSecure, the Android OS, or something else?']
# END
Statement: Request Number - 1504 | Request Title - Notification Color for Individual Contacts or Groups | Request Description - how about we edit this one too?  or just delete it..... üôà
####
Reason: It is unclear how the different noun phrases (notification color, individual contacts, groups) associate with one another in a collective/distributive sense, creating multiple possible interpretations.
####
Extracted Semantic ambiguity segment: Notification Color for Individual Contacts or Groups
####
Clarifying Question(s): ['When writing ""notification color for individual contacts or groups"", are you suggesting one color for all individual contacts and one different color for all group messages, one different color for each individual and group, one color for all individual contact and group message notifications (to differentiate user communications from system or other types of notifications), or something else?']
# END
Statement: Request Number - 555 | Request Title - Not working in dual sim phone | Request Description - My friend has a dual sim Lava iris 405 and i have samsung galaxy s3. we both have installed the TextSecure when i start secure session, it sends Key exchange message and its received in my friends. After that it says Received and processed key exchange message but he is unable to send me any message, it says error sending. i know its giving problem because its a dual sim phone, text secure app is not able to send sms from particular sim and giving this error. Is dual sim phone supported by textSecure?
####
Reason: It is unclear whether the indefinite noun phrase ""particular sim"" is intended to be specific or non-specific, creating multiple possible interpretations.
####
Extracted Semantic ambiguity segment: particular sim
####
Clarifying Question(s): ['When you say the app is not able to send from a particular SIM, do you mean it cannot send from a specific SIM, it cannot send from either SIM interchangeably, or something else?']
# END
Request Number - 801 | Request Title - Feature request: Mute Group (or any user) | Request Description - Sometimes friends in a group are discussing something I'm not interested in and my phone would go nuts vibrating and ringing all the time. A ""Mute for X minutes/hours"" feature would be awesome.
####
Reason: The word ""any"" can have a specific or non-specific meaning, affecting the scope implied by the term and creating multiple possible meanings.
####
Extracted Semantic ambiguity segment: any
####
Clarifying Question(s): ","['In the statement ""Mute Group (or any user)"", does ""any"" imply the ability to mute every user individually, the ability to mute any individual user at random as needed, or something else?']","""When you say 'Mute Group (or any user)', do you mean you want to mute a specific user in the group, the ability to mute any user across different groups, or something else?""","['When you mention ""Mute Group (or any user)"", do you mean any specific user selected by the individual, any user regardless of selection, or something else?']","['When you mention ""mute group (or any user)"", are you suggesting the ability to mute a specific user within group chats, any user in any chat scenario, or something else entirely?']","""Are you suggesting the capability to mute notifications from a specific user or group for a set period of time, from any user or group regardless of context, or something else?""","['When you mention ""or any user"" in the feature request, are you referring to muting all individual users without discrimination, choosing specific users to mute, or something else?']","""When you mention 'mute group (or any user)', does 'any' imply the ability to mute one specific user chosen by the app, the ability to select and mute a user of your choice, or the ability to mute all users?""","['When mentioning ""any user"" in the context of muting, do you mean muting every user individually regardless of group affiliation, selecting specific users to mute from any group or contacts list, or something else?']","""Are you suggesting that the mute feature should apply to any user globally across the app, any user within a specific group, any user except specified ones, or something else?""","['When referring to ""Mute Group (or any user)"", do you mean muting a specific user of your choosing, muting any user randomly selected, or do you imply an option to mute any combination of users as desired?']"
20,20,604-Signal,"Request Number - 604 | Request Title - Number registration (for push messaging) doesn't work with Google Voice | Request Description - The new push based TextSecure doesn't seem to like using Google Voice numbers (which are then forwarded to my phone's real number via SMS).  Although there are of course privacy downsides associated with letting Google see all of your incoming/outgoing SMS data, there are also serious privacy harms associated with letting people know your actual phone number, rather than a number that will just forward texts to you* The first step of the TextSecure number registration process (""Connecting"") works fine. An incoming text message with the verification code is received by the default Android SMS app, but TextSecure doesn't catch it. Thankfully, after 2 minutes of waiting, I am given the opportunity verify by voice, which does work.",it.,"When you wrote ""TextSecure doesn't catch it"", do you mean ""TextSecure doesn't catch the message"", ""TextSecure doesn't catch the verification code"", or something else?","['When you wrote ""TextSecure doesn\'t catch it"", do you mean ""TextSecure doesn\'t catch the message"", ""TextSecure doesn\'t catch the verification code"", or something else?']","Semantic ambiguity: a sentence has more than one way of reading it within its context, although it contains no lexical or syntactic ambiguity. Semantic ambiguity can be viewed as ambiguity with respect to the logical form, usually expressed in predicate logic, of a sentence.
You are a software analyst specializing in Semantic ambiguity resolution in GitHub feature requests.
Carefully read the provided statement along with the extracted Semantic ambiguity segment and the reasoning behind why the extracted text segment is considered ambiguous. Based on the information, generate clear and concise clarification questions aimed at addressing the Semantic ambiguity in the extracted text segment; include all generated clarifying questions in a single comma-separated list. Make sure to have all elements of the list in quotation marks.
Demonstrations are provided for clarity. Each demonstration is separated by the trigger word # END. Inside each demonstration, the statement, reason, extracted segment, and clarifying questions are separated using the trigger word ####. Strictly follow the provided demonstration.
Statement: Request Number - 1407 | Request Title - textsecure not an option when ""sharing"" an address book contact | Request Description - TextSecure is not an option when attempting to share a contact from the address book, in Android 4.4.2 when i select ""messaging"" it tells me ""messaging"" is not the default sms app. This would be a nice feature to have added to the app.
####
Reason: The pronoun ""it"" can point to multiple possible targets in the sentence, creating multiple interpretations.
####
Extracted Semantic ambiguity segment: it
####
Clarifying Question(s): ['When you wrote ""it tells me"", does ""it"" refer to TextSecure, the Android OS, or something else?']
# END
Statement: Request Number - 1504 | Request Title - Notification Color for Individual Contacts or Groups | Request Description - how about we edit this one too?  or just delete it..... üôà
####
Reason: It is unclear how the different noun phrases (notification color, individual contacts, groups) associate with one another in a collective/distributive sense, creating multiple possible interpretations.
####
Extracted Semantic ambiguity segment: Notification Color for Individual Contacts or Groups
####
Clarifying Question(s): ['When writing ""notification color for individual contacts or groups"", are you suggesting one color for all individual contacts and one different color for all group messages, one different color for each individual and group, one color for all individual contact and group message notifications (to differentiate user communications from system or other types of notifications), or something else?']
# END
Statement: Request Number - 555 | Request Title - Not working in dual sim phone | Request Description - My friend has a dual sim Lava iris 405 and i have samsung galaxy s3. we both have installed the TextSecure when i start secure session, it sends Key exchange message and its received in my friends. After that it says Received and processed key exchange message but he is unable to send me any message, it says error sending. i know its giving problem because its a dual sim phone, text secure app is not able to send sms from particular sim and giving this error. Is dual sim phone supported by textSecure?
####
Reason: It is unclear whether the indefinite noun phrase ""particular sim"" is intended to be specific or non-specific, creating multiple possible interpretations.
####
Extracted Semantic ambiguity segment: particular sim
####
Clarifying Question(s): ['When you say the app is not able to send from a particular SIM, do you mean it cannot send from a specific SIM, it cannot send from either SIM interchangeably, or something else?']
# END
Request Number - 604 | Request Title - Number registration (for push messaging) doesn't work with Google Voice | Request Description - The new push based TextSecure doesn't seem to like using Google Voice numbers (which are then forwarded to my phone's real number via SMS).  Although there are of course privacy downsides associated with letting Google see all of your incoming/outgoing SMS data, there are also serious privacy harms associated with letting people know your actual phone number, rather than a number that will just forward texts to you* The first step of the TextSecure number registration process (""Connecting"") works fine. An incoming text message with the verification code is received by the default Android SMS app, but TextSecure doesn't catch it. Thankfully, after 2 minutes of waiting, I am given the opportunity verify by voice, which does work.
####
Reason: The pronoun 'it' can refer to two different targets in the sentence, changing the nature of the problem based on the interpretation.
####
Extracted Semantic ambiguity segment: it.
####
Clarifying Question(s): ","['In the phrase ""TextSecure doesn\'t catch it,"" does ""it"" refer to the incoming text message with the verification code or something else?']","""When you mention 'it' doesn't catch the message, does 'it' refer to the TextSecure app not catching the verification code message, the default Android SMS app not catching another message, or something else?""","""When you mention 'TextSecure doesn't catch it,' does 'it' refer to the verification code text message, the default Android SMS app's reception of the message, or something else?""","['In the statement ""TextSecure doesn\'t catch it,"" does ""it"" refer to the incoming text message with the verification code, the opportunity to verify by voice, or something else?']","""When mentioning 'it doesn't catch it,' does the first 'it' refer to TextSecure or Google Voice?""","['In the sentence ""but TextSecure doesn\'t catch it,"" does ""it"" refer to the incoming text message with the verification code, the verification process, or something else?']","['In the sentence ""TextSecure doesn\'t catch it,"" does ""it"" refer to the incoming text message with the verification code or something else?']","[""When you wrote 'TextSecure doesn't catch it', does 'it' refer to the incoming text message with the verification code, the notification for message reception in the Android SMS app, or something else?""]","""When you mention 'TextSecure doesn't catch it', does 'it' refer to the incoming text message with the verification code or something else?""","""When you mention 'it doesn't catch it,' does the first 'it' refer to TextSecure or the Android SMS app, and does the second 'it' refer to the incoming text message with the verification code or something else?"""
21,21,757-Signal,"Request Number - 757 | Request Title - different notification settings for group chats | Request Description - It would be very nice to be able to change the notification settings for goups independently from other (personal) chats, as group chats might have a lower priority for the user.",notification settings for goups,"When you wrote ""notification settings for all goups"", did you mean notification settings for all groups together, notification settings for each group individually, or something else?","['When you wrote ""notification settings for all goups"", did you mean notification settings for all groups together, notification settings for each group individually, or something else?']","Semantic ambiguity: a sentence has more than one way of reading it within its context, although it contains no lexical or syntactic ambiguity. Semantic ambiguity can be viewed as ambiguity with respect to the logical form, usually expressed in predicate logic, of a sentence.
You are a software analyst specializing in Semantic ambiguity resolution in GitHub feature requests.
Carefully read the provided statement along with the extracted Semantic ambiguity segment and the reasoning behind why the extracted text segment is considered ambiguous. Based on the information, generate clear and concise clarification questions aimed at addressing the Semantic ambiguity in the extracted text segment; include all generated clarifying questions in a single comma-separated list. Make sure to have all elements of the list in quotation marks.
Demonstrations are provided for clarity. Each demonstration is separated by the trigger word # END. Inside each demonstration, the statement, reason, extracted segment, and clarifying questions are separated using the trigger word ####. Strictly follow the provided demonstration.
Statement: Request Number - 1407 | Request Title - textsecure not an option when ""sharing"" an address book contact | Request Description - TextSecure is not an option when attempting to share a contact from the address book, in Android 4.4.2 when i select ""messaging"" it tells me ""messaging"" is not the default sms app. This would be a nice feature to have added to the app.
####
Reason: The pronoun ""it"" can point to multiple possible targets in the sentence, creating multiple interpretations.
####
Extracted Semantic ambiguity segment: it
####
Clarifying Question(s): ['When you wrote ""it tells me"", does ""it"" refer to TextSecure, the Android OS, or something else?']
# END
Statement: Request Number - 555 | Request Title - Not working in dual sim phone | Request Description - My friend has a dual sim Lava iris 405 and i have samsung galaxy s3. we both have installed the TextSecure when i start secure session, it sends Key exchange message and its received in my friends. After that it says Received and processed key exchange message but he is unable to send me any message, it says error sending. i know its giving problem because its a dual sim phone, text secure app is not able to send sms from particular sim and giving this error. Is dual sim phone supported by textSecure?
####
Reason: It is unclear whether the indefinite noun phrase ""particular sim"" is intended to be specific or non-specific, creating multiple possible interpretations.
####
Extracted Semantic ambiguity segment: particular sim
####
Clarifying Question(s): ['When you say the app is not able to send from a particular SIM, do you mean it cannot send from a specific SIM, it cannot send from either SIM interchangeably, or something else?']
# END
Statement: Request Number - 1504 | Request Title - Notification Color for Individual Contacts or Groups | Request Description - how about we edit this one too?  or just delete it..... üôà
####
Reason: It is unclear how the different noun phrases (notification color, individual contacts, groups) associate with one another in a collective/distributive sense, creating multiple possible interpretations.
####
Extracted Semantic ambiguity segment: Notification Color for Individual Contacts or Groups
####
Clarifying Question(s): ['When writing ""notification color for individual contacts or groups"", are you suggesting one color for all individual contacts and one different color for all group messages, one different color for each individual and group, one color for all individual contact and group message notifications (to differentiate user communications from system or other types of notifications), or something else?']
# END
Request Number - 757 | Request Title - different notification settings for group chats | Request Description - It would be very nice to be able to change the notification settings for goups independently from other (personal) chats, as group chats might have a lower priority for the user.
####
Reason: The interaction between the term ""settings"" and the plural ""groups"" can be interpreted as having the collective scope of ""all groups"" or the distributive scope of ""each group"", which creates multiple possible interpretations.
####
Extracted Semantic ambiguity segment: notification settings for goups
####
Clarifying Question(s): ","[""When you mention 'notification settings for groups', are you referring to having one set of notification settings that applies to all groups collectively or having individual settings for each group separately?""]","""For 'notification settings for groups,' are you suggesting one set of settings for all group chats collectively, different settings for each individual group chat, or something else?""","""When you mention 'notification settings for groups', do you mean one set of notification settings that applies to all groups collectively, or unique notification settings that can be customized for each individual group independently?""","""When you mention 'notification settings for groups', are you proposing a single set of notification settings that applies to all group chats collectively, individual settings for each group chat, or something else?""","""When mentioning 'notification settings for groups', do you mean having one set of settings that applies to all group chats collectively, or do you intend to set different notification settings for each group individually?""","['When you mention ""notification settings for groups"", are you suggesting one set of settings that applies to all group chats collectively, different settings for each group individually, or something else?']","""When writing 'notification settings for groups', are you proposing one universal setting for all group chats or unique settings for each individual group chat?""","""When you mention 'notification settings for groups', are you referring to one set of notification settings that applies to all group chats collectively, different settings for each individual group, or something else?""","""When referring to 'notification settings for groups', are you suggesting one notification setting for all group chats collectively, separate settings for each group chat individually, or something else?""","""When you mention 'notification settings for groups', are you suggesting having one set of settings for all group chats collectively, specific settings for each group chat individually, or something else?"""
22,22,6069-Signal,"Request Number - 6069 | Request Title - Unread notification badges do not work on Huawei EMUI | Request Description - I have:   searched open and closed issues for duplicates  read https://github.com/WhisperSystems/Signal-Android/wiki/Submitting-useful-bug-reports  Bug description. I've installed Signal on a Honor 8 (made by Huawei) with EMUI 4.1 (Android 6.0). I've noticed that Signal receives notifications on new messages and they are also listed in the notification area, but the unread notifications badge on the app icon on the home screen is not shown. In Signal support articles there is mentioned, that badge icons are supported for some launchers, see https://support.whispersystems.org/hc/en-us/articles/215766077-How-can-I-see-my-unread-badge-count-What-launcher-should-I-use- So far I could not find out if this is a Signal or EMUI problem, but Threema and Conversations show the notification badges. Device info. Device: Honor 8 Android version: 6.0 Signal version: 3.26.2",they,"When you wrote ""they are also listed in the notification area"", does 'they' refer to 'notifications', 'messages', or something else?","['When you wrote ""they are also listed in the notification area"", does \'they\' refer to \'notifications\', \'messages\', or something else?']","Semantic ambiguity: a sentence has more than one way of reading it within its context, although it contains no lexical or syntactic ambiguity. Semantic ambiguity can be viewed as ambiguity with respect to the logical form, usually expressed in predicate logic, of a sentence.
You are a software analyst specializing in Semantic ambiguity resolution in GitHub feature requests.
Carefully read the provided statement along with the extracted Semantic ambiguity segment and the reasoning behind why the extracted text segment is considered ambiguous. Based on the information, generate clear and concise clarification questions aimed at addressing the Semantic ambiguity in the extracted text segment; include all generated clarifying questions in a single comma-separated list. Make sure to have all elements of the list in quotation marks.
Demonstrations are provided for clarity. Each demonstration is separated by the trigger word # END. Inside each demonstration, the statement, reason, extracted segment, and clarifying questions are separated using the trigger word ####. Strictly follow the provided demonstration.
Statement: Request Number - 1407 | Request Title - textsecure not an option when ""sharing"" an address book contact | Request Description - TextSecure is not an option when attempting to share a contact from the address book, in Android 4.4.2 when i select ""messaging"" it tells me ""messaging"" is not the default sms app. This would be a nice feature to have added to the app.
####
Reason: The pronoun ""it"" can point to multiple possible targets in the sentence, creating multiple interpretations.
####
Extracted Semantic ambiguity segment: it
####
Clarifying Question(s): ['When you wrote ""it tells me"", does ""it"" refer to TextSecure, the Android OS, or something else?']
# END
Statement: Request Number - 555 | Request Title - Not working in dual sim phone | Request Description - My friend has a dual sim Lava iris 405 and i have samsung galaxy s3. we both have installed the TextSecure when i start secure session, it sends Key exchange message and its received in my friends. After that it says Received and processed key exchange message but he is unable to send me any message, it says error sending. i know its giving problem because its a dual sim phone, text secure app is not able to send sms from particular sim and giving this error. Is dual sim phone supported by textSecure?
####
Reason: It is unclear whether the indefinite noun phrase ""particular sim"" is intended to be specific or non-specific, creating multiple possible interpretations.
####
Extracted Semantic ambiguity segment: particular sim
####
Clarifying Question(s): ['When you say the app is not able to send from a particular SIM, do you mean it cannot send from a specific SIM, it cannot send from either SIM interchangeably, or something else?']
# END
Statement: Request Number - 1504 | Request Title - Notification Color for Individual Contacts or Groups | Request Description - how about we edit this one too?  or just delete it..... üôà
####
Reason: It is unclear how the different noun phrases (notification color, individual contacts, groups) associate with one another in a collective/distributive sense, creating multiple possible interpretations.
####
Extracted Semantic ambiguity segment: Notification Color for Individual Contacts or Groups
####
Clarifying Question(s): ['When writing ""notification color for individual contacts or groups"", are you suggesting one color for all individual contacts and one different color for all group messages, one different color for each individual and group, one color for all individual contact and group message notifications (to differentiate user communications from system or other types of notifications), or something else?']
# END
Request Number - 6069 | Request Title - Unread notification badges do not work on Huawei EMUI | Request Description - I have:   searched open and closed issues for duplicates  read https://github.com/WhisperSystems/Signal-Android/wiki/Submitting-useful-bug-reports  Bug description. I've installed Signal on a Honor 8 (made by Huawei) with EMUI 4.1 (Android 6.0). I've noticed that Signal receives notifications on new messages and they are also listed in the notification area, but the unread notifications badge on the app icon on the home screen is not shown. In Signal support articles there is mentioned, that badge icons are supported for some launchers, see https://support.whispersystems.org/hc/en-us/articles/215766077-How-can-I-see-my-unread-badge-count-What-launcher-should-I-use- So far I could not find out if this is a Signal or EMUI problem, but Threema and Conversations show the notification badges. Device info. Device: Honor 8 Android version: 6.0 Signal version: 3.26.2
####
Reason: The pronoun ""they"" can point to two possible targets in the sentence, creating multiple possible interpretations.
####
Extracted Semantic ambiguity segment: they
####
Clarifying Question(s): ","""When you mentioned 'they are also listed in the notification area,' does 'they' refer to the new messages, the notifications themselves, or something else?""","""When you wrote 'they are also listed in the notification area,' does 'they' refer to the notifications received by Signal, the new messages themselves, or something else?""","['When you wrote ""they are also listed in the notification area"", does ""they"" refer to the new message notifications, the unread notification badges, or something else?']","['In the sentence where you mention ""they are also listed in the notification area,"" does ""they"" refer to the notifications themselves or the new messages?']","""Does 'they' refer to the Signal notifications themselves, the new messages, or something else?""","[""When you say 'they are also listed in the notification area,' does 'they' refer to the new messages, the notifications received by Signal, or something else?""]","""When you wrote 'they are also listed in the notification area', does 'they' refer to the notifications for new messages, the unread notification badges, or something else?""","['When you wrote ""they are also listed in the notification area"", does ""they"" refer to the notifications themselves or the new messages?']","""When you mentioned 'they are also listed in the notification area,' does 'they' refer to the new messages or the notifications themselves?""","['In the sentence where you mention ""they are also listed in the notification area,"" does ""they"" refer to the notifications, the new messages, or something else?']"
23,23,2055-Signal,"Request Number - 2055 | Request Title - use delivery receipts to show message received time for outgoing messages | Request Description - After long pressing on a message and selecting the info button, the message details are shown. This includes the sent and received times for incoming messages. For outgoing messages, in contrast, only one Sent/Received time is displayed, probably containing sent time. Now that delivery receipts are implemented, it would be possible to display the received time for outgoing messages (by taking the sent time from the receipt). Or to make it more precise, let the receipt message piggybag the real received time. This would make the user interface more consistent. When this is rejected for some reasons, I suggest renaming the ""Sent/Received"" label for outgoing messages to ""Sent"" because this is what it really is about.",it,"What do you mean by ""it"" when you stated, ""because this is what it really is about""?","['What do you mean by ""it"" when you stated, ""because this is what it really is about""?']","Semantic ambiguity: a sentence has more than one way of reading it within its context, although it contains no lexical or syntactic ambiguity. Semantic ambiguity can be viewed as ambiguity with respect to the logical form, usually expressed in predicate logic, of a sentence.
You are a software analyst specializing in Semantic ambiguity resolution in GitHub feature requests.
Carefully read the provided statement along with the extracted Semantic ambiguity segment and the reasoning behind why the extracted text segment is considered ambiguous. Based on the information, generate clear and concise clarification questions aimed at addressing the Semantic ambiguity in the extracted text segment; include all generated clarifying questions in a single comma-separated list. Make sure to have all elements of the list in quotation marks.
Demonstrations are provided for clarity. Each demonstration is separated by the trigger word # END. Inside each demonstration, the statement, reason, extracted segment, and clarifying questions are separated using the trigger word ####. Strictly follow the provided demonstration.
Statement: Request Number - 1407 | Request Title - textsecure not an option when ""sharing"" an address book contact | Request Description - TextSecure is not an option when attempting to share a contact from the address book, in Android 4.4.2 when i select ""messaging"" it tells me ""messaging"" is not the default sms app. This would be a nice feature to have added to the app.
####
Reason: The pronoun ""it"" can point to multiple possible targets in the sentence, creating multiple interpretations.
####
Extracted Semantic ambiguity segment: it
####
Clarifying Question(s): ['When you wrote ""it tells me"", does ""it"" refer to TextSecure, the Android OS, or something else?']
# END
Statement: Request Number - 555 | Request Title - Not working in dual sim phone | Request Description - My friend has a dual sim Lava iris 405 and i have samsung galaxy s3. we both have installed the TextSecure when i start secure session, it sends Key exchange message and its received in my friends. After that it says Received and processed key exchange message but he is unable to send me any message, it says error sending. i know its giving problem because its a dual sim phone, text secure app is not able to send sms from particular sim and giving this error. Is dual sim phone supported by textSecure?
####
Reason: It is unclear whether the indefinite noun phrase ""particular sim"" is intended to be specific or non-specific, creating multiple possible interpretations.
####
Extracted Semantic ambiguity segment: particular sim
####
Clarifying Question(s): ['When you say the app is not able to send from a particular SIM, do you mean it cannot send from a specific SIM, it cannot send from either SIM interchangeably, or something else?']
# END
Statement: Request Number - 1504 | Request Title - Notification Color for Individual Contacts or Groups | Request Description - how about we edit this one too?  or just delete it..... üôà
####
Reason: It is unclear how the different noun phrases (notification color, individual contacts, groups) associate with one another in a collective/distributive sense, creating multiple possible interpretations.
####
Extracted Semantic ambiguity segment: Notification Color for Individual Contacts or Groups
####
Clarifying Question(s): ['When writing ""notification color for individual contacts or groups"", are you suggesting one color for all individual contacts and one different color for all group messages, one different color for each individual and group, one color for all individual contact and group message notifications (to differentiate user communications from system or other types of notifications), or something else?']
# END
Request Number - 2055 | Request Title - use delivery receipts to show message received time for outgoing messages | Request Description - After long pressing on a message and selecting the info button, the message details are shown. This includes the sent and received times for incoming messages. For outgoing messages, in contrast, only one Sent/Received time is displayed, probably containing sent time. Now that delivery receipts are implemented, it would be possible to display the received time for outgoing messages (by taking the sent time from the receipt). Or to make it more precise, let the receipt message piggybag the real received time. This would make the user interface more consistent. When this is rejected for some reasons, I suggest renaming the ""Sent/Received"" label for outgoing messages to ""Sent"" because this is what it really is about.
####
Reason: ""it"" can refer to two references in the same sentence. 
####
Extracted Semantic ambiguity segment: it
####
Clarifying Question(s): ","""When you mentioned 'it would be possible to display the received time for outgoing messages,' does 'it' refer to the implementation of delivery receipts or the user interface change proposal?"", ""In the phrase 'let the receipt message piggybag the real received time,' does 'it' refer to the action of displaying received time or something else?""","[""In the sentence 'Now that delivery receipts are implemented, it would be possible to display the received time...', does 'it' refer to the implementation of delivery receipts enabling this possibility, or does 'it' refer to a different aspect such as the user interface or message details?""]","""When you mentioned 'it would be possible to display the received time for outgoing messages,' does 'it' refer to the implementation of delivery receipts, the software capability, or something else?""","""When you mention 'it would be possible to display the received time for outgoing messages', does 'it' refer to the implementation of delivery receipts, the user interface adjustment, or something else?""","""When you wrote 'it would be possible to display,' does 'it' refer to the software capability to display the received time or does it refer to the action of retrieving the sent time from delivery receipts?""","""When you say 'it would be possible to display the received time for outgoing messages,' does 'it' refer to the implementation of delivery receipts or the use of the receipt message to show the received time, or something else?"", ""When you mention 'let the receipt message piggyback the real received time,' does 'it' refer to the delivery receipt itself or the action of showing the received time in the user interface, or something else?""","""When you mentioned 'it would be possible to display the received time for outgoing messages,' does 'it' refer to using delivery receipts to obtain this information or something else?""","""When stating 'it would be possible to display the received time for outgoing messages', does 'it' refer to the message details interface, the functionality of using delivery receipts, or something else?"", ""In the phrase 'Or to make it more precise, let the receipt message piggybag the real received time', does 'it' refer to the action of making the interface more consistent, the specific function of the receipt message, or another aspect?""","['When you said ""it would be possible to display the received time for outgoing messages,"" does ""it"" refer to using delivery receipts or the suggestion of renaming the ""Sent/Received"" label?', 'In the phrase ""When this is rejected for some reasons,"" does ""this"" refer to the possibility of showing the received time or using the delivery receipt to piggyback the real received time?']","[""When you wrote 'it would be possible to display the received time for outgoing messages', does 'it' refer to the implementation of delivery receipts or to another aspect of the system?"", ""When suggesting 'let the receipt message piggyback the real received time', does 'it' refer to the receipt message piggybacking or to the action of making the user interface more consistent?""]"
24,24,2055-Signal,"Request Number - 2055 | Request Title - use delivery receipts to show message received time for outgoing messages | Request Description - After long pressing on a message and selecting the info button, the message details are shown. This includes the sent and received times for incoming messages. For outgoing messages, in contrast, only one Sent/Received time is displayed, probably containing sent time. Now that delivery receipts are implemented, it would be possible to display the received time for outgoing messages (by taking the sent time from the receipt). Or to make it more precise, let the receipt message piggybag the real received time. This would make the user interface more consistent. When this is rejected for some reasons, I suggest renaming the ""Sent/Received"" label for outgoing messages to ""Sent"" because this is what it really is about.","only one Sent/Received time is displayed,",What time receipt is shown for an outgoing message?,['What time receipt is shown for an outgoing message?'],"Semantic ambiguity: a sentence has more than one way of reading it within its context, although it contains no lexical or syntactic ambiguity. Semantic ambiguity can be viewed as ambiguity with respect to the logical form, usually expressed in predicate logic, of a sentence.
You are a software analyst specializing in Semantic ambiguity resolution in GitHub feature requests.
Carefully read the provided statement along with the extracted Semantic ambiguity segment and the reasoning behind why the extracted text segment is considered ambiguous. Based on the information, generate clear and concise clarification questions aimed at addressing the Semantic ambiguity in the extracted text segment; include all generated clarifying questions in a single comma-separated list. Make sure to have all elements of the list in quotation marks.
Demonstrations are provided for clarity. Each demonstration is separated by the trigger word # END. Inside each demonstration, the statement, reason, extracted segment, and clarifying questions are separated using the trigger word ####. Strictly follow the provided demonstration.
Statement: Request Number - 1407 | Request Title - textsecure not an option when ""sharing"" an address book contact | Request Description - TextSecure is not an option when attempting to share a contact from the address book, in Android 4.4.2 when i select ""messaging"" it tells me ""messaging"" is not the default sms app. This would be a nice feature to have added to the app.
####
Reason: The pronoun ""it"" can point to multiple possible targets in the sentence, creating multiple interpretations.
####
Extracted Semantic ambiguity segment: it
####
Clarifying Question(s): ['When you wrote ""it tells me"", does ""it"" refer to TextSecure, the Android OS, or something else?']
# END
Statement: Request Number - 555 | Request Title - Not working in dual sim phone | Request Description - My friend has a dual sim Lava iris 405 and i have samsung galaxy s3. we both have installed the TextSecure when i start secure session, it sends Key exchange message and its received in my friends. After that it says Received and processed key exchange message but he is unable to send me any message, it says error sending. i know its giving problem because its a dual sim phone, text secure app is not able to send sms from particular sim and giving this error. Is dual sim phone supported by textSecure?
####
Reason: It is unclear whether the indefinite noun phrase ""particular sim"" is intended to be specific or non-specific, creating multiple possible interpretations.
####
Extracted Semantic ambiguity segment: particular sim
####
Clarifying Question(s): ['When you say the app is not able to send from a particular SIM, do you mean it cannot send from a specific SIM, it cannot send from either SIM interchangeably, or something else?']
# END
Statement: Request Number - 1504 | Request Title - Notification Color for Individual Contacts or Groups | Request Description - how about we edit this one too?  or just delete it..... üôà
####
Reason: It is unclear how the different noun phrases (notification color, individual contacts, groups) associate with one another in a collective/distributive sense, creating multiple possible interpretations.
####
Extracted Semantic ambiguity segment: Notification Color for Individual Contacts or Groups
####
Clarifying Question(s): ['When writing ""notification color for individual contacts or groups"", are you suggesting one color for all individual contacts and one different color for all group messages, one different color for each individual and group, one color for all individual contact and group message notifications (to differentiate user communications from system or other types of notifications), or something else?']
# END
Request Number - 2055 | Request Title - use delivery receipts to show message received time for outgoing messages | Request Description - After long pressing on a message and selecting the info button, the message details are shown. This includes the sent and received times for incoming messages. For outgoing messages, in contrast, only one Sent/Received time is displayed, probably containing sent time. Now that delivery receipts are implemented, it would be possible to display the received time for outgoing messages (by taking the sent time from the receipt). Or to make it more precise, let the receipt message piggybag the real received time. This would make the user interface more consistent. When this is rejected for some reasons, I suggest renaming the ""Sent/Received"" label for outgoing messages to ""Sent"" because this is what it really is about.
####
Reason: There are quantifiers ""only one"" and also ""/"" in the sentence. In this case, sent/received can be interpreted in two different ways: (1) sent or received. (2) sent and received as one token. 
####
Extracted Semantic ambiguity segment: only one Sent/Received time is displayed,
####
Clarifying Question(s): ","[""When you mention 'only one Sent/Received time is displayed', do you mean it displays only the sent time and the received time is not being shown, or do you mean that the sent and received times are displayed together as a single combined entry?""]","""When you mention 'only one Sent/Received time is displayed,' are you indicating that there is a single time representing both sent and received as one token, or does it mean there is one time which could either be sent or received?"", ""When stating 'probably containing sent time,' do you mean to imply that this time is specifically meant to represent only the sent time, or is it ambiguous between sent and received time?""","[""When stating 'only one Sent/Received time is displayed,' do you mean that only the sent time or the received time is displayed individually for each message, or is it that the sent and received times are being combined or considered as a single piece of information?""]","[""When you mention 'only one Sent/Received time is displayed', do you mean that only the sent time is being shown, only the received time is being shown, or that both times are collapsed into one token?""]","""When you mention 'only one Sent/Received time is displayed,' do you mean that the time displayed is either the sent time or the received time, or are you suggesting that the label combines both the sent and received times into one token?""","""When referring to 'only one Sent/Received time is displayed,' do you mean that only either a sent time or a received time (whichever is applicable) is displayed, or that there is one combined label of 'Sent/Received' which currently may only show the sent time, even though it is labeled as both?""","""When you mention 'only one Sent/Received time is displayed', do you mean that currently there is either a sent time or a received time shown (but not both), or that they are shown as a single combined time?""","""When you mention 'only one Sent/Received time is displayed,' do you mean that either the sent or the received time is displayed (but not both) for outgoing messages, or that the label 'Sent/Received' is used as a single token representing the sent time?""","""When you state 'only one Sent/Received time is displayed,' are you implying that there should be separate times shown for sent and received, or are you suggesting that the current display lumps both the sent and received times into a single token?"", ""Regarding 'Sent/Received time,' should the interface display these as separate fields, or is it acceptable to continue displaying them as a single combined field with a clearer label?""","[""When you mention 'only one Sent/Received time is displayed,' do you mean there should be a separate display for sent and received times which implies 'sent or received,' or are you referring to displaying them as a single combined entry, implying 'sent and received' as one token?""]"
25,25,6077-Signal,"Request Number - 6077 | Request Title - Update libphonenumber to >=8.2.0 (Cannot send SMS to my mobile provider) | Request Description - I have:   searched open and closed issues for duplicates  read https://github.com/WhisperSystems/Signal-Android/wiki/Submitting-useful-bug-reports  Bug description. My friend made me aware of this as I'm never checking my account status via SMS, but it doesn't work for me neither. To check our account status, we have to send an SMS message to 13977, but Signal fails to deliver it. I tried sending it through the native Oneplus SMS app and it goes through just fine, with an immediate response. I can send an SMS to other people, though, so it has something to do with that number. (Signal adds +385 to it for Croatia, maybe that's it?) Steps to reproduce.  send an SMS to my provider through Signal Actual result: it doesn't go through, ""Failed to send"", ""Some issues need your attention."" Expected result: Message should go through and I should get a response. Device info. Device: OnePlus3T Android version: 7.0 Signal version: 3.27.1 Link to debug log. https://gist.github.com/anonymous/f656572561ea3a91d0f4bbdeb98e587b",it.,"When you wrote ""Signal fails to deliver it"", does 'it' refer to ""an SMS message to 13977"", ""our account status"", or something else?","['When you wrote ""Signal fails to deliver it"", does \'it\' refer to ""an SMS message to 13977"", ""our account status"", or something else?']","Semantic ambiguity: a sentence has more than one way of reading it within its context, although it contains no lexical or syntactic ambiguity. Semantic ambiguity can be viewed as ambiguity with respect to the logical form, usually expressed in predicate logic, of a sentence.
You are a software analyst specializing in Semantic ambiguity resolution in GitHub feature requests.
Carefully read the provided statement along with the extracted Semantic ambiguity segment and the reasoning behind why the extracted text segment is considered ambiguous. Based on the information, generate clear and concise clarification questions aimed at addressing the Semantic ambiguity in the extracted text segment; include all generated clarifying questions in a single comma-separated list. Make sure to have all elements of the list in quotation marks.
Demonstrations are provided for clarity. Each demonstration is separated by the trigger word # END. Inside each demonstration, the statement, reason, extracted segment, and clarifying questions are separated using the trigger word ####. Strictly follow the provided demonstration.
Statement: Request Number - 1407 | Request Title - textsecure not an option when ""sharing"" an address book contact | Request Description - TextSecure is not an option when attempting to share a contact from the address book, in Android 4.4.2 when i select ""messaging"" it tells me ""messaging"" is not the default sms app. This would be a nice feature to have added to the app.
####
Reason: The pronoun ""it"" can point to multiple possible targets in the sentence, creating multiple interpretations.
####
Extracted Semantic ambiguity segment: it
####
Clarifying Question(s): ['When you wrote ""it tells me"", does ""it"" refer to TextSecure, the Android OS, or something else?']
# END
Statement: Request Number - 555 | Request Title - Not working in dual sim phone | Request Description - My friend has a dual sim Lava iris 405 and i have samsung galaxy s3. we both have installed the TextSecure when i start secure session, it sends Key exchange message and its received in my friends. After that it says Received and processed key exchange message but he is unable to send me any message, it says error sending. i know its giving problem because its a dual sim phone, text secure app is not able to send sms from particular sim and giving this error. Is dual sim phone supported by textSecure?
####
Reason: It is unclear whether the indefinite noun phrase ""particular sim"" is intended to be specific or non-specific, creating multiple possible interpretations.
####
Extracted Semantic ambiguity segment: particular sim
####
Clarifying Question(s): ['When you say the app is not able to send from a particular SIM, do you mean it cannot send from a specific SIM, it cannot send from either SIM interchangeably, or something else?']
# END
Statement: Request Number - 1504 | Request Title - Notification Color for Individual Contacts or Groups | Request Description - how about we edit this one too?  or just delete it..... üôà
####
Reason: It is unclear how the different noun phrases (notification color, individual contacts, groups) associate with one another in a collective/distributive sense, creating multiple possible interpretations.
####
Extracted Semantic ambiguity segment: Notification Color for Individual Contacts or Groups
####
Clarifying Question(s): ['When writing ""notification color for individual contacts or groups"", are you suggesting one color for all individual contacts and one different color for all group messages, one different color for each individual and group, one color for all individual contact and group message notifications (to differentiate user communications from system or other types of notifications), or something else?']
# END
Request Number - 6077 | Request Title - Update libphonenumber to >=8.2.0 (Cannot send SMS to my mobile provider) | Request Description - I have:   searched open and closed issues for duplicates  read https://github.com/WhisperSystems/Signal-Android/wiki/Submitting-useful-bug-reports  Bug description. My friend made me aware of this as I'm never checking my account status via SMS, but it doesn't work for me neither. To check our account status, we have to send an SMS message to 13977, but Signal fails to deliver it. I tried sending it through the native Oneplus SMS app and it goes through just fine, with an immediate response. I can send an SMS to other people, though, so it has something to do with that number. (Signal adds +385 to it for Croatia, maybe that's it?) Steps to reproduce.  send an SMS to my provider through Signal Actual result: it doesn't go through, ""Failed to send"", ""Some issues need your attention."" Expected result: Message should go through and I should get a response. Device info. Device: OnePlus3T Android version: 7.0 Signal version: 3.27.1 Link to debug log. https://gist.github.com/anonymous/f656572561ea3a91d0f4bbdeb98e587b
####
Reason: The pronoun 'it' could point to multiple noun phrases earlier in the sentence, creating multiple possible meanings.
####
Extracted Semantic ambiguity segment: it.
####
Clarifying Question(s): ","['When you wrote ""Signal adds +385 to it for Croatia, maybe that\'s it?"", does ""it"" refer to the phone number 13977, the SMS message itself, another aspect of the process, or something else?']","['When you mention ""it doesn\'t work for me neither"", does ""it"" refer to the inability to send the SMS to 13977 specifically, the overall function of checking the account status via Signal, or something else?', 'In the phrase ""Signal adds +385 to it for Croatia"", does ""it"" refer to the phone number 13977, the process of sending an SMS, or something else?']","['When you wrote ""it goes through just fine"" and ""Signal fails to deliver it,"" does ""it"" refer to the SMS message, the process of sending through Signal, or something else?', 'When saying ""Signal adds +385 to it,"" is ""it"" referring to the number 13977, the SMS message, or something else?']","['When you wrote ""Signal adds +385 to it for Croatia, maybe that\'s it?"", does ""it"" refer to the number 13977, the SMS message itself, or something else?', 'In the sentence ""send an SMS to my provider through Signal Actual result: it doesn\'t go through"", does ""it"" refer to the SMS message, the delivery process, or something else?']","""When you wrote 'it doesn't work for me neither', does 'it' refer to checking the account status via SMS, Signal, the SMS to 13977, or something else?"", ""When you mention 'it has something to do with that number', is 'it' referring to the failure to deliver SMS, the addition of the +385 country code, or another issue?""","[""In the segment 'Signal adds +385 to it for Croatia, maybe that's it?', does the first 'it' refer to the number 13977, the SMS message, or something else?"", ""In the same segment, does the second 'it's' suggesting the issue is with adding the country code, the number itself, or something else entirely?""]","""When you wrote 'Signal fails to deliver it', does 'it' refer to the SMS message itself, the process of sending the message, or something else?""","[""In the phrase 'Signal adds +385 to it for Croatia, maybe that's it?', does 'it' refer to the phone number '13977', the SMS message, the mobile provider, or something else?""]","[""When you wrote 'Signal adds +385 to it for Croatia, maybe that's it?', does 'it' refer to the phone number 13977, the SMS message, or something else?""]","['When you mention ""it doesn\'t work for me neither,"" does ""it"" refer to the action of checking your account status via SMS, sending an SMS to 13977, or something else?', 'When referring to ""Signal adds +385 to it for Croatia,"" does ""it"" refer to the number 13977, the SMS message, or another element?', 'In ""send an SMS to my provider through Signal Actual result: it doesn\'t go through,"" is ""it"" referring to the SMS to 13977 or another SMS-related action or process?']"
26,26,801-Signal,"Request Number - 801 | Request Title - Feature request: Mute Group (or any user) | Request Description - Sometimes friends in a group are discussing something I'm not interested in and my phone would go nuts vibrating and ringing all the time. A ""Mute for X minutes/hours"" feature would be awesome.",any,"When you wrote ""any user"", do you mean ""a selected user"", ""all applicable users"", or something else?","['When you wrote ""any user"", do you mean ""a selected user"", ""all applicable users"", or something else?']","Semantic ambiguity: a sentence has more than one way of reading it within its context, although it contains no lexical or syntactic ambiguity. Semantic ambiguity can be viewed as ambiguity with respect to the logical form, usually expressed in predicate logic, of a sentence.
You are a software analyst specializing in Semantic ambiguity resolution in GitHub feature requests.
Carefully read the provided statement along with the extracted Semantic ambiguity segment and the reasoning behind why the extracted text segment is considered ambiguous. Based on the information, generate clear and concise clarification questions aimed at addressing the Semantic ambiguity in the extracted text segment; include all generated clarifying questions in a single comma-separated list. Make sure to have all elements of the list in quotation marks.
Demonstrations are provided for clarity. Each demonstration is separated by the trigger word # END. Inside each demonstration, the statement, reason, extracted segment, and clarifying questions are separated using the trigger word ####. Strictly follow the provided demonstration.
Statement: Request Number - 1407 | Request Title - textsecure not an option when ""sharing"" an address book contact | Request Description - TextSecure is not an option when attempting to share a contact from the address book, in Android 4.4.2 when i select ""messaging"" it tells me ""messaging"" is not the default sms app. This would be a nice feature to have added to the app.
####
Reason: The pronoun ""it"" can point to multiple possible targets in the sentence, creating multiple interpretations.
####
Extracted Semantic ambiguity segment: it
####
Clarifying Question(s): ['When you wrote ""it tells me"", does ""it"" refer to TextSecure, the Android OS, or something else?']
# END
Statement: Request Number - 555 | Request Title - Not working in dual sim phone | Request Description - My friend has a dual sim Lava iris 405 and i have samsung galaxy s3. we both have installed the TextSecure when i start secure session, it sends Key exchange message and its received in my friends. After that it says Received and processed key exchange message but he is unable to send me any message, it says error sending. i know its giving problem because its a dual sim phone, text secure app is not able to send sms from particular sim and giving this error. Is dual sim phone supported by textSecure?
####
Reason: It is unclear whether the indefinite noun phrase ""particular sim"" is intended to be specific or non-specific, creating multiple possible interpretations.
####
Extracted Semantic ambiguity segment: particular sim
####
Clarifying Question(s): ['When you say the app is not able to send from a particular SIM, do you mean it cannot send from a specific SIM, it cannot send from either SIM interchangeably, or something else?']
# END
Statement: Request Number - 1504 | Request Title - Notification Color for Individual Contacts or Groups | Request Description - how about we edit this one too?  or just delete it..... üôà
####
Reason: It is unclear how the different noun phrases (notification color, individual contacts, groups) associate with one another in a collective/distributive sense, creating multiple possible interpretations.
####
Extracted Semantic ambiguity segment: Notification Color for Individual Contacts or Groups
####
Clarifying Question(s): ['When writing ""notification color for individual contacts or groups"", are you suggesting one color for all individual contacts and one different color for all group messages, one different color for each individual and group, one color for all individual contact and group message notifications (to differentiate user communications from system or other types of notifications), or something else?']
# END
Request Number - 801 | Request Title - Feature request: Mute Group (or any user) | Request Description - Sometimes friends in a group are discussing something I'm not interested in and my phone would go nuts vibrating and ringing all the time. A ""Mute for X minutes/hours"" feature would be awesome.
####
Reason: The word ""any"" can have a specific or non-specific meaning, affecting the scope implied by the term and creating multiple possible meanings.
####
Extracted Semantic ambiguity segment: any
####
Clarifying Question(s): ","""When you wrote 'Mute Group (or any user)', does 'any' imply muting a specific user of your choice, muting all users except a specific one, muting any user at random, or something else?""","['When you mention ""Mute Group (or any user)"", are you suggesting the ability to mute a specific user within any group, any user regardless of their group association, or something else?']","['When you mentioned ""mute group (or any user)"", does ""any"" refer to muting a specific user at a time, muting any user not in the group, muting any user or group interchangeably, or something else?']","""When you wrote 'Mute Group (or any user)', does 'any' mean that the mute function can be applied to all users individually, just specific users selected by the individual, or something else?""","['When you mention ""Mute Group (or any user)"", does ""any user"" imply you want the ability to mute a single specific user chosen by you, the ability to mute any member of a group at will, the ability to universally mute all users other than the group, or something else?']","[""When you mention 'Mute Group (or any user)', do you mean the ability to mute a specific user of your choice, any user at random, or something else?""]","""When you mention 'mute group (or any user)', do you mean to suggest that each user can be muted individually for a specific duration, that all users within a group can be muted collectively, that any user refers to muting unknown or unspecified users, or something else?""","""Are you referring to muting a specific user of your choice or any user randomly within the group?, When you say 'mute group (or any user)', do you mean you want the ability to mute specific individuals in addition to groups, or something else?""","""When you mention 'mute group (or any user)', are you requesting the ability to mute specific users of your choosing within the group, the option to mute any user including those not in your immediate group, or something else?""","""By 'any user', do you mean the ability to mute a specific user, having an option to mute any user of your choice, or broadly muting any and all users indiscriminately?"""
27,27,604-Signal,"Request Number - 604 | Request Title - Number registration (for push messaging) doesn't work with Google Voice | Request Description - The new push based TextSecure doesn't seem to like using Google Voice numbers (which are then forwarded to my phone's real number via SMS).  Although there are of course privacy downsides associated with letting Google see all of your incoming/outgoing SMS data, there are also serious privacy harms associated with letting people know your actual phone number, rather than a number that will just forward texts to you* The first step of the TextSecure number registration process (""Connecting"") works fine. An incoming text message with the verification code is received by the default Android SMS app, but TextSecure doesn't catch it. Thankfully, after 2 minutes of waiting, I am given the opportunity verify by voice, which does work.",it.,"When you wrote ""TextSecure doesn't catch it"", do you mean ""TextSecure doesn't catch the message"", ""TextSecure doesn't catch the verification code"", or something else?","['When you wrote ""TextSecure doesn\'t catch it"", do you mean ""TextSecure doesn\'t catch the message"", ""TextSecure doesn\'t catch the verification code"", or something else?']","Semantic ambiguity: a sentence has more than one way of reading it within its context, although it contains no lexical or syntactic ambiguity. Semantic ambiguity can be viewed as ambiguity with respect to the logical form, usually expressed in predicate logic, of a sentence.
You are a software analyst specializing in Semantic ambiguity resolution in GitHub feature requests.
Carefully read the provided statement along with the extracted Semantic ambiguity segment and the reasoning behind why the extracted text segment is considered ambiguous. Based on the information, generate clear and concise clarification questions aimed at addressing the Semantic ambiguity in the extracted text segment; include all generated clarifying questions in a single comma-separated list. Make sure to have all elements of the list in quotation marks.
Demonstrations are provided for clarity. Each demonstration is separated by the trigger word # END. Inside each demonstration, the statement, reason, extracted segment, and clarifying questions are separated using the trigger word ####. Strictly follow the provided demonstration.
Statement: Request Number - 1407 | Request Title - textsecure not an option when ""sharing"" an address book contact | Request Description - TextSecure is not an option when attempting to share a contact from the address book, in Android 4.4.2 when i select ""messaging"" it tells me ""messaging"" is not the default sms app. This would be a nice feature to have added to the app.
####
Reason: The pronoun ""it"" can point to multiple possible targets in the sentence, creating multiple interpretations.
####
Extracted Semantic ambiguity segment: it
####
Clarifying Question(s): ['When you wrote ""it tells me"", does ""it"" refer to TextSecure, the Android OS, or something else?']
# END
Statement: Request Number - 555 | Request Title - Not working in dual sim phone | Request Description - My friend has a dual sim Lava iris 405 and i have samsung galaxy s3. we both have installed the TextSecure when i start secure session, it sends Key exchange message and its received in my friends. After that it says Received and processed key exchange message but he is unable to send me any message, it says error sending. i know its giving problem because its a dual sim phone, text secure app is not able to send sms from particular sim and giving this error. Is dual sim phone supported by textSecure?
####
Reason: It is unclear whether the indefinite noun phrase ""particular sim"" is intended to be specific or non-specific, creating multiple possible interpretations.
####
Extracted Semantic ambiguity segment: particular sim
####
Clarifying Question(s): ['When you say the app is not able to send from a particular SIM, do you mean it cannot send from a specific SIM, it cannot send from either SIM interchangeably, or something else?']
# END
Statement: Request Number - 1504 | Request Title - Notification Color for Individual Contacts or Groups | Request Description - how about we edit this one too?  or just delete it..... üôà
####
Reason: It is unclear how the different noun phrases (notification color, individual contacts, groups) associate with one another in a collective/distributive sense, creating multiple possible interpretations.
####
Extracted Semantic ambiguity segment: Notification Color for Individual Contacts or Groups
####
Clarifying Question(s): ['When writing ""notification color for individual contacts or groups"", are you suggesting one color for all individual contacts and one different color for all group messages, one different color for each individual and group, one color for all individual contact and group message notifications (to differentiate user communications from system or other types of notifications), or something else?']
# END
Request Number - 604 | Request Title - Number registration (for push messaging) doesn't work with Google Voice | Request Description - The new push based TextSecure doesn't seem to like using Google Voice numbers (which are then forwarded to my phone's real number via SMS).  Although there are of course privacy downsides associated with letting Google see all of your incoming/outgoing SMS data, there are also serious privacy harms associated with letting people know your actual phone number, rather than a number that will just forward texts to you* The first step of the TextSecure number registration process (""Connecting"") works fine. An incoming text message with the verification code is received by the default Android SMS app, but TextSecure doesn't catch it. Thankfully, after 2 minutes of waiting, I am given the opportunity verify by voice, which does work.
####
Reason: The pronoun 'it' can refer to two different targets in the sentence, changing the nature of the problem based on the interpretation.
####
Extracted Semantic ambiguity segment: it.
####
Clarifying Question(s): ","['In the sentence ""but TextSecure doesn\'t catch it,"" does ""it"" refer to the incoming text message, the verification code, or something else?']","['When you mention ""TextSecure doesn\'t catch it"", does ""it"" refer to the incoming text message with the verification code or something else?']","""When you stated 'TextSecure doesn't catch it', does 'it' refer to the incoming text message with the verification code, the verification process, or something else?""","[""When mentioning 'it doesn't catch it', does the first 'it' refer to TextSecure or the default Android SMS app?""]","['In the sentence ""but TextSecure doesn\'t catch it,"" does ""it"" refer to the incoming text message with the verification code or something else?']","""When you mention 'it doesn't catch it', does the first 'it' refer to the new push-based TextSecure or something else?""","[""When you mention 'TextSecure doesn't catch it,' does 'it' refer to the incoming text message with the verification code, the verification process itself, or something else?""]","['In the sentence ""TextSecure doesn\'t catch it,"" does ""it"" refer to the incoming text message with the verification code or something else?']","""When you mentioned 'it doesn't catch it,' does the first 'it' refer to the TextSecure app not catching the verification code, or does it refer to the verification process as a whole not working as intended?""","['When you mention ""it"" in ""TextSecure doesn\'t catch it"", are you referring to the verification code sent via SMS, the text message as a whole, or something else?']"
28,28,757-Signal,"Request Number - 757 | Request Title - different notification settings for group chats | Request Description - It would be very nice to be able to change the notification settings for goups independently from other (personal) chats, as group chats might have a lower priority for the user.",notification settings for goups,"When you wrote ""notification settings for all goups"", did you mean notification settings for all groups together, notification settings for each group individually, or something else?","['When you wrote ""notification settings for all goups"", did you mean notification settings for all groups together, notification settings for each group individually, or something else?']","Semantic ambiguity: a sentence has more than one way of reading it within its context, although it contains no lexical or syntactic ambiguity. Semantic ambiguity can be viewed as ambiguity with respect to the logical form, usually expressed in predicate logic, of a sentence.
You are a software analyst specializing in Semantic ambiguity resolution in GitHub feature requests.
Carefully read the provided statement along with the extracted Semantic ambiguity segment and the reasoning behind why the extracted text segment is considered ambiguous. Based on the information, generate clear and concise clarification questions aimed at addressing the Semantic ambiguity in the extracted text segment; include all generated clarifying questions in a single comma-separated list. Make sure to have all elements of the list in quotation marks.
Demonstrations are provided for clarity. Each demonstration is separated by the trigger word # END. Inside each demonstration, the statement, reason, extracted segment, and clarifying questions are separated using the trigger word ####. Strictly follow the provided demonstration.
Statement: Request Number - 555 | Request Title - Not working in dual sim phone | Request Description - My friend has a dual sim Lava iris 405 and i have samsung galaxy s3. we both have installed the TextSecure when i start secure session, it sends Key exchange message and its received in my friends. After that it says Received and processed key exchange message but he is unable to send me any message, it says error sending. i know its giving problem because its a dual sim phone, text secure app is not able to send sms from particular sim and giving this error. Is dual sim phone supported by textSecure?
####
Reason: It is unclear whether the indefinite noun phrase ""particular sim"" is intended to be specific or non-specific, creating multiple possible interpretations.
####
Extracted Semantic ambiguity segment: particular sim
####
Clarifying Question(s): ['When you say the app is not able to send from a particular SIM, do you mean it cannot send from a specific SIM, it cannot send from either SIM interchangeably, or something else?']
# END
Statement: Request Number - 1504 | Request Title - Notification Color for Individual Contacts or Groups | Request Description - how about we edit this one too?  or just delete it..... üôà
####
Reason: It is unclear how the different noun phrases (notification color, individual contacts, groups) associate with one another in a collective/distributive sense, creating multiple possible interpretations.
####
Extracted Semantic ambiguity segment: Notification Color for Individual Contacts or Groups
####
Clarifying Question(s): ['When writing ""notification color for individual contacts or groups"", are you suggesting one color for all individual contacts and one different color for all group messages, one different color for each individual and group, one color for all individual contact and group message notifications (to differentiate user communications from system or other types of notifications), or something else?']
# END
Statement: Request Number - 1407 | Request Title - textsecure not an option when ""sharing"" an address book contact | Request Description - TextSecure is not an option when attempting to share a contact from the address book, in Android 4.4.2 when i select ""messaging"" it tells me ""messaging"" is not the default sms app. This would be a nice feature to have added to the app.
####
Reason: The pronoun ""it"" can point to multiple possible targets in the sentence, creating multiple interpretations.
####
Extracted Semantic ambiguity segment: it
####
Clarifying Question(s): ['When you wrote ""it tells me"", does ""it"" refer to TextSecure, the Android OS, or something else?']
# END
Request Number - 757 | Request Title - different notification settings for group chats | Request Description - It would be very nice to be able to change the notification settings for goups independently from other (personal) chats, as group chats might have a lower priority for the user.
####
Reason: The interaction between the term ""settings"" and the plural ""groups"" can be interpreted as having the collective scope of ""all groups"" or the distributive scope of ""each group"", which creates multiple possible interpretations.
####
Extracted Semantic ambiguity segment: notification settings for goups
####
Clarifying Question(s): ","""When you refer to changing 'notification settings for groups', are you suggesting one set of notification settings for all group chats collectively, unique notification settings for each individual group chat, or something else?""","""Are you suggesting different notification settings for all group chats collectively or distinct settings for each individual group chat independently?""","[""Are you suggesting different notification settings for each group individually, one set of notification settings for all groups collectively, or something else?""]","['When you say ""notification settings for groups"", are you suggesting one set of notification settings for all group chats collectively, different settings for each individual group, or something else?']","""When mentioning 'notification settings for groups', are you suggesting the ability to set one notification setting that applies to all groups collectively, separate settings for each individual group, or something else?""","['When mentioning ""notification settings for groups"", are you suggesting a single collective notification setting for all groups, individual settings for each group, or something else?']","""When you mention 'notification settings for groups', are you suggesting that there should be one unified set of notification settings that applies to all group chats collectively, or that each group chat should individually have its own configurable set of notification settings?""","['When you refer to changing ""notification settings for groups"", are you suggesting different settings for each group chat individually, the same settings applied collectively to all group chats, or something else?']","""When mentioning 'notification settings for groups', are you suggesting having one common set of notification settings for all group chats collectively, different notification settings for each individual group chat, or something else?""","""When you mention changing 'notification settings for groups', are you suggesting one common setting for all group chats collectively, different settings for each individual group chat, or something else?"""
29,29,6069-Signal,"Request Number - 6069 | Request Title - Unread notification badges do not work on Huawei EMUI | Request Description - I have:   searched open and closed issues for duplicates  read https://github.com/WhisperSystems/Signal-Android/wiki/Submitting-useful-bug-reports  Bug description. I've installed Signal on a Honor 8 (made by Huawei) with EMUI 4.1 (Android 6.0). I've noticed that Signal receives notifications on new messages and they are also listed in the notification area, but the unread notifications badge on the app icon on the home screen is not shown. In Signal support articles there is mentioned, that badge icons are supported for some launchers, see https://support.whispersystems.org/hc/en-us/articles/215766077-How-can-I-see-my-unread-badge-count-What-launcher-should-I-use- So far I could not find out if this is a Signal or EMUI problem, but Threema and Conversations show the notification badges. Device info. Device: Honor 8 Android version: 6.0 Signal version: 3.26.2",they,"When you wrote ""they are also listed in the notification area"", does 'they' refer to 'notifications', 'messages', or something else?","['When you wrote ""they are also listed in the notification area"", does \'they\' refer to \'notifications\', \'messages\', or something else?']","Semantic ambiguity: a sentence has more than one way of reading it within its context, although it contains no lexical or syntactic ambiguity. Semantic ambiguity can be viewed as ambiguity with respect to the logical form, usually expressed in predicate logic, of a sentence.
You are a software analyst specializing in Semantic ambiguity resolution in GitHub feature requests.
Carefully read the provided statement along with the extracted Semantic ambiguity segment and the reasoning behind why the extracted text segment is considered ambiguous. Based on the information, generate clear and concise clarification questions aimed at addressing the Semantic ambiguity in the extracted text segment; include all generated clarifying questions in a single comma-separated list. Make sure to have all elements of the list in quotation marks.
Demonstrations are provided for clarity. Each demonstration is separated by the trigger word # END. Inside each demonstration, the statement, reason, extracted segment, and clarifying questions are separated using the trigger word ####. Strictly follow the provided demonstration.
Statement: Request Number - 555 | Request Title - Not working in dual sim phone | Request Description - My friend has a dual sim Lava iris 405 and i have samsung galaxy s3. we both have installed the TextSecure when i start secure session, it sends Key exchange message and its received in my friends. After that it says Received and processed key exchange message but he is unable to send me any message, it says error sending. i know its giving problem because its a dual sim phone, text secure app is not able to send sms from particular sim and giving this error. Is dual sim phone supported by textSecure?
####
Reason: It is unclear whether the indefinite noun phrase ""particular sim"" is intended to be specific or non-specific, creating multiple possible interpretations.
####
Extracted Semantic ambiguity segment: particular sim
####
Clarifying Question(s): ['When you say the app is not able to send from a particular SIM, do you mean it cannot send from a specific SIM, it cannot send from either SIM interchangeably, or something else?']
# END
Statement: Request Number - 1504 | Request Title - Notification Color for Individual Contacts or Groups | Request Description - how about we edit this one too?  or just delete it..... üôà
####
Reason: It is unclear how the different noun phrases (notification color, individual contacts, groups) associate with one another in a collective/distributive sense, creating multiple possible interpretations.
####
Extracted Semantic ambiguity segment: Notification Color for Individual Contacts or Groups
####
Clarifying Question(s): ['When writing ""notification color for individual contacts or groups"", are you suggesting one color for all individual contacts and one different color for all group messages, one different color for each individual and group, one color for all individual contact and group message notifications (to differentiate user communications from system or other types of notifications), or something else?']
# END
Statement: Request Number - 1407 | Request Title - textsecure not an option when ""sharing"" an address book contact | Request Description - TextSecure is not an option when attempting to share a contact from the address book, in Android 4.4.2 when i select ""messaging"" it tells me ""messaging"" is not the default sms app. This would be a nice feature to have added to the app.
####
Reason: The pronoun ""it"" can point to multiple possible targets in the sentence, creating multiple interpretations.
####
Extracted Semantic ambiguity segment: it
####
Clarifying Question(s): ['When you wrote ""it tells me"", does ""it"" refer to TextSecure, the Android OS, or something else?']
# END
Request Number - 6069 | Request Title - Unread notification badges do not work on Huawei EMUI | Request Description - I have:   searched open and closed issues for duplicates  read https://github.com/WhisperSystems/Signal-Android/wiki/Submitting-useful-bug-reports  Bug description. I've installed Signal on a Honor 8 (made by Huawei) with EMUI 4.1 (Android 6.0). I've noticed that Signal receives notifications on new messages and they are also listed in the notification area, but the unread notifications badge on the app icon on the home screen is not shown. In Signal support articles there is mentioned, that badge icons are supported for some launchers, see https://support.whispersystems.org/hc/en-us/articles/215766077-How-can-I-see-my-unread-badge-count-What-launcher-should-I-use- So far I could not find out if this is a Signal or EMUI problem, but Threema and Conversations show the notification badges. Device info. Device: Honor 8 Android version: 6.0 Signal version: 3.26.2
####
Reason: The pronoun ""they"" can point to two possible targets in the sentence, creating multiple possible interpretations.
####
Extracted Semantic ambiguity segment: they
####
Clarifying Question(s): ","['In the sentence ""Signal receives notifications on new messages and they are also listed in the notification area,"" does ""they"" refer to the notifications or the new messages, or something else?']","""When you wrote 'they are also listed in the notification area,' does 'they' refer to the notifications themselves or the new messages?""","""Does the pronoun 'they' refer to the new messages or the notifications themselves?""","""When you wrote 'they are also listed in the notification area,' does 'they' refer to the new messages or the notifications themselves?""","""When you wrote 'they are also listed in the notification area,' does 'they' refer to the notifications themselves or the new messages?""","['In the sentence ""they are also listed in the notification area,"" does ""they"" refer to the new messages that Signal receives, the notifications for new messages, or something else?']","['In the sentence ""Signal receives notifications on new messages and they are also listed in the notification area,"" does ""they"" refer to the new messages, the notifications, or something else?']","""When you mention 'they are also listed in the notification area', does 'they' refer to the new messages or the notifications themselves?""","""When you wrote 'they are also listed in the notification area,' does 'they' refer to the notifications for new messages, the new messages themselves, or something else?""","""When you wrote 'they are also listed in the notification area', does 'they' refer to the notifications themselves or the new messages, or something else?"""
30,30,2055-Signal,"Request Number - 2055 | Request Title - use delivery receipts to show message received time for outgoing messages | Request Description - After long pressing on a message and selecting the info button, the message details are shown. This includes the sent and received times for incoming messages. For outgoing messages, in contrast, only one Sent/Received time is displayed, probably containing sent time. Now that delivery receipts are implemented, it would be possible to display the received time for outgoing messages (by taking the sent time from the receipt). Or to make it more precise, let the receipt message piggybag the real received time. This would make the user interface more consistent. When this is rejected for some reasons, I suggest renaming the ""Sent/Received"" label for outgoing messages to ""Sent"" because this is what it really is about.",it,"What do you mean by ""it"" when you stated, ""because this is what it really is about""?","['What do you mean by ""it"" when you stated, ""because this is what it really is about""?']","Semantic ambiguity: a sentence has more than one way of reading it within its context, although it contains no lexical or syntactic ambiguity. Semantic ambiguity can be viewed as ambiguity with respect to the logical form, usually expressed in predicate logic, of a sentence.
You are a software analyst specializing in Semantic ambiguity resolution in GitHub feature requests.
Carefully read the provided statement along with the extracted Semantic ambiguity segment and the reasoning behind why the extracted text segment is considered ambiguous. Based on the information, generate clear and concise clarification questions aimed at addressing the Semantic ambiguity in the extracted text segment; include all generated clarifying questions in a single comma-separated list. Make sure to have all elements of the list in quotation marks.
Demonstrations are provided for clarity. Each demonstration is separated by the trigger word # END. Inside each demonstration, the statement, reason, extracted segment, and clarifying questions are separated using the trigger word ####. Strictly follow the provided demonstration.
Statement: Request Number - 555 | Request Title - Not working in dual sim phone | Request Description - My friend has a dual sim Lava iris 405 and i have samsung galaxy s3. we both have installed the TextSecure when i start secure session, it sends Key exchange message and its received in my friends. After that it says Received and processed key exchange message but he is unable to send me any message, it says error sending. i know its giving problem because its a dual sim phone, text secure app is not able to send sms from particular sim and giving this error. Is dual sim phone supported by textSecure?
####
Reason: It is unclear whether the indefinite noun phrase ""particular sim"" is intended to be specific or non-specific, creating multiple possible interpretations.
####
Extracted Semantic ambiguity segment: particular sim
####
Clarifying Question(s): ['When you say the app is not able to send from a particular SIM, do you mean it cannot send from a specific SIM, it cannot send from either SIM interchangeably, or something else?']
# END
Statement: Request Number - 1504 | Request Title - Notification Color for Individual Contacts or Groups | Request Description - how about we edit this one too?  or just delete it..... üôà
####
Reason: It is unclear how the different noun phrases (notification color, individual contacts, groups) associate with one another in a collective/distributive sense, creating multiple possible interpretations.
####
Extracted Semantic ambiguity segment: Notification Color for Individual Contacts or Groups
####
Clarifying Question(s): ['When writing ""notification color for individual contacts or groups"", are you suggesting one color for all individual contacts and one different color for all group messages, one different color for each individual and group, one color for all individual contact and group message notifications (to differentiate user communications from system or other types of notifications), or something else?']
# END
Statement: Request Number - 1407 | Request Title - textsecure not an option when ""sharing"" an address book contact | Request Description - TextSecure is not an option when attempting to share a contact from the address book, in Android 4.4.2 when i select ""messaging"" it tells me ""messaging"" is not the default sms app. This would be a nice feature to have added to the app.
####
Reason: The pronoun ""it"" can point to multiple possible targets in the sentence, creating multiple interpretations.
####
Extracted Semantic ambiguity segment: it
####
Clarifying Question(s): ['When you wrote ""it tells me"", does ""it"" refer to TextSecure, the Android OS, or something else?']
# END
Request Number - 2055 | Request Title - use delivery receipts to show message received time for outgoing messages | Request Description - After long pressing on a message and selecting the info button, the message details are shown. This includes the sent and received times for incoming messages. For outgoing messages, in contrast, only one Sent/Received time is displayed, probably containing sent time. Now that delivery receipts are implemented, it would be possible to display the received time for outgoing messages (by taking the sent time from the receipt). Or to make it more precise, let the receipt message piggybag the real received time. This would make the user interface more consistent. When this is rejected for some reasons, I suggest renaming the ""Sent/Received"" label for outgoing messages to ""Sent"" because this is what it really is about.
####
Reason: ""it"" can refer to two references in the same sentence. 
####
Extracted Semantic ambiguity segment: it
####
Clarifying Question(s): ","""When you wrote 'it would be possible to display the received time for outgoing messages', does 'it' refer to the implementation of delivery receipts, the message feature itself, or something else?""","['In the context of ""it would be possible to display the received time for outgoing messages,"" does ""it"" refer to the feature of displaying received times, the functionality of using delivery receipts, or something else?']","['When you wrote ""by taking the sent time from the receipt"", does ""it"" refer to displaying the received time for outgoing messages or to another function?', 'In the phrase ""let the receipt message piggybag the real received time"", does ""it"" refer to the action of piggybacking the received time or another aspect of the message delivery process?']","['In the sentence ""it would be possible to display the received time for outgoing messages,"" does ""it"" refer to the fact that delivery receipts are implemented, the proposed change to the user interface, or something else?']","""When you wrote 'it would be possible to display,' does 'it' refer to the message details interface or the action of taking the time from the receipt?, When you mentioned 'if this is rejected for some reasons,' does 'this' refer to the proposal of displaying the received time or something else?""","['In the statement ""Now that delivery receipts are implemented, it would be possible to display the received time for outgoing messages"", does ""it"" refer to the possibility of displaying the received time for outgoing messages or something else?']","[""In the sentence 'Now that delivery receipts are implemented, it would be possible to display the received time for outgoing messages...', does 'it' refer to the implementation of delivery receipts or the feature of displaying the received time?""]","[""When you wrote 'it would be possible to display the received time for outgoing messages,' does 'it' refer to the existing delivery receipts feature or the Sent/Received label that is possibly being renamed?"", ""When you said 'Or to make it more precise, let the receipt message piggybag the real received time,' does 'it' refer to the action of the receipt message piggybacking the received time or something else?""]","""When you mention 'it would be possible to display the received time for outgoing messages,' does 'it' refer to the implementation of delivery receipts or another feature?, In the phrase 'Or to make it more precise, let the receipt message piggyback the real received time,' does 'it' refer to sending the actual received time along with the receipt message or something else?""","['In the sentence ""Or to make it more precise, let the receipt message piggybag the real received time"", does ""it"" refer to displaying the received time or making the user interface more consistent?', 'In the sentence ""When this is rejected for some reasons, I suggest renaming the ""Sent/Received"" label for outgoing messages to ""Sent"" because this is what it really is about"", does ""it"" refer to the lack of a received time display or the entirety of the user experience concerning message details?']"
31,31,2055-Signal,"Request Number - 2055 | Request Title - use delivery receipts to show message received time for outgoing messages | Request Description - After long pressing on a message and selecting the info button, the message details are shown. This includes the sent and received times for incoming messages. For outgoing messages, in contrast, only one Sent/Received time is displayed, probably containing sent time. Now that delivery receipts are implemented, it would be possible to display the received time for outgoing messages (by taking the sent time from the receipt). Or to make it more precise, let the receipt message piggybag the real received time. This would make the user interface more consistent. When this is rejected for some reasons, I suggest renaming the ""Sent/Received"" label for outgoing messages to ""Sent"" because this is what it really is about.","only one Sent/Received time is displayed,",What time receipt is shown for an outgoing message?,['What time receipt is shown for an outgoing message?'],"Semantic ambiguity: a sentence has more than one way of reading it within its context, although it contains no lexical or syntactic ambiguity. Semantic ambiguity can be viewed as ambiguity with respect to the logical form, usually expressed in predicate logic, of a sentence.
You are a software analyst specializing in Semantic ambiguity resolution in GitHub feature requests.
Carefully read the provided statement along with the extracted Semantic ambiguity segment and the reasoning behind why the extracted text segment is considered ambiguous. Based on the information, generate clear and concise clarification questions aimed at addressing the Semantic ambiguity in the extracted text segment; include all generated clarifying questions in a single comma-separated list. Make sure to have all elements of the list in quotation marks.
Demonstrations are provided for clarity. Each demonstration is separated by the trigger word # END. Inside each demonstration, the statement, reason, extracted segment, and clarifying questions are separated using the trigger word ####. Strictly follow the provided demonstration.
Statement: Request Number - 555 | Request Title - Not working in dual sim phone | Request Description - My friend has a dual sim Lava iris 405 and i have samsung galaxy s3. we both have installed the TextSecure when i start secure session, it sends Key exchange message and its received in my friends. After that it says Received and processed key exchange message but he is unable to send me any message, it says error sending. i know its giving problem because its a dual sim phone, text secure app is not able to send sms from particular sim and giving this error. Is dual sim phone supported by textSecure?
####
Reason: It is unclear whether the indefinite noun phrase ""particular sim"" is intended to be specific or non-specific, creating multiple possible interpretations.
####
Extracted Semantic ambiguity segment: particular sim
####
Clarifying Question(s): ['When you say the app is not able to send from a particular SIM, do you mean it cannot send from a specific SIM, it cannot send from either SIM interchangeably, or something else?']
# END
Statement: Request Number - 1504 | Request Title - Notification Color for Individual Contacts or Groups | Request Description - how about we edit this one too?  or just delete it..... üôà
####
Reason: It is unclear how the different noun phrases (notification color, individual contacts, groups) associate with one another in a collective/distributive sense, creating multiple possible interpretations.
####
Extracted Semantic ambiguity segment: Notification Color for Individual Contacts or Groups
####
Clarifying Question(s): ['When writing ""notification color for individual contacts or groups"", are you suggesting one color for all individual contacts and one different color for all group messages, one different color for each individual and group, one color for all individual contact and group message notifications (to differentiate user communications from system or other types of notifications), or something else?']
# END
Statement: Request Number - 1407 | Request Title - textsecure not an option when ""sharing"" an address book contact | Request Description - TextSecure is not an option when attempting to share a contact from the address book, in Android 4.4.2 when i select ""messaging"" it tells me ""messaging"" is not the default sms app. This would be a nice feature to have added to the app.
####
Reason: The pronoun ""it"" can point to multiple possible targets in the sentence, creating multiple interpretations.
####
Extracted Semantic ambiguity segment: it
####
Clarifying Question(s): ['When you wrote ""it tells me"", does ""it"" refer to TextSecure, the Android OS, or something else?']
# END
Request Number - 2055 | Request Title - use delivery receipts to show message received time for outgoing messages | Request Description - After long pressing on a message and selecting the info button, the message details are shown. This includes the sent and received times for incoming messages. For outgoing messages, in contrast, only one Sent/Received time is displayed, probably containing sent time. Now that delivery receipts are implemented, it would be possible to display the received time for outgoing messages (by taking the sent time from the receipt). Or to make it more precise, let the receipt message piggybag the real received time. This would make the user interface more consistent. When this is rejected for some reasons, I suggest renaming the ""Sent/Received"" label for outgoing messages to ""Sent"" because this is what it really is about.
####
Reason: There are quantifiers ""only one"" and also ""/"" in the sentence. In this case, sent/received can be interpreted in two different ways: (1) sent or received. (2) sent and received as one token. 
####
Extracted Semantic ambiguity segment: only one Sent/Received time is displayed,
####
Clarifying Question(s): ","""When you mention 'only one Sent/Received time is displayed,' do you mean the time displayed could be either a sent or received time, or is it a combined token representing both the sent and received time?""","['When you mention ""only one Sent/Received time is displayed,"" do you mean that the display only shows the Sent time and the term ""Sent/Received"" is misleading, or do you mean that ""Sent/Received"" is a single combined timestamp reflecting both actions, and you are suggesting it should be separated into distinct times?']","""When you state 'only one Sent/Received time is displayed,' do you mean that the display should show either just the sent time or just the received time as separate options, or do you mean that it should display a combined sent and received time as a single entry?""","['When stating ""only one Sent/Received time is displayed,"" do you mean that there is a single time representing either sent or received (but not both), or is it a placeholder for a combined sent and received timestamp as a single piece of data?']","['When you say ""only one Sent/Received time is displayed,"" do you mean that only the sent time or only the received time is shown, or are you suggesting that a single label combining sent and received as one token is displayed?']","[""When you mention 'only one Sent/Received time is displayed,' do you mean that either the sent or received time is displayed but not both, or do you mean that the sent and received times are combined into a single entry or token?""]","['When you say ""only one Sent/Received time is displayed,"" do you mean it displays either the sent or the received time separately, or does it display both together as one combined timestamp?']","['When you mention ""only one Sent/Received time is displayed,"" are you indicating that either a sent time or received time is shown (but not both), or are you saying that a single token representing both sent and received time is displayed, if so, is it displaying sent time, received time, or something else?']","""When you mention 'only one Sent/Received time is displayed,' do you mean that only the sent time is shown with no clear reference to a received time, that the token 'Sent/Received' is being used to denote a single timestamp acting as both the sent and received time, or something else?""","['When you mention ""only one Sent/Received time is displayed,"" do you mean it shows either the sent or received time interchangeably, or are the sent and received times being presented as a single, combined token?']"
32,32,6077-Signal,"Request Number - 6077 | Request Title - Update libphonenumber to >=8.2.0 (Cannot send SMS to my mobile provider) | Request Description - I have:   searched open and closed issues for duplicates  read https://github.com/WhisperSystems/Signal-Android/wiki/Submitting-useful-bug-reports  Bug description. My friend made me aware of this as I'm never checking my account status via SMS, but it doesn't work for me neither. To check our account status, we have to send an SMS message to 13977, but Signal fails to deliver it. I tried sending it through the native Oneplus SMS app and it goes through just fine, with an immediate response. I can send an SMS to other people, though, so it has something to do with that number. (Signal adds +385 to it for Croatia, maybe that's it?) Steps to reproduce.  send an SMS to my provider through Signal Actual result: it doesn't go through, ""Failed to send"", ""Some issues need your attention."" Expected result: Message should go through and I should get a response. Device info. Device: OnePlus3T Android version: 7.0 Signal version: 3.27.1 Link to debug log. https://gist.github.com/anonymous/f656572561ea3a91d0f4bbdeb98e587b",it.,"When you wrote ""Signal fails to deliver it"", does 'it' refer to ""an SMS message to 13977"", ""our account status"", or something else?","['When you wrote ""Signal fails to deliver it"", does \'it\' refer to ""an SMS message to 13977"", ""our account status"", or something else?']","Semantic ambiguity: a sentence has more than one way of reading it within its context, although it contains no lexical or syntactic ambiguity. Semantic ambiguity can be viewed as ambiguity with respect to the logical form, usually expressed in predicate logic, of a sentence.
You are a software analyst specializing in Semantic ambiguity resolution in GitHub feature requests.
Carefully read the provided statement along with the extracted Semantic ambiguity segment and the reasoning behind why the extracted text segment is considered ambiguous. Based on the information, generate clear and concise clarification questions aimed at addressing the Semantic ambiguity in the extracted text segment; include all generated clarifying questions in a single comma-separated list. Make sure to have all elements of the list in quotation marks.
Demonstrations are provided for clarity. Each demonstration is separated by the trigger word # END. Inside each demonstration, the statement, reason, extracted segment, and clarifying questions are separated using the trigger word ####. Strictly follow the provided demonstration.
Statement: Request Number - 555 | Request Title - Not working in dual sim phone | Request Description - My friend has a dual sim Lava iris 405 and i have samsung galaxy s3. we both have installed the TextSecure when i start secure session, it sends Key exchange message and its received in my friends. After that it says Received and processed key exchange message but he is unable to send me any message, it says error sending. i know its giving problem because its a dual sim phone, text secure app is not able to send sms from particular sim and giving this error. Is dual sim phone supported by textSecure?
####
Reason: It is unclear whether the indefinite noun phrase ""particular sim"" is intended to be specific or non-specific, creating multiple possible interpretations.
####
Extracted Semantic ambiguity segment: particular sim
####
Clarifying Question(s): ['When you say the app is not able to send from a particular SIM, do you mean it cannot send from a specific SIM, it cannot send from either SIM interchangeably, or something else?']
# END
Statement: Request Number - 1504 | Request Title - Notification Color for Individual Contacts or Groups | Request Description - how about we edit this one too?  or just delete it..... üôà
####
Reason: It is unclear how the different noun phrases (notification color, individual contacts, groups) associate with one another in a collective/distributive sense, creating multiple possible interpretations.
####
Extracted Semantic ambiguity segment: Notification Color for Individual Contacts or Groups
####
Clarifying Question(s): ['When writing ""notification color for individual contacts or groups"", are you suggesting one color for all individual contacts and one different color for all group messages, one different color for each individual and group, one color for all individual contact and group message notifications (to differentiate user communications from system or other types of notifications), or something else?']
# END
Statement: Request Number - 1407 | Request Title - textsecure not an option when ""sharing"" an address book contact | Request Description - TextSecure is not an option when attempting to share a contact from the address book, in Android 4.4.2 when i select ""messaging"" it tells me ""messaging"" is not the default sms app. This would be a nice feature to have added to the app.
####
Reason: The pronoun ""it"" can point to multiple possible targets in the sentence, creating multiple interpretations.
####
Extracted Semantic ambiguity segment: it
####
Clarifying Question(s): ['When you wrote ""it tells me"", does ""it"" refer to TextSecure, the Android OS, or something else?']
# END
Request Number - 6077 | Request Title - Update libphonenumber to >=8.2.0 (Cannot send SMS to my mobile provider) | Request Description - I have:   searched open and closed issues for duplicates  read https://github.com/WhisperSystems/Signal-Android/wiki/Submitting-useful-bug-reports  Bug description. My friend made me aware of this as I'm never checking my account status via SMS, but it doesn't work for me neither. To check our account status, we have to send an SMS message to 13977, but Signal fails to deliver it. I tried sending it through the native Oneplus SMS app and it goes through just fine, with an immediate response. I can send an SMS to other people, though, so it has something to do with that number. (Signal adds +385 to it for Croatia, maybe that's it?) Steps to reproduce.  send an SMS to my provider through Signal Actual result: it doesn't go through, ""Failed to send"", ""Some issues need your attention."" Expected result: Message should go through and I should get a response. Device info. Device: OnePlus3T Android version: 7.0 Signal version: 3.27.1 Link to debug log. https://gist.github.com/anonymous/f656572561ea3a91d0f4bbdeb98e587b
####
Reason: The pronoun 'it' could point to multiple noun phrases earlier in the sentence, creating multiple possible meanings.
####
Extracted Semantic ambiguity segment: it.
####
Clarifying Question(s): ","['In the sentence ""Signal adds +385 to it for Croatia, maybe that\'s it?"", does ""it"" refer to the number 13977, the SMS message, or something else?', 'In the sentence ""Actual result: it doesn\'t go through,"" does ""it"" refer to the SMS message, the process of using Signal to send the SMS, or something else?']","['When you wrote ""it doesn't work for me neither,"" does ""it"" refer to checking the account status via SMS, sending an SMS to 13977, sending an SMS in general, or something else?', 'When you wrote ""Signal adds +385 to it,"" does ""it"" refer to the number 13977, the SMS message itself, or something else?', 'When you wrote ""it doesn\'t go through,"" does ""it"" refer to the SMS message, the attempt to check account status, or something else?']","['When you say ""it doesn't work for me neither, but it doesn't work for me neither. To check our account status, we have to send an SMS message to 13977, but Signal fails to deliver it,"" does ""it"" refer to the SMS being sent, the function of sending via Signal specifically, or something else?']","['In the sentence ""Signal adds +385 to it for Croatia, maybe that\'s it?"", does the first ""it"" refer to the number 13977, the SMS message, or something else?', 'In the sentence ""maybe that\'s it?"", does ""it"" refer to the reason why Signal fails to deliver the message, such as the addition of the +385 code, or something else?']","[""In the sentence 'but it doesn't work for me neither,' does 'it' refer to the process of checking your account status via SMS, the ability to send an SMS to 13977, or something else?""]","""When you mention 'it doesn't work for me neither,' does 'it' refer to checking your account status via SMS, sending an SMS to the number 13977, or something else?, When you wrote 'Signal adds +385 to it for Croatia, maybe that's it?', does 'it' refer to the number 13977, the message composition, or something else?, When you mention 'it doesn't go through,' does 'it' refer to the SMS message sent to 13977, the network connection, or something else?""","['In ""Signal adds +385 to it for Croatia, maybe that\'s it?"", does the first ""it"" refer to the number 13977, the SMS, or something else?', 'Does the second ""it"" in ""maybe that\'s it?"" refer to the reason the message fails to send because of the added +385, the number, or something else?']","""When you wrote 'it doesn't work for me neither', does 'it' refer to checking your account status via SMS or something else?, When you mentioned 'Signal adds +385 to it for Croatia, maybe that's it?', does 'it' refer to the number you're trying to send the SMS to or the issue with sending the SMS?, Does 'it doesn't go through' relate to the Signal application failing to send the SMS, the number format, or something else?""","['In the sentence ""Signal adds +385 to it for Croatia, maybe that\'s it?"", does ""it"" refer to the number 13977, the SMS message, or something else?', 'When you mention ""it doesn\'t work for me neither"", does ""it"" refer to sending an SMS to 13977, checking account status via SMS, or another action?']","""When you wrote 'it doesn't work for me neither,' does 'it' refer to checking the account status via SMS, sending an SMS to 13977, or something else?"", ""In the segment 'Signal adds +385 to it for Croatia,' does 'it' refer to the phone number 13977 or the SMS message itself?"""
33,33,801-Signal,"Request Number - 801 | Request Title - Feature request: Mute Group (or any user) | Request Description - Sometimes friends in a group are discussing something I'm not interested in and my phone would go nuts vibrating and ringing all the time. A ""Mute for X minutes/hours"" feature would be awesome.",any,"When you wrote ""any user"", do you mean ""a selected user"", ""all applicable users"", or something else?","['When you wrote ""any user"", do you mean ""a selected user"", ""all applicable users"", or something else?']","Semantic ambiguity: a sentence has more than one way of reading it within its context, although it contains no lexical or syntactic ambiguity. Semantic ambiguity can be viewed as ambiguity with respect to the logical form, usually expressed in predicate logic, of a sentence.
You are a software analyst specializing in Semantic ambiguity resolution in GitHub feature requests.
Carefully read the provided statement along with the extracted Semantic ambiguity segment and the reasoning behind why the extracted text segment is considered ambiguous. Based on the information, generate clear and concise clarification questions aimed at addressing the Semantic ambiguity in the extracted text segment; include all generated clarifying questions in a single comma-separated list. Make sure to have all elements of the list in quotation marks.
Demonstrations are provided for clarity. Each demonstration is separated by the trigger word # END. Inside each demonstration, the statement, reason, extracted segment, and clarifying questions are separated using the trigger word ####. Strictly follow the provided demonstration.
Statement: Request Number - 555 | Request Title - Not working in dual sim phone | Request Description - My friend has a dual sim Lava iris 405 and i have samsung galaxy s3. we both have installed the TextSecure when i start secure session, it sends Key exchange message and its received in my friends. After that it says Received and processed key exchange message but he is unable to send me any message, it says error sending. i know its giving problem because its a dual sim phone, text secure app is not able to send sms from particular sim and giving this error. Is dual sim phone supported by textSecure?
####
Reason: It is unclear whether the indefinite noun phrase ""particular sim"" is intended to be specific or non-specific, creating multiple possible interpretations.
####
Extracted Semantic ambiguity segment: particular sim
####
Clarifying Question(s): ['When you say the app is not able to send from a particular SIM, do you mean it cannot send from a specific SIM, it cannot send from either SIM interchangeably, or something else?']
# END
Statement: Request Number - 1504 | Request Title - Notification Color for Individual Contacts or Groups | Request Description - how about we edit this one too?  or just delete it..... üôà
####
Reason: It is unclear how the different noun phrases (notification color, individual contacts, groups) associate with one another in a collective/distributive sense, creating multiple possible interpretations.
####
Extracted Semantic ambiguity segment: Notification Color for Individual Contacts or Groups
####
Clarifying Question(s): ['When writing ""notification color for individual contacts or groups"", are you suggesting one color for all individual contacts and one different color for all group messages, one different color for each individual and group, one color for all individual contact and group message notifications (to differentiate user communications from system or other types of notifications), or something else?']
# END
Statement: Request Number - 1407 | Request Title - textsecure not an option when ""sharing"" an address book contact | Request Description - TextSecure is not an option when attempting to share a contact from the address book, in Android 4.4.2 when i select ""messaging"" it tells me ""messaging"" is not the default sms app. This would be a nice feature to have added to the app.
####
Reason: The pronoun ""it"" can point to multiple possible targets in the sentence, creating multiple interpretations.
####
Extracted Semantic ambiguity segment: it
####
Clarifying Question(s): ['When you wrote ""it tells me"", does ""it"" refer to TextSecure, the Android OS, or something else?']
# END
Request Number - 801 | Request Title - Feature request: Mute Group (or any user) | Request Description - Sometimes friends in a group are discussing something I'm not interested in and my phone would go nuts vibrating and ringing all the time. A ""Mute for X minutes/hours"" feature would be awesome.
####
Reason: The word ""any"" can have a specific or non-specific meaning, affecting the scope implied by the term and creating multiple possible meanings.
####
Extracted Semantic ambiguity segment: any
####
Clarifying Question(s): ","['When you say ""Mute Group (or any user)"", do you mean the feature should allow muting a specific user chosen by the app user, any user in general groups, or something else?']","""When you mention 'mute group (or any user)', does 'any' imply muting all users in a group simultaneously, the ability to mute individual users selectively within the group, the ability to mute any user across different groups, or something else?""","""Does 'any user' mean you want to mute specific users individually, mute all users at once, or something else within the group?""","['When you say ""Mute Group (or any user)"", are you referring to a specific option to mute each user individually as needed, to mute any user in any group interchangeably, or something else?']","['In the context of ""Mute Group or any user"", does ""any"" refer to muting a specific user that the user chooses, the ability to mute any user at any time regardless of choice, or something else?']","['When you mention ""Mute Group (or any user)"", does ""any"" refer to the ability to mute specific users within a group, the ability to mute any user or group generally, or something else?']","['When you mention ""any user"" in the phrase ""Mute Group (or any user)"", do you mean the ability to mute a specific user of your choice, the ability to mute any user randomly, or something else?']","['When you mentioned the ability to mute ""any user,"" do you mean to mute a specific user at will, to select from multiple users to mute, to mute any notifications regardless of the sender, or something else?']","['When you say ""Mute Group (or any user)"", do you mean the feature should allow muting specific users or any user without specifying, or something else?']","['When you mention ""mute any user,"" are you suggesting the ability to mute a specific user within the group, mute any user individually on a case-by-case basis, or mute the entire group regardless of individual users?']"
34,34,604-Signal,"Request Number - 604 | Request Title - Number registration (for push messaging) doesn't work with Google Voice | Request Description - The new push based TextSecure doesn't seem to like using Google Voice numbers (which are then forwarded to my phone's real number via SMS).  Although there are of course privacy downsides associated with letting Google see all of your incoming/outgoing SMS data, there are also serious privacy harms associated with letting people know your actual phone number, rather than a number that will just forward texts to you* The first step of the TextSecure number registration process (""Connecting"") works fine. An incoming text message with the verification code is received by the default Android SMS app, but TextSecure doesn't catch it. Thankfully, after 2 minutes of waiting, I am given the opportunity verify by voice, which does work.",it.,"When you wrote ""TextSecure doesn't catch it"", do you mean ""TextSecure doesn't catch the message"", ""TextSecure doesn't catch the verification code"", or something else?","['When you wrote ""TextSecure doesn\'t catch it"", do you mean ""TextSecure doesn\'t catch the message"", ""TextSecure doesn\'t catch the verification code"", or something else?']","Semantic ambiguity: a sentence has more than one way of reading it within its context, although it contains no lexical or syntactic ambiguity. Semantic ambiguity can be viewed as ambiguity with respect to the logical form, usually expressed in predicate logic, of a sentence.
You are a software analyst specializing in Semantic ambiguity resolution in GitHub feature requests.
Carefully read the provided statement along with the extracted Semantic ambiguity segment and the reasoning behind why the extracted text segment is considered ambiguous. Based on the information, generate clear and concise clarification questions aimed at addressing the Semantic ambiguity in the extracted text segment; include all generated clarifying questions in a single comma-separated list. Make sure to have all elements of the list in quotation marks.
Demonstrations are provided for clarity. Each demonstration is separated by the trigger word # END. Inside each demonstration, the statement, reason, extracted segment, and clarifying questions are separated using the trigger word ####. Strictly follow the provided demonstration.
Statement: Request Number - 555 | Request Title - Not working in dual sim phone | Request Description - My friend has a dual sim Lava iris 405 and i have samsung galaxy s3. we both have installed the TextSecure when i start secure session, it sends Key exchange message and its received in my friends. After that it says Received and processed key exchange message but he is unable to send me any message, it says error sending. i know its giving problem because its a dual sim phone, text secure app is not able to send sms from particular sim and giving this error. Is dual sim phone supported by textSecure?
####
Reason: It is unclear whether the indefinite noun phrase ""particular sim"" is intended to be specific or non-specific, creating multiple possible interpretations.
####
Extracted Semantic ambiguity segment: particular sim
####
Clarifying Question(s): ['When you say the app is not able to send from a particular SIM, do you mean it cannot send from a specific SIM, it cannot send from either SIM interchangeably, or something else?']
# END
Statement: Request Number - 1504 | Request Title - Notification Color for Individual Contacts or Groups | Request Description - how about we edit this one too?  or just delete it..... üôà
####
Reason: It is unclear how the different noun phrases (notification color, individual contacts, groups) associate with one another in a collective/distributive sense, creating multiple possible interpretations.
####
Extracted Semantic ambiguity segment: Notification Color for Individual Contacts or Groups
####
Clarifying Question(s): ['When writing ""notification color for individual contacts or groups"", are you suggesting one color for all individual contacts and one different color for all group messages, one different color for each individual and group, one color for all individual contact and group message notifications (to differentiate user communications from system or other types of notifications), or something else?']
# END
Statement: Request Number - 1407 | Request Title - textsecure not an option when ""sharing"" an address book contact | Request Description - TextSecure is not an option when attempting to share a contact from the address book, in Android 4.4.2 when i select ""messaging"" it tells me ""messaging"" is not the default sms app. This would be a nice feature to have added to the app.
####
Reason: The pronoun ""it"" can point to multiple possible targets in the sentence, creating multiple interpretations.
####
Extracted Semantic ambiguity segment: it
####
Clarifying Question(s): ['When you wrote ""it tells me"", does ""it"" refer to TextSecure, the Android OS, or something else?']
# END
Request Number - 604 | Request Title - Number registration (for push messaging) doesn't work with Google Voice | Request Description - The new push based TextSecure doesn't seem to like using Google Voice numbers (which are then forwarded to my phone's real number via SMS).  Although there are of course privacy downsides associated with letting Google see all of your incoming/outgoing SMS data, there are also serious privacy harms associated with letting people know your actual phone number, rather than a number that will just forward texts to you* The first step of the TextSecure number registration process (""Connecting"") works fine. An incoming text message with the verification code is received by the default Android SMS app, but TextSecure doesn't catch it. Thankfully, after 2 minutes of waiting, I am given the opportunity verify by voice, which does work.
####
Reason: The pronoun 'it' can refer to two different targets in the sentence, changing the nature of the problem based on the interpretation.
####
Extracted Semantic ambiguity segment: it.
####
Clarifying Question(s): ","""When you mention 'TextSecure doesn't catch it,' does 'it' refer to the incoming text message with the verification code, the process of verifying by voice, or something else?""","['When you mention ""TextSecure doesn\'t catch it,"" does ""it"" refer to the incoming text message with the verification code or the process of receiving the code in any form?']","""When you wrote 'it doesn't catch it,' does 'it' refer to TextSecure not catching the verification code, or does 'it' refer to the Android SMS app?""","[""When you wrote 'it doesn't work,' does 'it' refer to the Google Voice number integration, the TextSecure registration process, or something else?""]","""When you wrote 'TextSecure doesn't catch it', does 'it' refer to the incoming text message itself, or the verification code within that text message?""","['When you mention ""it"" in the sentence ""TextSecure doesn\'t catch it"", are you referring to TextSecure not catching the verification code or TextSecure not catching the incoming text message itself?']","['In the sentence ""TextSecure doesn\'t catch it,"" does ""it"" refer to the incoming text message with the verification code, the verification process itself, or something else?']","[""In the phrase 'TextSecure doesn't catch it,' does 'it' refer to the verification code SMS message, the process of catching SMS for verification, or something else?""]","""When you wrote 'it doesn't catch it,' does the first 'it' refer to TextSecure or the push messaging system, and does the second 'it' refer to the incoming text message with the verification code or something else?""","[""When you mentioned 'it doesn't catch it', does the first 'it' refer to TextSecure, and does the second 'it' refer to the incoming text message with the verification code, or do they refer to something else?""]"
35,35,757-Signal,"Request Number - 757 | Request Title - different notification settings for group chats | Request Description - It would be very nice to be able to change the notification settings for goups independently from other (personal) chats, as group chats might have a lower priority for the user.",notification settings for goups,"When you wrote ""notification settings for all goups"", did you mean notification settings for all groups together, notification settings for each group individually, or something else?","['When you wrote ""notification settings for all goups"", did you mean notification settings for all groups together, notification settings for each group individually, or something else?']","Semantic ambiguity: a sentence has more than one way of reading it within its context, although it contains no lexical or syntactic ambiguity. Semantic ambiguity can be viewed as ambiguity with respect to the logical form, usually expressed in predicate logic, of a sentence.
You are a software analyst specializing in Semantic ambiguity resolution in GitHub feature requests.
Carefully read the provided statement along with the extracted Semantic ambiguity segment and the reasoning behind why the extracted text segment is considered ambiguous. Based on the information, generate clear and concise clarification questions aimed at addressing the Semantic ambiguity in the extracted text segment; include all generated clarifying questions in a single comma-separated list. Make sure to have all elements of the list in quotation marks.
Demonstrations are provided for clarity. Each demonstration is separated by the trigger word # END. Inside each demonstration, the statement, reason, extracted segment, and clarifying questions are separated using the trigger word ####. Strictly follow the provided demonstration.
Statement: Request Number - 555 | Request Title - Not working in dual sim phone | Request Description - My friend has a dual sim Lava iris 405 and i have samsung galaxy s3. we both have installed the TextSecure when i start secure session, it sends Key exchange message and its received in my friends. After that it says Received and processed key exchange message but he is unable to send me any message, it says error sending. i know its giving problem because its a dual sim phone, text secure app is not able to send sms from particular sim and giving this error. Is dual sim phone supported by textSecure?
####
Reason: It is unclear whether the indefinite noun phrase ""particular sim"" is intended to be specific or non-specific, creating multiple possible interpretations.
####
Extracted Semantic ambiguity segment: particular sim
####
Clarifying Question(s): ['When you say the app is not able to send from a particular SIM, do you mean it cannot send from a specific SIM, it cannot send from either SIM interchangeably, or something else?']
# END
Statement: Request Number - 1407 | Request Title - textsecure not an option when ""sharing"" an address book contact | Request Description - TextSecure is not an option when attempting to share a contact from the address book, in Android 4.4.2 when i select ""messaging"" it tells me ""messaging"" is not the default sms app. This would be a nice feature to have added to the app.
####
Reason: The pronoun ""it"" can point to multiple possible targets in the sentence, creating multiple interpretations.
####
Extracted Semantic ambiguity segment: it
####
Clarifying Question(s): ['When you wrote ""it tells me"", does ""it"" refer to TextSecure, the Android OS, or something else?']
# END
Statement: Request Number - 1504 | Request Title - Notification Color for Individual Contacts or Groups | Request Description - how about we edit this one too?  or just delete it..... üôà
####
Reason: It is unclear how the different noun phrases (notification color, individual contacts, groups) associate with one another in a collective/distributive sense, creating multiple possible interpretations.
####
Extracted Semantic ambiguity segment: Notification Color for Individual Contacts or Groups
####
Clarifying Question(s): ['When writing ""notification color for individual contacts or groups"", are you suggesting one color for all individual contacts and one different color for all group messages, one different color for each individual and group, one color for all individual contact and group message notifications (to differentiate user communications from system or other types of notifications), or something else?']
# END
Request Number - 757 | Request Title - different notification settings for group chats | Request Description - It would be very nice to be able to change the notification settings for goups independently from other (personal) chats, as group chats might have a lower priority for the user.
####
Reason: The interaction between the term ""settings"" and the plural ""groups"" can be interpreted as having the collective scope of ""all groups"" or the distributive scope of ""each group"", which creates multiple possible interpretations.
####
Extracted Semantic ambiguity segment: notification settings for goups
####
Clarifying Question(s): ","""When you mention 'notification settings for groups', do you mean having one set of settings apply to all group chats collectively or different settings for each individual group chat?""","""When you mention changing 'notification settings for groups', do you mean having one set of notification settings that applies to all group chats collectively or having the ability to set different notification settings for each group chat individually?""","['When you mention ""notification settings for groups"", are you suggesting one set of notification settings that applies to all group chats collectively, individualized notification settings for each group chat, or something else?']","""When suggesting 'different notification settings for groups', do you mean applying one set of notification settings to all group chats collectively, setting different notification settings for each group chat individually, or something else?""","""When you mention 'notification settings for groups', are you suggesting a single set of notification settings applied collectively to all group chats, different notification settings for each individual group chat, or something else?""","['When you mention ""notification settings for groups"", are you referring to one set of settings applied collectively to all group chats, different settings for each group chat individually, or something else?']","""When you mention 'notification settings for groups,' do you mean having one set of notification settings for all group chats collectively, having the ability to customize notification settings for each group chat individually, or something else?""","[""When you mention 'notification settings for groups', are you suggesting different notification settings that apply to all group chats collectively, individual settings for each group chat separately, or something else?""]","""When you refer to 'notification settings for groups', do you mean having a single notification setting that applies to all groups collectively, having individual notification settings for each group, or something else?""","""When you say 'notification settings for groups,' do you mean having one set of notification settings apply to all group chats collectively, having the ability to set different notification settings for each group chat individually, or something else?"""
36,36,6069-Signal,"Request Number - 6069 | Request Title - Unread notification badges do not work on Huawei EMUI | Request Description - I have:   searched open and closed issues for duplicates  read https://github.com/WhisperSystems/Signal-Android/wiki/Submitting-useful-bug-reports  Bug description. I've installed Signal on a Honor 8 (made by Huawei) with EMUI 4.1 (Android 6.0). I've noticed that Signal receives notifications on new messages and they are also listed in the notification area, but the unread notifications badge on the app icon on the home screen is not shown. In Signal support articles there is mentioned, that badge icons are supported for some launchers, see https://support.whispersystems.org/hc/en-us/articles/215766077-How-can-I-see-my-unread-badge-count-What-launcher-should-I-use- So far I could not find out if this is a Signal or EMUI problem, but Threema and Conversations show the notification badges. Device info. Device: Honor 8 Android version: 6.0 Signal version: 3.26.2",they,"When you wrote ""they are also listed in the notification area"", does 'they' refer to 'notifications', 'messages', or something else?","['When you wrote ""they are also listed in the notification area"", does \'they\' refer to \'notifications\', \'messages\', or something else?']","Semantic ambiguity: a sentence has more than one way of reading it within its context, although it contains no lexical or syntactic ambiguity. Semantic ambiguity can be viewed as ambiguity with respect to the logical form, usually expressed in predicate logic, of a sentence.
You are a software analyst specializing in Semantic ambiguity resolution in GitHub feature requests.
Carefully read the provided statement along with the extracted Semantic ambiguity segment and the reasoning behind why the extracted text segment is considered ambiguous. Based on the information, generate clear and concise clarification questions aimed at addressing the Semantic ambiguity in the extracted text segment; include all generated clarifying questions in a single comma-separated list. Make sure to have all elements of the list in quotation marks.
Demonstrations are provided for clarity. Each demonstration is separated by the trigger word # END. Inside each demonstration, the statement, reason, extracted segment, and clarifying questions are separated using the trigger word ####. Strictly follow the provided demonstration.
Statement: Request Number - 555 | Request Title - Not working in dual sim phone | Request Description - My friend has a dual sim Lava iris 405 and i have samsung galaxy s3. we both have installed the TextSecure when i start secure session, it sends Key exchange message and its received in my friends. After that it says Received and processed key exchange message but he is unable to send me any message, it says error sending. i know its giving problem because its a dual sim phone, text secure app is not able to send sms from particular sim and giving this error. Is dual sim phone supported by textSecure?
####
Reason: It is unclear whether the indefinite noun phrase ""particular sim"" is intended to be specific or non-specific, creating multiple possible interpretations.
####
Extracted Semantic ambiguity segment: particular sim
####
Clarifying Question(s): ['When you say the app is not able to send from a particular SIM, do you mean it cannot send from a specific SIM, it cannot send from either SIM interchangeably, or something else?']
# END
Statement: Request Number - 1407 | Request Title - textsecure not an option when ""sharing"" an address book contact | Request Description - TextSecure is not an option when attempting to share a contact from the address book, in Android 4.4.2 when i select ""messaging"" it tells me ""messaging"" is not the default sms app. This would be a nice feature to have added to the app.
####
Reason: The pronoun ""it"" can point to multiple possible targets in the sentence, creating multiple interpretations.
####
Extracted Semantic ambiguity segment: it
####
Clarifying Question(s): ['When you wrote ""it tells me"", does ""it"" refer to TextSecure, the Android OS, or something else?']
# END
Statement: Request Number - 1504 | Request Title - Notification Color for Individual Contacts or Groups | Request Description - how about we edit this one too?  or just delete it..... üôà
####
Reason: It is unclear how the different noun phrases (notification color, individual contacts, groups) associate with one another in a collective/distributive sense, creating multiple possible interpretations.
####
Extracted Semantic ambiguity segment: Notification Color for Individual Contacts or Groups
####
Clarifying Question(s): ['When writing ""notification color for individual contacts or groups"", are you suggesting one color for all individual contacts and one different color for all group messages, one different color for each individual and group, one color for all individual contact and group message notifications (to differentiate user communications from system or other types of notifications), or something else?']
# END
Request Number - 6069 | Request Title - Unread notification badges do not work on Huawei EMUI | Request Description - I have:   searched open and closed issues for duplicates  read https://github.com/WhisperSystems/Signal-Android/wiki/Submitting-useful-bug-reports  Bug description. I've installed Signal on a Honor 8 (made by Huawei) with EMUI 4.1 (Android 6.0). I've noticed that Signal receives notifications on new messages and they are also listed in the notification area, but the unread notifications badge on the app icon on the home screen is not shown. In Signal support articles there is mentioned, that badge icons are supported for some launchers, see https://support.whispersystems.org/hc/en-us/articles/215766077-How-can-I-see-my-unread-badge-count-What-launcher-should-I-use- So far I could not find out if this is a Signal or EMUI problem, but Threema and Conversations show the notification badges. Device info. Device: Honor 8 Android version: 6.0 Signal version: 3.26.2
####
Reason: The pronoun ""they"" can point to two possible targets in the sentence, creating multiple possible interpretations.
####
Extracted Semantic ambiguity segment: they
####
Clarifying Question(s): ","['When you wrote ""they are also listed in the notification area"", does ""they"" refer to the notifications of new messages, the unread notifications, or something else?']","['In the sentence ""Signal receives notifications on new messages and they are also listed in the notification area,"" does ""they"" refer to the new messages, the notifications, or something else?']","""When you wrote 'they are also listed in the notification area', does 'they' refer to notifications in general or to the new messages specifically?""","""Does 'they' refer to the new message notifications themselves or to something else being listed in the notification area?""","['When you mention ""they are also listed in the notification area,"" does ""they"" refer to the notifications themselves or the unread notification badges?']","""When you wrote 'they are also listed in the notification area,' does 'they' refer to the new messages, the notifications for new messages, or something else?""","['When you say ""they are also listed in the notification area"", does ""they"" refer to the notifications from Signal, the new messages themselves, or something else?']","[""When you wrote 'they are also listed in the notification area,' does 'they' refer to the notifications themselves, the new messages, or something else?""]","""When you mentioned 'they are also listed in the notification area', does 'they' refer to the notifications themselves or to the new messages received?""","""When you wrote 'they are also listed in the notification area', does 'they' refer to the notifications themselves, to the messages that triggered the notifications, or something else?"""
37,37,2055-Signal,"Request Number - 2055 | Request Title - use delivery receipts to show message received time for outgoing messages | Request Description - After long pressing on a message and selecting the info button, the message details are shown. This includes the sent and received times for incoming messages. For outgoing messages, in contrast, only one Sent/Received time is displayed, probably containing sent time. Now that delivery receipts are implemented, it would be possible to display the received time for outgoing messages (by taking the sent time from the receipt). Or to make it more precise, let the receipt message piggybag the real received time. This would make the user interface more consistent. When this is rejected for some reasons, I suggest renaming the ""Sent/Received"" label for outgoing messages to ""Sent"" because this is what it really is about.",it,"What do you mean by ""it"" when you stated, ""because this is what it really is about""?","['What do you mean by ""it"" when you stated, ""because this is what it really is about""?']","Semantic ambiguity: a sentence has more than one way of reading it within its context, although it contains no lexical or syntactic ambiguity. Semantic ambiguity can be viewed as ambiguity with respect to the logical form, usually expressed in predicate logic, of a sentence.
You are a software analyst specializing in Semantic ambiguity resolution in GitHub feature requests.
Carefully read the provided statement along with the extracted Semantic ambiguity segment and the reasoning behind why the extracted text segment is considered ambiguous. Based on the information, generate clear and concise clarification questions aimed at addressing the Semantic ambiguity in the extracted text segment; include all generated clarifying questions in a single comma-separated list. Make sure to have all elements of the list in quotation marks.
Demonstrations are provided for clarity. Each demonstration is separated by the trigger word # END. Inside each demonstration, the statement, reason, extracted segment, and clarifying questions are separated using the trigger word ####. Strictly follow the provided demonstration.
Statement: Request Number - 555 | Request Title - Not working in dual sim phone | Request Description - My friend has a dual sim Lava iris 405 and i have samsung galaxy s3. we both have installed the TextSecure when i start secure session, it sends Key exchange message and its received in my friends. After that it says Received and processed key exchange message but he is unable to send me any message, it says error sending. i know its giving problem because its a dual sim phone, text secure app is not able to send sms from particular sim and giving this error. Is dual sim phone supported by textSecure?
####
Reason: It is unclear whether the indefinite noun phrase ""particular sim"" is intended to be specific or non-specific, creating multiple possible interpretations.
####
Extracted Semantic ambiguity segment: particular sim
####
Clarifying Question(s): ['When you say the app is not able to send from a particular SIM, do you mean it cannot send from a specific SIM, it cannot send from either SIM interchangeably, or something else?']
# END
Statement: Request Number - 1407 | Request Title - textsecure not an option when ""sharing"" an address book contact | Request Description - TextSecure is not an option when attempting to share a contact from the address book, in Android 4.4.2 when i select ""messaging"" it tells me ""messaging"" is not the default sms app. This would be a nice feature to have added to the app.
####
Reason: The pronoun ""it"" can point to multiple possible targets in the sentence, creating multiple interpretations.
####
Extracted Semantic ambiguity segment: it
####
Clarifying Question(s): ['When you wrote ""it tells me"", does ""it"" refer to TextSecure, the Android OS, or something else?']
# END
Statement: Request Number - 1504 | Request Title - Notification Color for Individual Contacts or Groups | Request Description - how about we edit this one too?  or just delete it..... üôà
####
Reason: It is unclear how the different noun phrases (notification color, individual contacts, groups) associate with one another in a collective/distributive sense, creating multiple possible interpretations.
####
Extracted Semantic ambiguity segment: Notification Color for Individual Contacts or Groups
####
Clarifying Question(s): ['When writing ""notification color for individual contacts or groups"", are you suggesting one color for all individual contacts and one different color for all group messages, one different color for each individual and group, one color for all individual contact and group message notifications (to differentiate user communications from system or other types of notifications), or something else?']
# END
Request Number - 2055 | Request Title - use delivery receipts to show message received time for outgoing messages | Request Description - After long pressing on a message and selecting the info button, the message details are shown. This includes the sent and received times for incoming messages. For outgoing messages, in contrast, only one Sent/Received time is displayed, probably containing sent time. Now that delivery receipts are implemented, it would be possible to display the received time for outgoing messages (by taking the sent time from the receipt). Or to make it more precise, let the receipt message piggybag the real received time. This would make the user interface more consistent. When this is rejected for some reasons, I suggest renaming the ""Sent/Received"" label for outgoing messages to ""Sent"" because this is what it really is about.
####
Reason: ""it"" can refer to two references in the same sentence. 
####
Extracted Semantic ambiguity segment: it
####
Clarifying Question(s): ","""When you wrote 'it would be possible to display the received time for outgoing messages', does 'it' refer to the feature implementation or the delivery receipts themselves?""","[""In the sentence 'Or to make it more precise, let the receipt message piggybag the real received time.', does 'it' refer to the action of displaying the received time or something else?""]","['When you wrote ""it would be possible to display the received time for outgoing messages,"" does ""it"" refer to the feature of using delivery receipts or the process of displaying the received time?', 'In the sentence ""Or to make it more precise, let the receipt message piggybag the real received time,"" does ""it"" refer to making the display of received time more precise or something else?']","['In the statement ""Now that delivery receipts are implemented, it would be possible to display the received time for outgoing messages,"" does ""it"" refer to the implementation of delivery receipts making this feature possible, or something else?', 'When you mention ""let the receipt message piggyback the real received time,"" does ""it"" refer to the receipt message itself reflecting the real received time, or something else?']","""When you mention 'it would be possible to display the received time for outgoing messages', does 'it' refer to using the delivery receipts functionality, showing the received time on the user interface, or something else?""","""When you mentioned 'it would be possible to display the received time for outgoing messages', does 'it' refer to the implementation of displaying the received time using delivery receipts, to the concept of using delivery receipts more generally, or something else?""","""When you wrote 'it would be possible to display the received time for outgoing messages,' does 'it' refer to the act of displaying the received time using the delivery receipt or does 'it' refer to the user interface being consistent?"", ""When you mentioned 'it really is about,' does 'it' refer to the label being 'Sent' or something else?""","[""When you mention 'it would be possible to display the received time for outgoing messages,' does 'it' refer to using delivery receipts to display the received time, or does 'it' refer to the display mechanism itself?"", ""When you write 'let the receipt message piggyback the real received time,' does 'it' refer to the proposal of piggybacking the received time or something else in the context of message handling?""]","['When you wrote ""it would be possible to display the received time for outgoing messages"", does ""it"" refer to the implementation of displaying the received time, the functionality of delivery receipts, or something else?', 'In the context of ""Or to make it more precise, let the receipt message piggybag the real received time"", does ""it"" refer to making the received time more accurate, the action of letting the receipt message piggybag the time, or something else?']","['In the sentence ""Now that delivery receipts are implemented, it would be possible to display the received time for outgoing messages,"" does ""it"" refer to the implementation of delivery receipts making this action possible, or does ""it"" refer to something else?', 'In the phrase ""Or to make it more precise, let the receipt message piggybag the real received time,"" does ""it"" refer to the process of making the action more precise, or does ""it"" refer to something else?']"
38,38,2055-Signal,"Request Number - 2055 | Request Title - use delivery receipts to show message received time for outgoing messages | Request Description - After long pressing on a message and selecting the info button, the message details are shown. This includes the sent and received times for incoming messages. For outgoing messages, in contrast, only one Sent/Received time is displayed, probably containing sent time. Now that delivery receipts are implemented, it would be possible to display the received time for outgoing messages (by taking the sent time from the receipt). Or to make it more precise, let the receipt message piggybag the real received time. This would make the user interface more consistent. When this is rejected for some reasons, I suggest renaming the ""Sent/Received"" label for outgoing messages to ""Sent"" because this is what it really is about.","only one Sent/Received time is displayed,",What time receipt is shown for an outgoing message?,['What time receipt is shown for an outgoing message?'],"Semantic ambiguity: a sentence has more than one way of reading it within its context, although it contains no lexical or syntactic ambiguity. Semantic ambiguity can be viewed as ambiguity with respect to the logical form, usually expressed in predicate logic, of a sentence.
You are a software analyst specializing in Semantic ambiguity resolution in GitHub feature requests.
Carefully read the provided statement along with the extracted Semantic ambiguity segment and the reasoning behind why the extracted text segment is considered ambiguous. Based on the information, generate clear and concise clarification questions aimed at addressing the Semantic ambiguity in the extracted text segment; include all generated clarifying questions in a single comma-separated list. Make sure to have all elements of the list in quotation marks.
Demonstrations are provided for clarity. Each demonstration is separated by the trigger word # END. Inside each demonstration, the statement, reason, extracted segment, and clarifying questions are separated using the trigger word ####. Strictly follow the provided demonstration.
Statement: Request Number - 555 | Request Title - Not working in dual sim phone | Request Description - My friend has a dual sim Lava iris 405 and i have samsung galaxy s3. we both have installed the TextSecure when i start secure session, it sends Key exchange message and its received in my friends. After that it says Received and processed key exchange message but he is unable to send me any message, it says error sending. i know its giving problem because its a dual sim phone, text secure app is not able to send sms from particular sim and giving this error. Is dual sim phone supported by textSecure?
####
Reason: It is unclear whether the indefinite noun phrase ""particular sim"" is intended to be specific or non-specific, creating multiple possible interpretations.
####
Extracted Semantic ambiguity segment: particular sim
####
Clarifying Question(s): ['When you say the app is not able to send from a particular SIM, do you mean it cannot send from a specific SIM, it cannot send from either SIM interchangeably, or something else?']
# END
Statement: Request Number - 1407 | Request Title - textsecure not an option when ""sharing"" an address book contact | Request Description - TextSecure is not an option when attempting to share a contact from the address book, in Android 4.4.2 when i select ""messaging"" it tells me ""messaging"" is not the default sms app. This would be a nice feature to have added to the app.
####
Reason: The pronoun ""it"" can point to multiple possible targets in the sentence, creating multiple interpretations.
####
Extracted Semantic ambiguity segment: it
####
Clarifying Question(s): ['When you wrote ""it tells me"", does ""it"" refer to TextSecure, the Android OS, or something else?']
# END
Statement: Request Number - 1504 | Request Title - Notification Color for Individual Contacts or Groups | Request Description - how about we edit this one too?  or just delete it..... üôà
####
Reason: It is unclear how the different noun phrases (notification color, individual contacts, groups) associate with one another in a collective/distributive sense, creating multiple possible interpretations.
####
Extracted Semantic ambiguity segment: Notification Color for Individual Contacts or Groups
####
Clarifying Question(s): ['When writing ""notification color for individual contacts or groups"", are you suggesting one color for all individual contacts and one different color for all group messages, one different color for each individual and group, one color for all individual contact and group message notifications (to differentiate user communications from system or other types of notifications), or something else?']
# END
Request Number - 2055 | Request Title - use delivery receipts to show message received time for outgoing messages | Request Description - After long pressing on a message and selecting the info button, the message details are shown. This includes the sent and received times for incoming messages. For outgoing messages, in contrast, only one Sent/Received time is displayed, probably containing sent time. Now that delivery receipts are implemented, it would be possible to display the received time for outgoing messages (by taking the sent time from the receipt). Or to make it more precise, let the receipt message piggybag the real received time. This would make the user interface more consistent. When this is rejected for some reasons, I suggest renaming the ""Sent/Received"" label for outgoing messages to ""Sent"" because this is what it really is about.
####
Reason: There are quantifiers ""only one"" and also ""/"" in the sentence. In this case, sent/received can be interpreted in two different ways: (1) sent or received. (2) sent and received as one token. 
####
Extracted Semantic ambiguity segment: only one Sent/Received time is displayed,
####
Clarifying Question(s): ","[""When you mention 'only one Sent/Received time is displayed,' do you mean that only a single time is shown for either sent or received status, or is it meant to indicate a singular combined token representing both sent and received times?""]","[""When stating 'only one Sent/Received time is displayed', do you mean that either the sent or received time is displayed, that both sent and received times are displayed as a single token, or that something else is occurring?""]","['When you mention ""only one Sent/Received time is displayed,"" do you mean that it refers to either the sent or received time, or do you mean it is displaying a combined token of both sent and received times?']","['When you mention ""only one Sent/Received time is displayed"", are you referring to a single timestamp that indicates both sent and received time, a separate sent time or received time, or something else?']","[""When you mention 'only one Sent/Received time is displayed,' do you mean there is only one time shown that could either represent 'sent' or 'received' individually, or is it displayed as a single combined token for 'Sent/Received'?""]","[""When you mention 'only one Sent/Received time is displayed,' are you referring to displaying just the sent time or displaying both sent and received times as a single combined token?""]","['When you mention ""only one Sent/Received time is displayed,"" do you mean that only either the sent or received time is shown, or that the combined information of sent and received time is presented as a single token?']","['When you mention ""only one Sent/Received time is displayed,"" are you suggesting that the time shown could refer to either the sent time or the received time, or that the label combines the two into a single token indicating only one specific time is displayed?']","[""When you mention 'only one Sent/Received time is displayed,' do you mean the time shown could be either the sent time or the received time, or does 'Sent/Received' represent a single label indicating only the sent time in the context of outgoing messages?""]","[""When you mention 'only one Sent/Received time is displayed', do you mean there should be either a sent time or a received time displayed, or do you mean both sent and received should be displayed together as a single token?"", ""In the context of 'only one Sent/Received time is displayed', are you suggesting that only the sent time is currently displayed and the received time is missing, or that sent and received are both encapsulated in one timestamp?""]"
39,39,6077-Signal,"Request Number - 6077 | Request Title - Update libphonenumber to >=8.2.0 (Cannot send SMS to my mobile provider) | Request Description - I have:   searched open and closed issues for duplicates  read https://github.com/WhisperSystems/Signal-Android/wiki/Submitting-useful-bug-reports  Bug description. My friend made me aware of this as I'm never checking my account status via SMS, but it doesn't work for me neither. To check our account status, we have to send an SMS message to 13977, but Signal fails to deliver it. I tried sending it through the native Oneplus SMS app and it goes through just fine, with an immediate response. I can send an SMS to other people, though, so it has something to do with that number. (Signal adds +385 to it for Croatia, maybe that's it?) Steps to reproduce.  send an SMS to my provider through Signal Actual result: it doesn't go through, ""Failed to send"", ""Some issues need your attention."" Expected result: Message should go through and I should get a response. Device info. Device: OnePlus3T Android version: 7.0 Signal version: 3.27.1 Link to debug log. https://gist.github.com/anonymous/f656572561ea3a91d0f4bbdeb98e587b",it.,"When you wrote ""Signal fails to deliver it"", does 'it' refer to ""an SMS message to 13977"", ""our account status"", or something else?","['When you wrote ""Signal fails to deliver it"", does \'it\' refer to ""an SMS message to 13977"", ""our account status"", or something else?']","Semantic ambiguity: a sentence has more than one way of reading it within its context, although it contains no lexical or syntactic ambiguity. Semantic ambiguity can be viewed as ambiguity with respect to the logical form, usually expressed in predicate logic, of a sentence.
You are a software analyst specializing in Semantic ambiguity resolution in GitHub feature requests.
Carefully read the provided statement along with the extracted Semantic ambiguity segment and the reasoning behind why the extracted text segment is considered ambiguous. Based on the information, generate clear and concise clarification questions aimed at addressing the Semantic ambiguity in the extracted text segment; include all generated clarifying questions in a single comma-separated list. Make sure to have all elements of the list in quotation marks.
Demonstrations are provided for clarity. Each demonstration is separated by the trigger word # END. Inside each demonstration, the statement, reason, extracted segment, and clarifying questions are separated using the trigger word ####. Strictly follow the provided demonstration.
Statement: Request Number - 555 | Request Title - Not working in dual sim phone | Request Description - My friend has a dual sim Lava iris 405 and i have samsung galaxy s3. we both have installed the TextSecure when i start secure session, it sends Key exchange message and its received in my friends. After that it says Received and processed key exchange message but he is unable to send me any message, it says error sending. i know its giving problem because its a dual sim phone, text secure app is not able to send sms from particular sim and giving this error. Is dual sim phone supported by textSecure?
####
Reason: It is unclear whether the indefinite noun phrase ""particular sim"" is intended to be specific or non-specific, creating multiple possible interpretations.
####
Extracted Semantic ambiguity segment: particular sim
####
Clarifying Question(s): ['When you say the app is not able to send from a particular SIM, do you mean it cannot send from a specific SIM, it cannot send from either SIM interchangeably, or something else?']
# END
Statement: Request Number - 1407 | Request Title - textsecure not an option when ""sharing"" an address book contact | Request Description - TextSecure is not an option when attempting to share a contact from the address book, in Android 4.4.2 when i select ""messaging"" it tells me ""messaging"" is not the default sms app. This would be a nice feature to have added to the app.
####
Reason: The pronoun ""it"" can point to multiple possible targets in the sentence, creating multiple interpretations.
####
Extracted Semantic ambiguity segment: it
####
Clarifying Question(s): ['When you wrote ""it tells me"", does ""it"" refer to TextSecure, the Android OS, or something else?']
# END
Statement: Request Number - 1504 | Request Title - Notification Color for Individual Contacts or Groups | Request Description - how about we edit this one too?  or just delete it..... üôà
####
Reason: It is unclear how the different noun phrases (notification color, individual contacts, groups) associate with one another in a collective/distributive sense, creating multiple possible interpretations.
####
Extracted Semantic ambiguity segment: Notification Color for Individual Contacts or Groups
####
Clarifying Question(s): ['When writing ""notification color for individual contacts or groups"", are you suggesting one color for all individual contacts and one different color for all group messages, one different color for each individual and group, one color for all individual contact and group message notifications (to differentiate user communications from system or other types of notifications), or something else?']
# END
Request Number - 6077 | Request Title - Update libphonenumber to >=8.2.0 (Cannot send SMS to my mobile provider) | Request Description - I have:   searched open and closed issues for duplicates  read https://github.com/WhisperSystems/Signal-Android/wiki/Submitting-useful-bug-reports  Bug description. My friend made me aware of this as I'm never checking my account status via SMS, but it doesn't work for me neither. To check our account status, we have to send an SMS message to 13977, but Signal fails to deliver it. I tried sending it through the native Oneplus SMS app and it goes through just fine, with an immediate response. I can send an SMS to other people, though, so it has something to do with that number. (Signal adds +385 to it for Croatia, maybe that's it?) Steps to reproduce.  send an SMS to my provider through Signal Actual result: it doesn't go through, ""Failed to send"", ""Some issues need your attention."" Expected result: Message should go through and I should get a response. Device info. Device: OnePlus3T Android version: 7.0 Signal version: 3.27.1 Link to debug log. https://gist.github.com/anonymous/f656572561ea3a91d0f4bbdeb98e587b
####
Reason: The pronoun 'it' could point to multiple noun phrases earlier in the sentence, creating multiple possible meanings.
####
Extracted Semantic ambiguity segment: it.
####
Clarifying Question(s): ","['In the sentence where you mention ""Signal adds +385 to it for Croatia, maybe that's it"", does ""it"" refer to the phone number 13977, the process of sending an SMS, or something else?']","['When you mention ""it doesn\'t work for me neither,"" does ""it"" refer to sending an SMS to your mobile provider through Signal, checking your account status via SMS, or something else?', 'In the statement ""Signal adds +385 to it for Croatia,"" does ""it"" refer to the phone number 13977, the SMS message, or something else?']","[""In the sentence 'but it doesn't work for me neither', does 'it' refer to the process of checking your account status via SMS, the Signal app failing to deliver messages, or something else?"", ""When saying 'Signal adds +385 to it for Croatia, maybe that's it?', does the first 'it' refer to the phone number 13977, and the second 'it' (in 'maybe that's it') refer to the addition of the country code causing the issue, or something else?""]","['When you mention ""it"" does not work for you either, does ""it"" refer to checking the account status, sending an SMS message to 13977, having Signal fail to deliver the message, or something else?', 'When you say ""Signal adds +385 to it for Croatia, maybe that's it?”, does the second instance of ""it"" refer to the number being called, the error with sending the SMS, or something else?']","""Does 'it' refer to the action of adding '+385', the specific number '13977', the process of sending an SMS through Signal, or something else?""","""When you wrote 'Signal adds +385 to it for Croatia, maybe that's it?', does 'it' refer to the SMS not being delivered, the adding of '+385' itself, the number '13977', or something else?""","['When you say ""it doesn\'t work for me neither,"" does ""it"" refer to sending an SMS to 13977 specifically through Signal, checking the account status via SMS in general, or some other aspect?', 'In the statement ""Signal adds +385 to it for Croatia, maybe that\'s it?"", does ""it"" refer to the specific SMS command being sent, the number 13977, or something else?']","['When you wrote ""it doesn\'t work for me neither,"" does ""it"" refer to checking the account status, sending the SMS, receiving a response, or something else?', 'When you said ""Signal adds +385 to it for Croatia, maybe that\'s it?"" is ""it"" referring to the mobile number, the reason for the SMS sending failure, or something else?']","['When you mention ""it doesn\'t work for me neither,"" does ""it"" refer to the process of checking account status via SMS, sending an SMS to 13977 using Signal, or something else?', 'When you say ""Signal adds +385 to it for Croatia, maybe that\'s it?,"" does the ""it"" refer to the number 13977 or something else?']","[""When you mentioned 'it doesn't work for me neither,' does 'it' refer to checking your account status via SMS, sending an SMS to 13977 specifically, or something else?""]"
40,40,801-Signal,"Request Number - 801 | Request Title - Feature request: Mute Group (or any user) | Request Description - Sometimes friends in a group are discussing something I'm not interested in and my phone would go nuts vibrating and ringing all the time. A ""Mute for X minutes/hours"" feature would be awesome.",any,"When you wrote ""any user"", do you mean ""a selected user"", ""all applicable users"", or something else?","['When you wrote ""any user"", do you mean ""a selected user"", ""all applicable users"", or something else?']","Semantic ambiguity: a sentence has more than one way of reading it within its context, although it contains no lexical or syntactic ambiguity. Semantic ambiguity can be viewed as ambiguity with respect to the logical form, usually expressed in predicate logic, of a sentence.
You are a software analyst specializing in Semantic ambiguity resolution in GitHub feature requests.
Carefully read the provided statement along with the extracted Semantic ambiguity segment and the reasoning behind why the extracted text segment is considered ambiguous. Based on the information, generate clear and concise clarification questions aimed at addressing the Semantic ambiguity in the extracted text segment; include all generated clarifying questions in a single comma-separated list. Make sure to have all elements of the list in quotation marks.
Demonstrations are provided for clarity. Each demonstration is separated by the trigger word # END. Inside each demonstration, the statement, reason, extracted segment, and clarifying questions are separated using the trigger word ####. Strictly follow the provided demonstration.
Statement: Request Number - 555 | Request Title - Not working in dual sim phone | Request Description - My friend has a dual sim Lava iris 405 and i have samsung galaxy s3. we both have installed the TextSecure when i start secure session, it sends Key exchange message and its received in my friends. After that it says Received and processed key exchange message but he is unable to send me any message, it says error sending. i know its giving problem because its a dual sim phone, text secure app is not able to send sms from particular sim and giving this error. Is dual sim phone supported by textSecure?
####
Reason: It is unclear whether the indefinite noun phrase ""particular sim"" is intended to be specific or non-specific, creating multiple possible interpretations.
####
Extracted Semantic ambiguity segment: particular sim
####
Clarifying Question(s): ['When you say the app is not able to send from a particular SIM, do you mean it cannot send from a specific SIM, it cannot send from either SIM interchangeably, or something else?']
# END
Statement: Request Number - 1407 | Request Title - textsecure not an option when ""sharing"" an address book contact | Request Description - TextSecure is not an option when attempting to share a contact from the address book, in Android 4.4.2 when i select ""messaging"" it tells me ""messaging"" is not the default sms app. This would be a nice feature to have added to the app.
####
Reason: The pronoun ""it"" can point to multiple possible targets in the sentence, creating multiple interpretations.
####
Extracted Semantic ambiguity segment: it
####
Clarifying Question(s): ['When you wrote ""it tells me"", does ""it"" refer to TextSecure, the Android OS, or something else?']
# END
Statement: Request Number - 1504 | Request Title - Notification Color for Individual Contacts or Groups | Request Description - how about we edit this one too?  or just delete it..... üôà
####
Reason: It is unclear how the different noun phrases (notification color, individual contacts, groups) associate with one another in a collective/distributive sense, creating multiple possible interpretations.
####
Extracted Semantic ambiguity segment: Notification Color for Individual Contacts or Groups
####
Clarifying Question(s): ['When writing ""notification color for individual contacts or groups"", are you suggesting one color for all individual contacts and one different color for all group messages, one different color for each individual and group, one color for all individual contact and group message notifications (to differentiate user communications from system or other types of notifications), or something else?']
# END
Request Number - 801 | Request Title - Feature request: Mute Group (or any user) | Request Description - Sometimes friends in a group are discussing something I'm not interested in and my phone would go nuts vibrating and ringing all the time. A ""Mute for X minutes/hours"" feature would be awesome.
####
Reason: The word ""any"" can have a specific or non-specific meaning, affecting the scope implied by the term and creating multiple possible meanings.
####
Extracted Semantic ambiguity segment: any
####
Clarifying Question(s): ","['When you suggest muting ""any user"", are you referring to muting any user individually within a group on a case-by-case basis, muting any user in general regardless of group or individual chat settings, or something else?']","['When you say ""Mute Group (or any user)"", are you suggesting the ability to mute all users one by one, the ability to mute any individual user selectively, or the ability to mute randomly selected users, or is there another interpretation?']","""When you say 'any user', do you mean you want the ability to mute a specific user within a group, mute any user regardless of the group, mute all users universally, or something else?""","['When you say ""mute group (or any user)"", do you mean the ability to mute specifically selected individual users within a group as needed, the option to mute all users indiscriminately, the choice to mute any one user at any time based on user preference, or something else?']","['When you mention ""mute group (or any user)"", do you mean to mute all users universally, a specific user of your choice at any given time, or something else?']","['When you mention ""mute group or any user"", do you mean you want the ability to mute a specific user of your choice, any one user randomly, all users in general, or something else?']","['When you mention ""mute group (or any user)"", is ""any user"" referring to muting a specific user of your choice, the ability to mute multiple users individually based on preference, the ability to mute all group members at once, or something else?']","""When you say 'or any user', do you mean selecting specific users to mute, having an option to mute all users except certain ones, or an option to mute all users universally?"", ""Does 'any user' imply that the feature should allow the selection of any individual user to mute, or does it mean the feature should be able to mute every user in a more generic sense?""","['When you mention ""Mute Group (or any user)"", does ""any user"" refer to muting specific users of your choosing, the ability to mute any user present in a group, or something else?']","[""When you say 'mute any user,' do you mean the ability to mute specific users one at a time, the ability to mute all users at once, or something else?""]"
41,41,604-Signal,"Request Number - 604 | Request Title - Number registration (for push messaging) doesn't work with Google Voice | Request Description - The new push based TextSecure doesn't seem to like using Google Voice numbers (which are then forwarded to my phone's real number via SMS).  Although there are of course privacy downsides associated with letting Google see all of your incoming/outgoing SMS data, there are also serious privacy harms associated with letting people know your actual phone number, rather than a number that will just forward texts to you* The first step of the TextSecure number registration process (""Connecting"") works fine. An incoming text message with the verification code is received by the default Android SMS app, but TextSecure doesn't catch it. Thankfully, after 2 minutes of waiting, I am given the opportunity verify by voice, which does work.",it.,"When you wrote ""TextSecure doesn't catch it"", do you mean ""TextSecure doesn't catch the message"", ""TextSecure doesn't catch the verification code"", or something else?","['When you wrote ""TextSecure doesn\'t catch it"", do you mean ""TextSecure doesn\'t catch the message"", ""TextSecure doesn\'t catch the verification code"", or something else?']","Semantic ambiguity: a sentence has more than one way of reading it within its context, although it contains no lexical or syntactic ambiguity. Semantic ambiguity can be viewed as ambiguity with respect to the logical form, usually expressed in predicate logic, of a sentence.
You are a software analyst specializing in Semantic ambiguity resolution in GitHub feature requests.
Carefully read the provided statement along with the extracted Semantic ambiguity segment and the reasoning behind why the extracted text segment is considered ambiguous. Based on the information, generate clear and concise clarification questions aimed at addressing the Semantic ambiguity in the extracted text segment; include all generated clarifying questions in a single comma-separated list. Make sure to have all elements of the list in quotation marks.
Demonstrations are provided for clarity. Each demonstration is separated by the trigger word # END. Inside each demonstration, the statement, reason, extracted segment, and clarifying questions are separated using the trigger word ####. Strictly follow the provided demonstration.
Statement: Request Number - 555 | Request Title - Not working in dual sim phone | Request Description - My friend has a dual sim Lava iris 405 and i have samsung galaxy s3. we both have installed the TextSecure when i start secure session, it sends Key exchange message and its received in my friends. After that it says Received and processed key exchange message but he is unable to send me any message, it says error sending. i know its giving problem because its a dual sim phone, text secure app is not able to send sms from particular sim and giving this error. Is dual sim phone supported by textSecure?
####
Reason: It is unclear whether the indefinite noun phrase ""particular sim"" is intended to be specific or non-specific, creating multiple possible interpretations.
####
Extracted Semantic ambiguity segment: particular sim
####
Clarifying Question(s): ['When you say the app is not able to send from a particular SIM, do you mean it cannot send from a specific SIM, it cannot send from either SIM interchangeably, or something else?']
# END
Statement: Request Number - 1407 | Request Title - textsecure not an option when ""sharing"" an address book contact | Request Description - TextSecure is not an option when attempting to share a contact from the address book, in Android 4.4.2 when i select ""messaging"" it tells me ""messaging"" is not the default sms app. This would be a nice feature to have added to the app.
####
Reason: The pronoun ""it"" can point to multiple possible targets in the sentence, creating multiple interpretations.
####
Extracted Semantic ambiguity segment: it
####
Clarifying Question(s): ['When you wrote ""it tells me"", does ""it"" refer to TextSecure, the Android OS, or something else?']
# END
Statement: Request Number - 1504 | Request Title - Notification Color for Individual Contacts or Groups | Request Description - how about we edit this one too?  or just delete it..... üôà
####
Reason: It is unclear how the different noun phrases (notification color, individual contacts, groups) associate with one another in a collective/distributive sense, creating multiple possible interpretations.
####
Extracted Semantic ambiguity segment: Notification Color for Individual Contacts or Groups
####
Clarifying Question(s): ['When writing ""notification color for individual contacts or groups"", are you suggesting one color for all individual contacts and one different color for all group messages, one different color for each individual and group, one color for all individual contact and group message notifications (to differentiate user communications from system or other types of notifications), or something else?']
# END
Request Number - 604 | Request Title - Number registration (for push messaging) doesn't work with Google Voice | Request Description - The new push based TextSecure doesn't seem to like using Google Voice numbers (which are then forwarded to my phone's real number via SMS).  Although there are of course privacy downsides associated with letting Google see all of your incoming/outgoing SMS data, there are also serious privacy harms associated with letting people know your actual phone number, rather than a number that will just forward texts to you* The first step of the TextSecure number registration process (""Connecting"") works fine. An incoming text message with the verification code is received by the default Android SMS app, but TextSecure doesn't catch it. Thankfully, after 2 minutes of waiting, I am given the opportunity verify by voice, which does work.
####
Reason: The pronoun 'it' can refer to two different targets in the sentence, changing the nature of the problem based on the interpretation.
####
Extracted Semantic ambiguity segment: it.
####
Clarifying Question(s): ","['In the sentence ""but TextSecure doesn\'t catch it,"" does ""it"" refer to the incoming text message with the verification code or the default Android SMS app not forwarding the message to TextSecure?']","""When you say 'TextSecure doesn't catch it', does 'it' refer to the verification code sent via SMS or the incoming text message itself?""","""When you mention that 'TextSecure doesn't catch it,' does 'it' refer to the incoming text message with the verification code or something else?""","""When you mention 'TextSecure doesn't catch it,' does 'it' refer to the incoming text message with the verification code or something else?""","""When you say 'it doesn't work with Google Voice,' does 'it' refer to the new push-based TextSecure, the verification process, or something else?""","""When you mention 'TextSecure doesn't catch it', does 'it' refer to the incoming text message with the verification code, or does 'it' refer to the process or mechanism by which TextSecure is supposed to catch the code?""","['When you mention ""TextSecure doesn\'t catch it,"" does ""it"" refer to the text message with the verification code, or something else?']","['In the sentence ""An incoming text message with the verification code is received by the default Android SMS app, but TextSecure doesn\'t catch it,"" does ""it"" refer to the entire verification process, the verification code itself, or something else?']","['In the sentence ""but TextSecure doesn\'t catch it,"" does ""it"" refer to the incoming text message itself or the verification code within the message?']","['In the sentence ""but TextSecure doesn\'t catch it,"" does ""it"" refer to the incoming text message with the verification code or something else?']"
