,Unnamed: 0,RequestNumAppName,FeatureRequest,TextAnnotation-GT,Questions,Questions-List,PromptForGeneration,Prediction-Repetition-0,Prediction-Repetition-1,Prediction-Repetition-2,Prediction-Repetition-3,Prediction-Repetition-4,Prediction-Repetition-5,Prediction-Repetition-6,Prediction-Repetition-7,Prediction-Repetition-8,Prediction-Repetition-9
0,0,1504-Signal,Request Number - 1504 | Request Title - Notification Color for Individual Contacts or Groups | Request Description - how about we edit this one too?  or just delete it..... üôà,Notification Color for Individual Contacts or Groups,"When writing ""notification color for individual contacts or groups"", are you suggesting one color for all individual contacts and one different color for all group messages, one different color for each individual and group, one color for all individual contact and group message notifications (to differentiate user communications from system or other types of notifications), or something else?","['When writing ""notification color for individual contacts or groups"", are you suggesting one color for all individual contacts and one different color for all group messages, one different color for each individual and group, one color for all individual contact and group message notifications (to differentiate user communications from system or other types of notifications), or something else?']","Semantic ambiguity: a sentence has more than one way of reading it within its context, although it contains no lexical or syntactic ambiguity. Semantic ambiguity can be viewed as ambiguity with respect to the logical form, usually expressed in predicate logic, of a sentence.
You are a software analyst specializing in Semantic ambiguity resolution in GitHub feature requests.
Carefully read the provided statement along with the extracted Semantic ambiguity segment and the reasoning behind why the extracted text segment is considered ambiguous. Based on the information, generate clear and concise clarification questions aimed at addressing the Semantic ambiguity in the extracted text segment; include all generated clarifying questions in a single comma-separated list. Make sure to have all elements of the list in quotation marks.
Demonstrations are provided for clarity. Each demonstration is separated by the trigger word # END. Inside each demonstration, the statement, reason, extracted segment, and clarifying questions are separated using the trigger word ####. Strictly follow the provided demonstration.
Statement: Request Number - 1407 | Request Title - textsecure not an option when ""sharing"" an address book contact | Request Description - TextSecure is not an option when attempting to share a contact from the address book, in Android 4.4.2 when i select ""messaging"" it tells me ""messaging"" is not the default sms app. This would be a nice feature to have added to the app.
####
Reason: The pronoun ""it"" can point to multiple possible targets in the sentence, creating multiple interpretations.
####
Extracted Semantic ambiguity segment: it
####
Clarifying Question(s): ['When you wrote ""it tells me"", does ""it"" refer to TextSecure, the Android OS, or something else?']
# END
Statement: Request Number - 555 | Request Title - Not working in dual sim phone | Request Description - My friend has a dual sim Lava iris 405 and i have samsung galaxy s3. we both have installed the TextSecure when i start secure session, it sends Key exchange message and its received in my friends. After that it says Received and processed key exchange message but he is unable to send me any message, it says error sending. i know its giving problem because its a dual sim phone, text secure app is not able to send sms from particular sim and giving this error. Is dual sim phone supported by textSecure?
####
Reason: It is unclear whether the indefinite noun phrase ""particular sim"" is intended to be specific or non-specific, creating multiple possible interpretations.
####
Extracted Semantic ambiguity segment: particular sim
####
Clarifying Question(s): ['When you say the app is not able to send from a particular SIM, do you mean it cannot send from a specific SIM, it cannot send from either SIM interchangeably, or something else?']
# END
Statement: Request Number - 6077 | Request Title - Update libphonenumber to >=8.2.0 (Cannot send SMS to my mobile provider) | Request Description - I have:   searched open and closed issues for duplicates  read https://github.com/WhisperSystems/Signal-Android/wiki/Submitting-useful-bug-reports  Bug description. My friend made me aware of this as I'm never checking my account status via SMS, but it doesn't work for me neither. To check our account status, we have to send an SMS message to 13977, but Signal fails to deliver it. I tried sending it through the native Oneplus SMS app and it goes through just fine, with an immediate response. I can send an SMS to other people, though, so it has something to do with that number. (Signal adds +385 to it for Croatia, maybe that's it?) Steps to reproduce.  send an SMS to my provider through Signal Actual result: it doesn't go through, ""Failed to send"", ""Some issues need your attention."" Expected result: Message should go through and I should get a response. Device info. Device: OnePlus3T Android version: 7.0 Signal version: 3.27.1 Link to debug log. https://gist.github.com/anonymous/f656572561ea3a91d0f4bbdeb98e587b
####
Reason: The pronoun 'it' could point to multiple noun phrases earlier in the sentence, creating multiple possible meanings.
####
Extracted Semantic ambiguity segment: it.
####
Clarifying Question(s): ['When you wrote ""Signal fails to deliver it"", does \'it\' refer to ""an SMS message to 13977"", ""our account status"", or something else?']
# END
Request Number - 1504 | Request Title - Notification Color for Individual Contacts or Groups | Request Description - how about we edit this one too?  or just delete it..... üôà
####
Reason: It is unclear how the different noun phrases (notification color, individual contacts, groups) associate with one another in a collective/distributive sense, creating multiple possible interpretations.
####
Extracted Semantic ambiguity segment: Notification Color for Individual Contacts or Groups
####
Clarifying Question(s): ","['When you mentioned ""Notification Color for Individual Contacts or Groups"", do you mean assigning different notification colors to both individual contacts and groups collectively, selecting notification colors for individual contacts separately from groups, or another configuration entirely?']","[""When you mention 'Notification Color for Individual Contacts or Groups,' are you suggesting that each contact or group could have its own unique notification color, that all individual contacts and groups share a single notification color, or something else?""]","[""Are you suggesting that the notification color should be customizable for each individual contact, each group, or both?"", ""When you mention 'Notification Color for Individual Contacts or Groups,' do you mean having separate colors for individual contacts and groups, or a single color setting that applies to both?"", ""Should the feature allow editing or deleting notification colors for individual contacts, groups, or both collectively?""]","""Are you suggesting that each individual contact or group should have its unique notification color, should the notification color apply collectively to either all individual contacts or all groups, or is there another intended interpretation?""","""Are you suggesting that 'notification color' be customized for individual contacts, for groups, both, or configured differently for each?"", ""When you mention 'notification color for individual contacts or groups', should notification colors be shared collectively across all individual contacts and groups, or should each have distinct options?""","['When you mention ""Notification Color for Individual Contacts or Groups"", are you suggesting that each contact or group should have a distinct notification color, that there should be one notification color applied to both individual contacts and groups collectively, or something else?']","[""When you say 'Notification Color for Individual Contacts or Groups,' do you mean applying one color per contact, one color per group, or does each contact and group have its own distinct color?""]","""Are you suggesting notification colors be assigned to individual contacts, to groups, or to both?, Should the notification color be the same for each individual contact and group, or different depending on the contact or group?""","['Does ""Notification Color for Individual Contacts or Groups"" mean assigning a unique notification color to each individual contact or group, or assigning a single notification color that applies to either individual contacts or groups collectively?']","['When you refer to ""Notification Color for Individual Contacts or Groups,"" do you mean each individual contact or group will have its own specific notification color, the same notification color for all contacts, or the same color for all groups?', 'Is the intention to assign unique colors to both individual contacts and groups simultaneously, or can the color assignment be specific to only individual contacts or only groups?', 'Are there specific criteria for determining the notification color, and does it differ between contacts and groups?']"
1,1,801-Signal,"Request Number - 801 | Request Title - Feature request: Mute Group (or any user) | Request Description - Sometimes friends in a group are discussing something I'm not interested in and my phone would go nuts vibrating and ringing all the time. A ""Mute for X minutes/hours"" feature would be awesome.",any,"When you wrote ""any user"", do you mean ""a selected user"", ""all applicable users"", or something else?","['When you wrote ""any user"", do you mean ""a selected user"", ""all applicable users"", or something else?']","Semantic ambiguity: a sentence has more than one way of reading it within its context, although it contains no lexical or syntactic ambiguity. Semantic ambiguity can be viewed as ambiguity with respect to the logical form, usually expressed in predicate logic, of a sentence.
You are a software analyst specializing in Semantic ambiguity resolution in GitHub feature requests.
Carefully read the provided statement along with the extracted Semantic ambiguity segment and the reasoning behind why the extracted text segment is considered ambiguous. Based on the information, generate clear and concise clarification questions aimed at addressing the Semantic ambiguity in the extracted text segment; include all generated clarifying questions in a single comma-separated list. Make sure to have all elements of the list in quotation marks.
Demonstrations are provided for clarity. Each demonstration is separated by the trigger word # END. Inside each demonstration, the statement, reason, extracted segment, and clarifying questions are separated using the trigger word ####. Strictly follow the provided demonstration.
Statement: Request Number - 1407 | Request Title - textsecure not an option when ""sharing"" an address book contact | Request Description - TextSecure is not an option when attempting to share a contact from the address book, in Android 4.4.2 when i select ""messaging"" it tells me ""messaging"" is not the default sms app. This would be a nice feature to have added to the app.
####
Reason: The pronoun ""it"" can point to multiple possible targets in the sentence, creating multiple interpretations.
####
Extracted Semantic ambiguity segment: it
####
Clarifying Question(s): ['When you wrote ""it tells me"", does ""it"" refer to TextSecure, the Android OS, or something else?']
# END
Statement: Request Number - 555 | Request Title - Not working in dual sim phone | Request Description - My friend has a dual sim Lava iris 405 and i have samsung galaxy s3. we both have installed the TextSecure when i start secure session, it sends Key exchange message and its received in my friends. After that it says Received and processed key exchange message but he is unable to send me any message, it says error sending. i know its giving problem because its a dual sim phone, text secure app is not able to send sms from particular sim and giving this error. Is dual sim phone supported by textSecure?
####
Reason: It is unclear whether the indefinite noun phrase ""particular sim"" is intended to be specific or non-specific, creating multiple possible interpretations.
####
Extracted Semantic ambiguity segment: particular sim
####
Clarifying Question(s): ['When you say the app is not able to send from a particular SIM, do you mean it cannot send from a specific SIM, it cannot send from either SIM interchangeably, or something else?']
# END
Statement: Request Number - 6077 | Request Title - Update libphonenumber to >=8.2.0 (Cannot send SMS to my mobile provider) | Request Description - I have:   searched open and closed issues for duplicates  read https://github.com/WhisperSystems/Signal-Android/wiki/Submitting-useful-bug-reports  Bug description. My friend made me aware of this as I'm never checking my account status via SMS, but it doesn't work for me neither. To check our account status, we have to send an SMS message to 13977, but Signal fails to deliver it. I tried sending it through the native Oneplus SMS app and it goes through just fine, with an immediate response. I can send an SMS to other people, though, so it has something to do with that number. (Signal adds +385 to it for Croatia, maybe that's it?) Steps to reproduce.  send an SMS to my provider through Signal Actual result: it doesn't go through, ""Failed to send"", ""Some issues need your attention."" Expected result: Message should go through and I should get a response. Device info. Device: OnePlus3T Android version: 7.0 Signal version: 3.27.1 Link to debug log. https://gist.github.com/anonymous/f656572561ea3a91d0f4bbdeb98e587b
####
Reason: The pronoun 'it' could point to multiple noun phrases earlier in the sentence, creating multiple possible meanings.
####
Extracted Semantic ambiguity segment: it.
####
Clarifying Question(s): ['When you wrote ""Signal fails to deliver it"", does \'it\' refer to ""an SMS message to 13977"", ""our account status"", or something else?']
# END
Request Number - 801 | Request Title - Feature request: Mute Group (or any user) | Request Description - Sometimes friends in a group are discussing something I'm not interested in and my phone would go nuts vibrating and ringing all the time. A ""Mute for X minutes/hours"" feature would be awesome.
####
Reason: The word ""any"" can have a specific or non-specific meaning, affecting the scope implied by the term and creating multiple possible meanings.
####
Extracted Semantic ambiguity segment: any
####
Clarifying Question(s): ","['When you say ""mute any user,"" do you mean that the feature should allow muting a specific individual user selectively, muting all users in a group collectively, or both possibilities?']","""Do you mean the feature should allow muting any specific user of my choosing in a group, should it allow muting all users at once, or is there another meaning intended by 'any user'?""","""When you mention 'any user,' are you referring to the ability to mute any specific user on a case-by-case basis, the ability to mute all users in a group interchangeably, or something else?""","['When you say ""any user"", do you mean any user in a specific group, any user in general across all groups, or something else?']","[""When you say 'Mute Group (or any user)', does 'any' refer to a specific user you choose to mute, potentially any user in a group, or anyone in your contact list?""]","""When you say 'any user', do you mean a specific user chosen by the person muting, any user within a specified group, any user at all on the platform, or something else?""","['When you say ""Mute Group (or any user)"", are you referring to a specific user you wish to mute or implying the ability to mute any user in general?']","[""When you refer to 'any user', do you mean being able to mute every individual user specifically, having the option to mute random users as needed, or something else?""]","['When you say ""any user"", do you mean a specific user whose notifications you want to mute, any user in the group without specifying, or something else?']","""When you say 'any user', do you mean that you want the ability to mute every individual user, mute a specific user of your choice, or something else?"""
2,2,757-Signal,"Request Number - 757 | Request Title - different notification settings for group chats | Request Description - It would be very nice to be able to change the notification settings for goups independently from other (personal) chats, as group chats might have a lower priority for the user.",notification settings for goups,"When you wrote ""notification settings for all goups"", did you mean notification settings for all groups together, notification settings for each group individually, or something else?","['When you wrote ""notification settings for all goups"", did you mean notification settings for all groups together, notification settings for each group individually, or something else?']","Semantic ambiguity: a sentence has more than one way of reading it within its context, although it contains no lexical or syntactic ambiguity. Semantic ambiguity can be viewed as ambiguity with respect to the logical form, usually expressed in predicate logic, of a sentence.
You are a software analyst specializing in Semantic ambiguity resolution in GitHub feature requests.
Carefully read the provided statement along with the extracted Semantic ambiguity segment and the reasoning behind why the extracted text segment is considered ambiguous. Based on the information, generate clear and concise clarification questions aimed at addressing the Semantic ambiguity in the extracted text segment; include all generated clarifying questions in a single comma-separated list. Make sure to have all elements of the list in quotation marks.
Demonstrations are provided for clarity. Each demonstration is separated by the trigger word # END. Inside each demonstration, the statement, reason, extracted segment, and clarifying questions are separated using the trigger word ####. Strictly follow the provided demonstration.
Statement: Request Number - 1407 | Request Title - textsecure not an option when ""sharing"" an address book contact | Request Description - TextSecure is not an option when attempting to share a contact from the address book, in Android 4.4.2 when i select ""messaging"" it tells me ""messaging"" is not the default sms app. This would be a nice feature to have added to the app.
####
Reason: The pronoun ""it"" can point to multiple possible targets in the sentence, creating multiple interpretations.
####
Extracted Semantic ambiguity segment: it
####
Clarifying Question(s): ['When you wrote ""it tells me"", does ""it"" refer to TextSecure, the Android OS, or something else?']
# END
Statement: Request Number - 555 | Request Title - Not working in dual sim phone | Request Description - My friend has a dual sim Lava iris 405 and i have samsung galaxy s3. we both have installed the TextSecure when i start secure session, it sends Key exchange message and its received in my friends. After that it says Received and processed key exchange message but he is unable to send me any message, it says error sending. i know its giving problem because its a dual sim phone, text secure app is not able to send sms from particular sim and giving this error. Is dual sim phone supported by textSecure?
####
Reason: It is unclear whether the indefinite noun phrase ""particular sim"" is intended to be specific or non-specific, creating multiple possible interpretations.
####
Extracted Semantic ambiguity segment: particular sim
####
Clarifying Question(s): ['When you say the app is not able to send from a particular SIM, do you mean it cannot send from a specific SIM, it cannot send from either SIM interchangeably, or something else?']
# END
Statement: Request Number - 6077 | Request Title - Update libphonenumber to >=8.2.0 (Cannot send SMS to my mobile provider) | Request Description - I have:   searched open and closed issues for duplicates  read https://github.com/WhisperSystems/Signal-Android/wiki/Submitting-useful-bug-reports  Bug description. My friend made me aware of this as I'm never checking my account status via SMS, but it doesn't work for me neither. To check our account status, we have to send an SMS message to 13977, but Signal fails to deliver it. I tried sending it through the native Oneplus SMS app and it goes through just fine, with an immediate response. I can send an SMS to other people, though, so it has something to do with that number. (Signal adds +385 to it for Croatia, maybe that's it?) Steps to reproduce.  send an SMS to my provider through Signal Actual result: it doesn't go through, ""Failed to send"", ""Some issues need your attention."" Expected result: Message should go through and I should get a response. Device info. Device: OnePlus3T Android version: 7.0 Signal version: 3.27.1 Link to debug log. https://gist.github.com/anonymous/f656572561ea3a91d0f4bbdeb98e587b
####
Reason: The pronoun 'it' could point to multiple noun phrases earlier in the sentence, creating multiple possible meanings.
####
Extracted Semantic ambiguity segment: it.
####
Clarifying Question(s): ['When you wrote ""Signal fails to deliver it"", does \'it\' refer to ""an SMS message to 13977"", ""our account status"", or something else?']
# END
Request Number - 757 | Request Title - different notification settings for group chats | Request Description - It would be very nice to be able to change the notification settings for goups independently from other (personal) chats, as group chats might have a lower priority for the user.
####
Reason: The interaction between the term ""settings"" and the plural ""groups"" can be interpreted as having the collective scope of ""all groups"" or the distributive scope of ""each group"", which creates multiple possible interpretations.
####
Extracted Semantic ambiguity segment: notification settings for goups
####
Clarifying Question(s): ","""Do you want to change the notification settings for all group chats collectively or for each group chat individually?""","[""When you mention 'notification settings for groups', are you suggesting the ability to change settings for all group chats collectively, or separately for each individual group chat?""]","[""When you mention 'notification settings for groups,' do you mean having one set of settings that applies to all groups collectively, or individual settings for each group separately?""]","['When you mention ""notification settings for groups"", do you mean a single set of settings that applies to all groups collectively, separate settings for each group individually, or something else?']","['When you mention ""notification settings for groups"", do you mean a single setting that applies to all group chats collectively, or do you want separate settings for each individual group chat?']","""When you mention 'notification settings for groups', are you requesting a single setting for all groups collectively, individual settings for each group, or something else?""","['When you mention ""notification settings for groups,"" are you suggesting the ability to set a single notification preference for all group chats collectively, or are you suggesting the ability to customize notification preferences for each group chat individually?']","""Do you want to have a single notification setting that applies to all group chats collectively, or the ability to set different notification settings for each group chat independently?""","[""When you mention changing notification settings for groups, do you mean a single setting for all group chats collectively or individual settings for each group chat independently?""]","[""When you mention 'notification settings for groups', do you mean a separate setting that applies to all group chats collectively, or individual settings for each group chat?""]"
3,3,2055-Signal,"Request Number - 2055 | Request Title - use delivery receipts to show message received time for outgoing messages | Request Description - After long pressing on a message and selecting the info button, the message details are shown. This includes the sent and received times for incoming messages. For outgoing messages, in contrast, only one Sent/Received time is displayed, probably containing sent time. Now that delivery receipts are implemented, it would be possible to display the received time for outgoing messages (by taking the sent time from the receipt). Or to make it more precise, let the receipt message piggybag the real received time. This would make the user interface more consistent. When this is rejected for some reasons, I suggest renaming the ""Sent/Received"" label for outgoing messages to ""Sent"" because this is what it really is about.",it,"What do you mean by ""it"" when you stated, ""because this is what it really is about""?","['What do you mean by ""it"" when you stated, ""because this is what it really is about""?']","Semantic ambiguity: a sentence has more than one way of reading it within its context, although it contains no lexical or syntactic ambiguity. Semantic ambiguity can be viewed as ambiguity with respect to the logical form, usually expressed in predicate logic, of a sentence.
You are a software analyst specializing in Semantic ambiguity resolution in GitHub feature requests.
Carefully read the provided statement along with the extracted Semantic ambiguity segment and the reasoning behind why the extracted text segment is considered ambiguous. Based on the information, generate clear and concise clarification questions aimed at addressing the Semantic ambiguity in the extracted text segment; include all generated clarifying questions in a single comma-separated list. Make sure to have all elements of the list in quotation marks.
Demonstrations are provided for clarity. Each demonstration is separated by the trigger word # END. Inside each demonstration, the statement, reason, extracted segment, and clarifying questions are separated using the trigger word ####. Strictly follow the provided demonstration.
Statement: Request Number - 1407 | Request Title - textsecure not an option when ""sharing"" an address book contact | Request Description - TextSecure is not an option when attempting to share a contact from the address book, in Android 4.4.2 when i select ""messaging"" it tells me ""messaging"" is not the default sms app. This would be a nice feature to have added to the app.
####
Reason: The pronoun ""it"" can point to multiple possible targets in the sentence, creating multiple interpretations.
####
Extracted Semantic ambiguity segment: it
####
Clarifying Question(s): ['When you wrote ""it tells me"", does ""it"" refer to TextSecure, the Android OS, or something else?']
# END
Statement: Request Number - 555 | Request Title - Not working in dual sim phone | Request Description - My friend has a dual sim Lava iris 405 and i have samsung galaxy s3. we both have installed the TextSecure when i start secure session, it sends Key exchange message and its received in my friends. After that it says Received and processed key exchange message but he is unable to send me any message, it says error sending. i know its giving problem because its a dual sim phone, text secure app is not able to send sms from particular sim and giving this error. Is dual sim phone supported by textSecure?
####
Reason: It is unclear whether the indefinite noun phrase ""particular sim"" is intended to be specific or non-specific, creating multiple possible interpretations.
####
Extracted Semantic ambiguity segment: particular sim
####
Clarifying Question(s): ['When you say the app is not able to send from a particular SIM, do you mean it cannot send from a specific SIM, it cannot send from either SIM interchangeably, or something else?']
# END
Statement: Request Number - 6077 | Request Title - Update libphonenumber to >=8.2.0 (Cannot send SMS to my mobile provider) | Request Description - I have:   searched open and closed issues for duplicates  read https://github.com/WhisperSystems/Signal-Android/wiki/Submitting-useful-bug-reports  Bug description. My friend made me aware of this as I'm never checking my account status via SMS, but it doesn't work for me neither. To check our account status, we have to send an SMS message to 13977, but Signal fails to deliver it. I tried sending it through the native Oneplus SMS app and it goes through just fine, with an immediate response. I can send an SMS to other people, though, so it has something to do with that number. (Signal adds +385 to it for Croatia, maybe that's it?) Steps to reproduce.  send an SMS to my provider through Signal Actual result: it doesn't go through, ""Failed to send"", ""Some issues need your attention."" Expected result: Message should go through and I should get a response. Device info. Device: OnePlus3T Android version: 7.0 Signal version: 3.27.1 Link to debug log. https://gist.github.com/anonymous/f656572561ea3a91d0f4bbdeb98e587b
####
Reason: The pronoun 'it' could point to multiple noun phrases earlier in the sentence, creating multiple possible meanings.
####
Extracted Semantic ambiguity segment: it.
####
Clarifying Question(s): ['When you wrote ""Signal fails to deliver it"", does \'it\' refer to ""an SMS message to 13977"", ""our account status"", or something else?']
# END
Request Number - 2055 | Request Title - use delivery receipts to show message received time for outgoing messages | Request Description - After long pressing on a message and selecting the info button, the message details are shown. This includes the sent and received times for incoming messages. For outgoing messages, in contrast, only one Sent/Received time is displayed, probably containing sent time. Now that delivery receipts are implemented, it would be possible to display the received time for outgoing messages (by taking the sent time from the receipt). Or to make it more precise, let the receipt message piggybag the real received time. This would make the user interface more consistent. When this is rejected for some reasons, I suggest renaming the ""Sent/Received"" label for outgoing messages to ""Sent"" because this is what it really is about.
####
Reason: ""it"" can refer to two references in the same sentence. 
####
Extracted Semantic ambiguity segment: it
####
Clarifying Question(s): ","""When you mention 'it would be possible to display the received time for outgoing messages,' does 'it' refer to the implementation of delivery receipts or something else?""","""When you wrote 'it would be possible to display the received time for outgoing messages', does 'it' refer to displaying the received time or something else?"", ""In the sentence 'Or to make it more precise, let the receipt message piggybag the real received time', does 'it' refer to making the interface more consistent or to something else?""","[""When you mentioned 'it would be possible to display the received time for outgoing messages', does 'it' refer to 'using delivery receipts', 'taking the sent time from the receipt', or something else?"", ""When you wrote 'let the receipt message piggybag the real received time', does 'it' refer to 'the receipt message' or another element?""]","['When you mentioned ""it would be possible to display the received time for outgoing messages"", does ""it"" refer to using delivery receipts to show the received time, renaming the ""Sent/Received"" label, or something else?', 'When you stated ""let the receipt message piggybag the real received time"", does ""it"" refer to implementing the feature to display the received time for outgoing messages, renaming the label, or something else?']","""When you mention 'it would be possible to display the received time for outgoing messages', does 'it' refer to the feature enabled by delivery receipts or the method of taking the sent time from the receipt?"", ""When you write 'Or to make it more precise, let the receipt message piggybag the real received time', does 'it' refer to making the user interface more consistent or something else?""","""When you mentioned 'it would be possible to display the received time for outgoing messages,' does 'it' refer to the message details section or the delivery receipts implementation?"", ""When you wrote 'this is what it really is about,' does 'it' refer to the ""Sent/Received"" label, the outgoing messages' timestamp, or something else?""","""When you say 'it would be possible to display the received time for outgoing messages,' does 'it' refer to the suggestion of using delivery receipts, the method of making the user interface consistent, or something else?""","['When you wrote ""it would be possible to display the received time for outgoing messages,"" does ""it"" refer to the possibility of using delivery receipts to display the received time or something else?', 'In the sentence ""when this is rejected for some reasons, I suggest renaming the \'Sent/Received\' label,"" does ""this"" refer to the possibility of displaying the received time for outgoing messages or another reason?']","['When you wrote ""it would be possible to display the received time for outgoing messages,"" does ""it"" refer to the process of using delivery receipts or something else?']","""When you mentioned 'it would be possible to display the received time for outgoing messages', does 'it' refer to the implementation of delivery receipts or the display of received time for outgoing messages, or something else?"""
4,4,604-Signal,"Request Number - 604 | Request Title - Number registration (for push messaging) doesn't work with Google Voice | Request Description - The new push based TextSecure doesn't seem to like using Google Voice numbers (which are then forwarded to my phone's real number via SMS).  Although there are of course privacy downsides associated with letting Google see all of your incoming/outgoing SMS data, there are also serious privacy harms associated with letting people know your actual phone number, rather than a number that will just forward texts to you* The first step of the TextSecure number registration process (""Connecting"") works fine. An incoming text message with the verification code is received by the default Android SMS app, but TextSecure doesn't catch it. Thankfully, after 2 minutes of waiting, I am given the opportunity verify by voice, which does work.",it.,"When you wrote ""TextSecure doesn't catch it"", do you mean ""TextSecure doesn't catch the message"", ""TextSecure doesn't catch the verification code"", or something else?","['When you wrote ""TextSecure doesn\'t catch it"", do you mean ""TextSecure doesn\'t catch the message"", ""TextSecure doesn\'t catch the verification code"", or something else?']","Semantic ambiguity: a sentence has more than one way of reading it within its context, although it contains no lexical or syntactic ambiguity. Semantic ambiguity can be viewed as ambiguity with respect to the logical form, usually expressed in predicate logic, of a sentence.
You are a software analyst specializing in Semantic ambiguity resolution in GitHub feature requests.
Carefully read the provided statement along with the extracted Semantic ambiguity segment and the reasoning behind why the extracted text segment is considered ambiguous. Based on the information, generate clear and concise clarification questions aimed at addressing the Semantic ambiguity in the extracted text segment; include all generated clarifying questions in a single comma-separated list. Make sure to have all elements of the list in quotation marks.
Demonstrations are provided for clarity. Each demonstration is separated by the trigger word # END. Inside each demonstration, the statement, reason, extracted segment, and clarifying questions are separated using the trigger word ####. Strictly follow the provided demonstration.
Statement: Request Number - 1407 | Request Title - textsecure not an option when ""sharing"" an address book contact | Request Description - TextSecure is not an option when attempting to share a contact from the address book, in Android 4.4.2 when i select ""messaging"" it tells me ""messaging"" is not the default sms app. This would be a nice feature to have added to the app.
####
Reason: The pronoun ""it"" can point to multiple possible targets in the sentence, creating multiple interpretations.
####
Extracted Semantic ambiguity segment: it
####
Clarifying Question(s): ['When you wrote ""it tells me"", does ""it"" refer to TextSecure, the Android OS, or something else?']
# END
Statement: Request Number - 555 | Request Title - Not working in dual sim phone | Request Description - My friend has a dual sim Lava iris 405 and i have samsung galaxy s3. we both have installed the TextSecure when i start secure session, it sends Key exchange message and its received in my friends. After that it says Received and processed key exchange message but he is unable to send me any message, it says error sending. i know its giving problem because its a dual sim phone, text secure app is not able to send sms from particular sim and giving this error. Is dual sim phone supported by textSecure?
####
Reason: It is unclear whether the indefinite noun phrase ""particular sim"" is intended to be specific or non-specific, creating multiple possible interpretations.
####
Extracted Semantic ambiguity segment: particular sim
####
Clarifying Question(s): ['When you say the app is not able to send from a particular SIM, do you mean it cannot send from a specific SIM, it cannot send from either SIM interchangeably, or something else?']
# END
Statement: Request Number - 6077 | Request Title - Update libphonenumber to >=8.2.0 (Cannot send SMS to my mobile provider) | Request Description - I have:   searched open and closed issues for duplicates  read https://github.com/WhisperSystems/Signal-Android/wiki/Submitting-useful-bug-reports  Bug description. My friend made me aware of this as I'm never checking my account status via SMS, but it doesn't work for me neither. To check our account status, we have to send an SMS message to 13977, but Signal fails to deliver it. I tried sending it through the native Oneplus SMS app and it goes through just fine, with an immediate response. I can send an SMS to other people, though, so it has something to do with that number. (Signal adds +385 to it for Croatia, maybe that's it?) Steps to reproduce.  send an SMS to my provider through Signal Actual result: it doesn't go through, ""Failed to send"", ""Some issues need your attention."" Expected result: Message should go through and I should get a response. Device info. Device: OnePlus3T Android version: 7.0 Signal version: 3.27.1 Link to debug log. https://gist.github.com/anonymous/f656572561ea3a91d0f4bbdeb98e587b
####
Reason: The pronoun 'it' could point to multiple noun phrases earlier in the sentence, creating multiple possible meanings.
####
Extracted Semantic ambiguity segment: it.
####
Clarifying Question(s): ['When you wrote ""Signal fails to deliver it"", does \'it\' refer to ""an SMS message to 13977"", ""our account status"", or something else?']
# END
Request Number - 604 | Request Title - Number registration (for push messaging) doesn't work with Google Voice | Request Description - The new push based TextSecure doesn't seem to like using Google Voice numbers (which are then forwarded to my phone's real number via SMS).  Although there are of course privacy downsides associated with letting Google see all of your incoming/outgoing SMS data, there are also serious privacy harms associated with letting people know your actual phone number, rather than a number that will just forward texts to you* The first step of the TextSecure number registration process (""Connecting"") works fine. An incoming text message with the verification code is received by the default Android SMS app, but TextSecure doesn't catch it. Thankfully, after 2 minutes of waiting, I am given the opportunity verify by voice, which does work.
####
Reason: The pronoun 'it' can refer to two different targets in the sentence, changing the nature of the problem based on the interpretation.
####
Extracted Semantic ambiguity segment: it.
####
Clarifying Question(s): ","['In the sentence ""TextSecure doesn\'t catch it,"" does \'it\' refer to the ""verification code"" SMS received by the default Android SMS app, the ""TextSecure number registration process,"" or something else?']","""When you say 'TextSecure doesn't catch it,' does 'it' refer to the 'incoming text message with the verification code' or to something else?""","['When you wrote ""TextSecure doesn\'t catch it"", does \'it\' refer to ""an incoming text message with the verification code"" or something else?']","['When you mentioned ""TextSecure doesn\'t catch it,"" does \'it\' refer to the ""verification code"" or something else?']","""When you mentioned 'TextSecure doesn't catch it,' does 'it' refer to the incoming text message with the verification code or something else?""","[""When you wrote 'TextSecure doesn't catch it', does 'it' refer to 'an incoming text message with the verification code' or 'the number registration process'?""]","['When you say ""TextSecure doesn\'t catch it"", does \'it\' refer to ""the verification code"", ""an incoming text message"", or something else?']","""When you wrote 'TextSecure doesn't catch it', does 'it' refer to 'the incoming text message with the verification code', 'the opportunity to verify by voice', or something else?""","['When you wrote ""TextSecure doesn\'t catch it"", does \'it\' refer to ""the incoming text message with the verification code"", ""the Google Voice number"", or something else?']","['In the sentence ""TextSecure doesn\'t catch it,"" does \'it\' refer to ""an incoming text message with the verification code"" or ""the opportunity to verify by voice""?']"
5,5,6069-Signal,"Request Number - 6069 | Request Title - Unread notification badges do not work on Huawei EMUI | Request Description - I have:   searched open and closed issues for duplicates  read https://github.com/WhisperSystems/Signal-Android/wiki/Submitting-useful-bug-reports  Bug description. I've installed Signal on a Honor 8 (made by Huawei) with EMUI 4.1 (Android 6.0). I've noticed that Signal receives notifications on new messages and they are also listed in the notification area, but the unread notifications badge on the app icon on the home screen is not shown. In Signal support articles there is mentioned, that badge icons are supported for some launchers, see https://support.whispersystems.org/hc/en-us/articles/215766077-How-can-I-see-my-unread-badge-count-What-launcher-should-I-use- So far I could not find out if this is a Signal or EMUI problem, but Threema and Conversations show the notification badges. Device info. Device: Honor 8 Android version: 6.0 Signal version: 3.26.2",they,"When you wrote ""they are also listed in the notification area"", does 'they' refer to 'notifications', 'messages', or something else?","['When you wrote ""they are also listed in the notification area"", does \'they\' refer to \'notifications\', \'messages\', or something else?']","Semantic ambiguity: a sentence has more than one way of reading it within its context, although it contains no lexical or syntactic ambiguity. Semantic ambiguity can be viewed as ambiguity with respect to the logical form, usually expressed in predicate logic, of a sentence.
You are a software analyst specializing in Semantic ambiguity resolution in GitHub feature requests.
Carefully read the provided statement along with the extracted Semantic ambiguity segment and the reasoning behind why the extracted text segment is considered ambiguous. Based on the information, generate clear and concise clarification questions aimed at addressing the Semantic ambiguity in the extracted text segment; include all generated clarifying questions in a single comma-separated list. Make sure to have all elements of the list in quotation marks.
Demonstrations are provided for clarity. Each demonstration is separated by the trigger word # END. Inside each demonstration, the statement, reason, extracted segment, and clarifying questions are separated using the trigger word ####. Strictly follow the provided demonstration.
Statement: Request Number - 1407 | Request Title - textsecure not an option when ""sharing"" an address book contact | Request Description - TextSecure is not an option when attempting to share a contact from the address book, in Android 4.4.2 when i select ""messaging"" it tells me ""messaging"" is not the default sms app. This would be a nice feature to have added to the app.
####
Reason: The pronoun ""it"" can point to multiple possible targets in the sentence, creating multiple interpretations.
####
Extracted Semantic ambiguity segment: it
####
Clarifying Question(s): ['When you wrote ""it tells me"", does ""it"" refer to TextSecure, the Android OS, or something else?']
# END
Statement: Request Number - 555 | Request Title - Not working in dual sim phone | Request Description - My friend has a dual sim Lava iris 405 and i have samsung galaxy s3. we both have installed the TextSecure when i start secure session, it sends Key exchange message and its received in my friends. After that it says Received and processed key exchange message but he is unable to send me any message, it says error sending. i know its giving problem because its a dual sim phone, text secure app is not able to send sms from particular sim and giving this error. Is dual sim phone supported by textSecure?
####
Reason: It is unclear whether the indefinite noun phrase ""particular sim"" is intended to be specific or non-specific, creating multiple possible interpretations.
####
Extracted Semantic ambiguity segment: particular sim
####
Clarifying Question(s): ['When you say the app is not able to send from a particular SIM, do you mean it cannot send from a specific SIM, it cannot send from either SIM interchangeably, or something else?']
# END
Statement: Request Number - 6077 | Request Title - Update libphonenumber to >=8.2.0 (Cannot send SMS to my mobile provider) | Request Description - I have:   searched open and closed issues for duplicates  read https://github.com/WhisperSystems/Signal-Android/wiki/Submitting-useful-bug-reports  Bug description. My friend made me aware of this as I'm never checking my account status via SMS, but it doesn't work for me neither. To check our account status, we have to send an SMS message to 13977, but Signal fails to deliver it. I tried sending it through the native Oneplus SMS app and it goes through just fine, with an immediate response. I can send an SMS to other people, though, so it has something to do with that number. (Signal adds +385 to it for Croatia, maybe that's it?) Steps to reproduce.  send an SMS to my provider through Signal Actual result: it doesn't go through, ""Failed to send"", ""Some issues need your attention."" Expected result: Message should go through and I should get a response. Device info. Device: OnePlus3T Android version: 7.0 Signal version: 3.27.1 Link to debug log. https://gist.github.com/anonymous/f656572561ea3a91d0f4bbdeb98e587b
####
Reason: The pronoun 'it' could point to multiple noun phrases earlier in the sentence, creating multiple possible meanings.
####
Extracted Semantic ambiguity segment: it.
####
Clarifying Question(s): ['When you wrote ""Signal fails to deliver it"", does \'it\' refer to ""an SMS message to 13977"", ""our account status"", or something else?']
# END
Request Number - 6069 | Request Title - Unread notification badges do not work on Huawei EMUI | Request Description - I have:   searched open and closed issues for duplicates  read https://github.com/WhisperSystems/Signal-Android/wiki/Submitting-useful-bug-reports  Bug description. I've installed Signal on a Honor 8 (made by Huawei) with EMUI 4.1 (Android 6.0). I've noticed that Signal receives notifications on new messages and they are also listed in the notification area, but the unread notifications badge on the app icon on the home screen is not shown. In Signal support articles there is mentioned, that badge icons are supported for some launchers, see https://support.whispersystems.org/hc/en-us/articles/215766077-How-can-I-see-my-unread-badge-count-What-launcher-should-I-use- So far I could not find out if this is a Signal or EMUI problem, but Threema and Conversations show the notification badges. Device info. Device: Honor 8 Android version: 6.0 Signal version: 3.26.2
####
Reason: The pronoun ""they"" can point to two possible targets in the sentence, creating multiple possible interpretations.
####
Extracted Semantic ambiguity segment: they
####
Clarifying Question(s): ","""When you mention 'they are also listed in the notification area', does 'they' refer to 'Signal' notifications, 'new messages', or something else?""","['When you mention ""they are also listed in the notification area,"" does ""they"" refer to the notifications themselves or the new messages being received?']","['When you mention ""they are also listed in the notification area,"" does ""they"" refer to the notifications or the new messages?']","""Does the pronoun 'they' refer to 'new messages', 'notifications', or something else?""","""When you wrote 'they are also listed in the notification area,' does 'they' refer to the 'notifications on new messages,' 'unread notifications,' or something else?""","""When you wrote 'they are also listed in the notification area,' does 'they' refer to 'Signal notifications on new messages,' 'new messages themselves,' or something else?""","""When you mentioned 'they are also listed in the notification area,' does 'they' refer to the notifications themselves, the new messages, or something else?""","""When you say 'they are also listed in the notification area,' does 'they' refer to the new messages, the notifications themselves, or something else?""","['When you mention ""they are also listed in the notification area,"" does ""they"" refer to ""Signal notifications on new messages"", ""unread notifications badges"", or something else?']","['When you wrote ""they are also listed in the notification area"", does ""they"" refer to the notifications on new messages or something else?']"
6,6,2055-Signal,"Request Number - 2055 | Request Title - use delivery receipts to show message received time for outgoing messages | Request Description - After long pressing on a message and selecting the info button, the message details are shown. This includes the sent and received times for incoming messages. For outgoing messages, in contrast, only one Sent/Received time is displayed, probably containing sent time. Now that delivery receipts are implemented, it would be possible to display the received time for outgoing messages (by taking the sent time from the receipt). Or to make it more precise, let the receipt message piggybag the real received time. This would make the user interface more consistent. When this is rejected for some reasons, I suggest renaming the ""Sent/Received"" label for outgoing messages to ""Sent"" because this is what it really is about.","only one Sent/Received time is displayed,",What time receipt is shown for an outgoing message?,['What time receipt is shown for an outgoing message?'],"Semantic ambiguity: a sentence has more than one way of reading it within its context, although it contains no lexical or syntactic ambiguity. Semantic ambiguity can be viewed as ambiguity with respect to the logical form, usually expressed in predicate logic, of a sentence.
You are a software analyst specializing in Semantic ambiguity resolution in GitHub feature requests.
Carefully read the provided statement along with the extracted Semantic ambiguity segment and the reasoning behind why the extracted text segment is considered ambiguous. Based on the information, generate clear and concise clarification questions aimed at addressing the Semantic ambiguity in the extracted text segment; include all generated clarifying questions in a single comma-separated list. Make sure to have all elements of the list in quotation marks.
Demonstrations are provided for clarity. Each demonstration is separated by the trigger word # END. Inside each demonstration, the statement, reason, extracted segment, and clarifying questions are separated using the trigger word ####. Strictly follow the provided demonstration.
Statement: Request Number - 1407 | Request Title - textsecure not an option when ""sharing"" an address book contact | Request Description - TextSecure is not an option when attempting to share a contact from the address book, in Android 4.4.2 when i select ""messaging"" it tells me ""messaging"" is not the default sms app. This would be a nice feature to have added to the app.
####
Reason: The pronoun ""it"" can point to multiple possible targets in the sentence, creating multiple interpretations.
####
Extracted Semantic ambiguity segment: it
####
Clarifying Question(s): ['When you wrote ""it tells me"", does ""it"" refer to TextSecure, the Android OS, or something else?']
# END
Statement: Request Number - 555 | Request Title - Not working in dual sim phone | Request Description - My friend has a dual sim Lava iris 405 and i have samsung galaxy s3. we both have installed the TextSecure when i start secure session, it sends Key exchange message and its received in my friends. After that it says Received and processed key exchange message but he is unable to send me any message, it says error sending. i know its giving problem because its a dual sim phone, text secure app is not able to send sms from particular sim and giving this error. Is dual sim phone supported by textSecure?
####
Reason: It is unclear whether the indefinite noun phrase ""particular sim"" is intended to be specific or non-specific, creating multiple possible interpretations.
####
Extracted Semantic ambiguity segment: particular sim
####
Clarifying Question(s): ['When you say the app is not able to send from a particular SIM, do you mean it cannot send from a specific SIM, it cannot send from either SIM interchangeably, or something else?']
# END
Statement: Request Number - 6077 | Request Title - Update libphonenumber to >=8.2.0 (Cannot send SMS to my mobile provider) | Request Description - I have:   searched open and closed issues for duplicates  read https://github.com/WhisperSystems/Signal-Android/wiki/Submitting-useful-bug-reports  Bug description. My friend made me aware of this as I'm never checking my account status via SMS, but it doesn't work for me neither. To check our account status, we have to send an SMS message to 13977, but Signal fails to deliver it. I tried sending it through the native Oneplus SMS app and it goes through just fine, with an immediate response. I can send an SMS to other people, though, so it has something to do with that number. (Signal adds +385 to it for Croatia, maybe that's it?) Steps to reproduce.  send an SMS to my provider through Signal Actual result: it doesn't go through, ""Failed to send"", ""Some issues need your attention."" Expected result: Message should go through and I should get a response. Device info. Device: OnePlus3T Android version: 7.0 Signal version: 3.27.1 Link to debug log. https://gist.github.com/anonymous/f656572561ea3a91d0f4bbdeb98e587b
####
Reason: The pronoun 'it' could point to multiple noun phrases earlier in the sentence, creating multiple possible meanings.
####
Extracted Semantic ambiguity segment: it.
####
Clarifying Question(s): ['When you wrote ""Signal fails to deliver it"", does \'it\' refer to ""an SMS message to 13977"", ""our account status"", or something else?']
# END
Request Number - 2055 | Request Title - use delivery receipts to show message received time for outgoing messages | Request Description - After long pressing on a message and selecting the info button, the message details are shown. This includes the sent and received times for incoming messages. For outgoing messages, in contrast, only one Sent/Received time is displayed, probably containing sent time. Now that delivery receipts are implemented, it would be possible to display the received time for outgoing messages (by taking the sent time from the receipt). Or to make it more precise, let the receipt message piggybag the real received time. This would make the user interface more consistent. When this is rejected for some reasons, I suggest renaming the ""Sent/Received"" label for outgoing messages to ""Sent"" because this is what it really is about.
####
Reason: There are quantifiers ""only one"" and also ""/"" in the sentence. In this case, sent/received can be interpreted in two different ways: (1) sent or received. (2) sent and received as one token. 
####
Extracted Semantic ambiguity segment: only one Sent/Received time is displayed,
####
Clarifying Question(s): ","[""When you say 'only one Sent/Received time is displayed,' do you mean it shows either the sent or the received time but not both, or do you mean it shows a single combined token that represents both the sent and received time?""]","['When you mention ""only one Sent/Received time is displayed"", are you suggesting that there is a single timestamp labeled as ""Sent/Received"", or that there are separate timestamps for ""Sent"" and ""Received"" but only one is shown for outgoing messages?']","['When you mention ""only one Sent/Received time is displayed,"" do you mean that only one time is shown for either sent or received separately, or do you mean it displays a combined single time for both sent and received?']","[""When you mention 'only one Sent/Received time is displayed,' do you mean the time displayed can be either sent or received time, or do you mean the time displayed is presented as a single token combining both sent and received times?""]","[""When you say 'only one Sent/Received time is displayed,' do you mean that only a single time is shown and it could be either 'Sent' or 'Received,' or do you mean that 'Sent' and 'Received' are being shown as a single combined time?""]","[""When you wrote 'only one Sent/Received time is displayed', are you referring to only showing either the sent time or the received time for outgoing messages, or are you indicating that both sent and received times are shown together as one token?""]","[""When you say 'only one Sent/Received time is displayed', do you mean it should be interpreted as either 'only the sent time or received time is displayed' or as 'sent and received time are displayed together as a single token'?""]","['When you say ""only one Sent/Received time is displayed,"" do you mean it displays only either the Sent or the Received time, or does it combine them into a single displayed time?']","""When you say 'only one Sent/Received time is displayed', do you mean that there is a single time that acts as both sent and received time, or is it that either the sent or received time is shown depending on the message type?""","['When you mention ""only one Sent/Received time is displayed,"" do you mean that the displayed time refers only to ""Sent"" or that it combines ""Sent"" and ""Received"" into a single token?', 'Are you suggesting that the ""Sent/Received"" label should explicitly indicate either ""Sent"" only or a combined state of ""Sent and Received""?']"
7,7,1504-Signal,Request Number - 1504 | Request Title - Notification Color for Individual Contacts or Groups | Request Description - how about we edit this one too?  or just delete it..... üôà,Notification Color for Individual Contacts or Groups,"When writing ""notification color for individual contacts or groups"", are you suggesting one color for all individual contacts and one different color for all group messages, one different color for each individual and group, one color for all individual contact and group message notifications (to differentiate user communications from system or other types of notifications), or something else?","['When writing ""notification color for individual contacts or groups"", are you suggesting one color for all individual contacts and one different color for all group messages, one different color for each individual and group, one color for all individual contact and group message notifications (to differentiate user communications from system or other types of notifications), or something else?']","Semantic ambiguity: a sentence has more than one way of reading it within its context, although it contains no lexical or syntactic ambiguity. Semantic ambiguity can be viewed as ambiguity with respect to the logical form, usually expressed in predicate logic, of a sentence.
You are a software analyst specializing in Semantic ambiguity resolution in GitHub feature requests.
Carefully read the provided statement along with the extracted Semantic ambiguity segment and the reasoning behind why the extracted text segment is considered ambiguous. Based on the information, generate clear and concise clarification questions aimed at addressing the Semantic ambiguity in the extracted text segment; include all generated clarifying questions in a single comma-separated list. Make sure to have all elements of the list in quotation marks.
Demonstrations are provided for clarity. Each demonstration is separated by the trigger word # END. Inside each demonstration, the statement, reason, extracted segment, and clarifying questions are separated using the trigger word ####. Strictly follow the provided demonstration.
Statement: Request Number - 1407 | Request Title - textsecure not an option when ""sharing"" an address book contact | Request Description - TextSecure is not an option when attempting to share a contact from the address book, in Android 4.4.2 when i select ""messaging"" it tells me ""messaging"" is not the default sms app. This would be a nice feature to have added to the app.
####
Reason: The pronoun ""it"" can point to multiple possible targets in the sentence, creating multiple interpretations.
####
Extracted Semantic ambiguity segment: it
####
Clarifying Question(s): ['When you wrote ""it tells me"", does ""it"" refer to TextSecure, the Android OS, or something else?']
# END
Statement: Request Number - 6077 | Request Title - Update libphonenumber to >=8.2.0 (Cannot send SMS to my mobile provider) | Request Description - I have:   searched open and closed issues for duplicates  read https://github.com/WhisperSystems/Signal-Android/wiki/Submitting-useful-bug-reports  Bug description. My friend made me aware of this as I'm never checking my account status via SMS, but it doesn't work for me neither. To check our account status, we have to send an SMS message to 13977, but Signal fails to deliver it. I tried sending it through the native Oneplus SMS app and it goes through just fine, with an immediate response. I can send an SMS to other people, though, so it has something to do with that number. (Signal adds +385 to it for Croatia, maybe that's it?) Steps to reproduce.  send an SMS to my provider through Signal Actual result: it doesn't go through, ""Failed to send"", ""Some issues need your attention."" Expected result: Message should go through and I should get a response. Device info. Device: OnePlus3T Android version: 7.0 Signal version: 3.27.1 Link to debug log. https://gist.github.com/anonymous/f656572561ea3a91d0f4bbdeb98e587b
####
Reason: The pronoun 'it' could point to multiple noun phrases earlier in the sentence, creating multiple possible meanings.
####
Extracted Semantic ambiguity segment: it.
####
Clarifying Question(s): ['When you wrote ""Signal fails to deliver it"", does \'it\' refer to ""an SMS message to 13977"", ""our account status"", or something else?']
# END
Statement: Request Number - 555 | Request Title - Not working in dual sim phone | Request Description - My friend has a dual sim Lava iris 405 and i have samsung galaxy s3. we both have installed the TextSecure when i start secure session, it sends Key exchange message and its received in my friends. After that it says Received and processed key exchange message but he is unable to send me any message, it says error sending. i know its giving problem because its a dual sim phone, text secure app is not able to send sms from particular sim and giving this error. Is dual sim phone supported by textSecure?
####
Reason: It is unclear whether the indefinite noun phrase ""particular sim"" is intended to be specific or non-specific, creating multiple possible interpretations.
####
Extracted Semantic ambiguity segment: particular sim
####
Clarifying Question(s): ['When you say the app is not able to send from a particular SIM, do you mean it cannot send from a specific SIM, it cannot send from either SIM interchangeably, or something else?']
# END
Request Number - 1504 | Request Title - Notification Color for Individual Contacts or Groups | Request Description - how about we edit this one too?  or just delete it..... üôà
####
Reason: It is unclear how the different noun phrases (notification color, individual contacts, groups) associate with one another in a collective/distributive sense, creating multiple possible interpretations.
####
Extracted Semantic ambiguity segment: Notification Color for Individual Contacts or Groups
####
Clarifying Question(s): ","['When you mention ""Notification Color for Individual Contacts or Groups,"" do you mean setting different colors for notifications specific to each contact or group, a single color applicable to all contacts or groups, or a different association?']","Clarifying Question(s): ""When you mention 'Notification Color for Individual Contacts or Groups', are you suggesting assigning different colors for individual contacts versus groups, setting a collective color for both individual contacts and groups, or something else entirely?""","[""When you mention 'Notification Color for Individual Contacts or Groups', do you mean setting a unique notification color for each individual contact and each group separately, a common notification color for both individual contacts and groups, or something else?""]","[""When stating 'Notification Color for Individual Contacts or Groups,' do you mean assigning different colors to individual contacts and another set of colors to groups, or is it the same color scheme applied both to individual contacts and groups?"", ""Do you want the color customization to be per contact and per group independently, or are there predefined colors applying universally to either contacts or groups?""]","""Does 'Notification Color for Individual Contacts or Groups' mean setting a unique color for each individual contact and group, setting a color that applies to everyone collectively, or something else?"", ""Are you suggesting editing or deleting notification color settings for individual contacts, groups, or both?""","""Are you suggesting that the notification color should be customizable for individual contacts, for groups, or for both?, Should the notification color apply uniformly to both individual contacts and groups, or can it differ between them?, When you refer to 'Notification Color,' are you considering it for new notifications only, existing notifications, or both?""","['When you say ""Notification Color for Individual Contacts or Groups,"" do you mean setting a unique color for each contact and group, a single color for all contacts and another for all groups, or something else?']","['Does ""Notification Color for Individual Contacts or Groups"" mean assigning a unique color to each individual contact and also to each group, or having one color that applies to both individual contacts and groups collectively?']","['When you mention ""Notification Color for Individual Contacts or Groups,"" do you mean setting a unique notification color for each contact or group individually, setting the same notification color for all contacts and groups collectively, or something else?']","['When you mention ""Notification Color for Individual Contacts or Groups,"" do you mean setting a different notification color for each individual contact and each group separately, the same color for all individual contacts and a different one for all groups, or something else?']"
8,8,801-Signal,"Request Number - 801 | Request Title - Feature request: Mute Group (or any user) | Request Description - Sometimes friends in a group are discussing something I'm not interested in and my phone would go nuts vibrating and ringing all the time. A ""Mute for X minutes/hours"" feature would be awesome.",any,"When you wrote ""any user"", do you mean ""a selected user"", ""all applicable users"", or something else?","['When you wrote ""any user"", do you mean ""a selected user"", ""all applicable users"", or something else?']","Semantic ambiguity: a sentence has more than one way of reading it within its context, although it contains no lexical or syntactic ambiguity. Semantic ambiguity can be viewed as ambiguity with respect to the logical form, usually expressed in predicate logic, of a sentence.
You are a software analyst specializing in Semantic ambiguity resolution in GitHub feature requests.
Carefully read the provided statement along with the extracted Semantic ambiguity segment and the reasoning behind why the extracted text segment is considered ambiguous. Based on the information, generate clear and concise clarification questions aimed at addressing the Semantic ambiguity in the extracted text segment; include all generated clarifying questions in a single comma-separated list. Make sure to have all elements of the list in quotation marks.
Demonstrations are provided for clarity. Each demonstration is separated by the trigger word # END. Inside each demonstration, the statement, reason, extracted segment, and clarifying questions are separated using the trigger word ####. Strictly follow the provided demonstration.
Statement: Request Number - 1407 | Request Title - textsecure not an option when ""sharing"" an address book contact | Request Description - TextSecure is not an option when attempting to share a contact from the address book, in Android 4.4.2 when i select ""messaging"" it tells me ""messaging"" is not the default sms app. This would be a nice feature to have added to the app.
####
Reason: The pronoun ""it"" can point to multiple possible targets in the sentence, creating multiple interpretations.
####
Extracted Semantic ambiguity segment: it
####
Clarifying Question(s): ['When you wrote ""it tells me"", does ""it"" refer to TextSecure, the Android OS, or something else?']
# END
Statement: Request Number - 6077 | Request Title - Update libphonenumber to >=8.2.0 (Cannot send SMS to my mobile provider) | Request Description - I have:   searched open and closed issues for duplicates  read https://github.com/WhisperSystems/Signal-Android/wiki/Submitting-useful-bug-reports  Bug description. My friend made me aware of this as I'm never checking my account status via SMS, but it doesn't work for me neither. To check our account status, we have to send an SMS message to 13977, but Signal fails to deliver it. I tried sending it through the native Oneplus SMS app and it goes through just fine, with an immediate response. I can send an SMS to other people, though, so it has something to do with that number. (Signal adds +385 to it for Croatia, maybe that's it?) Steps to reproduce.  send an SMS to my provider through Signal Actual result: it doesn't go through, ""Failed to send"", ""Some issues need your attention."" Expected result: Message should go through and I should get a response. Device info. Device: OnePlus3T Android version: 7.0 Signal version: 3.27.1 Link to debug log. https://gist.github.com/anonymous/f656572561ea3a91d0f4bbdeb98e587b
####
Reason: The pronoun 'it' could point to multiple noun phrases earlier in the sentence, creating multiple possible meanings.
####
Extracted Semantic ambiguity segment: it.
####
Clarifying Question(s): ['When you wrote ""Signal fails to deliver it"", does \'it\' refer to ""an SMS message to 13977"", ""our account status"", or something else?']
# END
Statement: Request Number - 555 | Request Title - Not working in dual sim phone | Request Description - My friend has a dual sim Lava iris 405 and i have samsung galaxy s3. we both have installed the TextSecure when i start secure session, it sends Key exchange message and its received in my friends. After that it says Received and processed key exchange message but he is unable to send me any message, it says error sending. i know its giving problem because its a dual sim phone, text secure app is not able to send sms from particular sim and giving this error. Is dual sim phone supported by textSecure?
####
Reason: It is unclear whether the indefinite noun phrase ""particular sim"" is intended to be specific or non-specific, creating multiple possible interpretations.
####
Extracted Semantic ambiguity segment: particular sim
####
Clarifying Question(s): ['When you say the app is not able to send from a particular SIM, do you mean it cannot send from a specific SIM, it cannot send from either SIM interchangeably, or something else?']
# END
Request Number - 801 | Request Title - Feature request: Mute Group (or any user) | Request Description - Sometimes friends in a group are discussing something I'm not interested in and my phone would go nuts vibrating and ringing all the time. A ""Mute for X minutes/hours"" feature would be awesome.
####
Reason: The word ""any"" can have a specific or non-specific meaning, affecting the scope implied by the term and creating multiple possible meanings.
####
Extracted Semantic ambiguity segment: any
####
Clarifying Question(s): ","['When you say ""any user"", do you mean the ability to mute one specific user, multiple users of your choice, or all users in a group?']","['When you say ""Mute Group (or any user)"", do you mean to include specific users within a group, any user outside of a group, or both?', 'Does ""any user"" refer to the ability to mute individual users regardless of their affiliation with a group, or is it intended for selectively muting users within active group conversations?']","['When you say ""Mute Group (or any user)"", does ""any"" refer to muting all users individually within the group, muting a specific user chosen by the person, or is there another intended meaning?']","['When you say ""Mute Group (or any user)"", do you mean to mute a specific user or group, to mute any user or group interchangeably, or something else?']","""When you mention 'any user', are you referring to muting a specific user of your choice, muting every user individually, or is another context intended?""","""When you mention 'any user', do you mean you want to have the option to mute specific users individually, or does it refer to the ability to mute all users in a group indiscriminately?""","""Does 'any user' imply the ability to mute every user individually, a specific user in a group, or every user globally?""","['When you mention the ability to mute ""any user,"" are you referring to being able to mute a specific user of your choosing, being able to mute all users within the group, or something else?']","['When you say ""any user,"" do you mean a specific user selected by the user at a particular time, or do you mean the feature should apply broadly to mute every user as the user sees fit?']","['When you mention ""Mute Group (or any user)"", does ""any"" refer to a specific user of your choice, each user individually within a group, or any user globally across the platform?']"
9,9,757-Signal,"Request Number - 757 | Request Title - different notification settings for group chats | Request Description - It would be very nice to be able to change the notification settings for goups independently from other (personal) chats, as group chats might have a lower priority for the user.",notification settings for goups,"When you wrote ""notification settings for all goups"", did you mean notification settings for all groups together, notification settings for each group individually, or something else?","['When you wrote ""notification settings for all goups"", did you mean notification settings for all groups together, notification settings for each group individually, or something else?']","Semantic ambiguity: a sentence has more than one way of reading it within its context, although it contains no lexical or syntactic ambiguity. Semantic ambiguity can be viewed as ambiguity with respect to the logical form, usually expressed in predicate logic, of a sentence.
You are a software analyst specializing in Semantic ambiguity resolution in GitHub feature requests.
Carefully read the provided statement along with the extracted Semantic ambiguity segment and the reasoning behind why the extracted text segment is considered ambiguous. Based on the information, generate clear and concise clarification questions aimed at addressing the Semantic ambiguity in the extracted text segment; include all generated clarifying questions in a single comma-separated list. Make sure to have all elements of the list in quotation marks.
Demonstrations are provided for clarity. Each demonstration is separated by the trigger word # END. Inside each demonstration, the statement, reason, extracted segment, and clarifying questions are separated using the trigger word ####. Strictly follow the provided demonstration.
Statement: Request Number - 1407 | Request Title - textsecure not an option when ""sharing"" an address book contact | Request Description - TextSecure is not an option when attempting to share a contact from the address book, in Android 4.4.2 when i select ""messaging"" it tells me ""messaging"" is not the default sms app. This would be a nice feature to have added to the app.
####
Reason: The pronoun ""it"" can point to multiple possible targets in the sentence, creating multiple interpretations.
####
Extracted Semantic ambiguity segment: it
####
Clarifying Question(s): ['When you wrote ""it tells me"", does ""it"" refer to TextSecure, the Android OS, or something else?']
# END
Statement: Request Number - 6077 | Request Title - Update libphonenumber to >=8.2.0 (Cannot send SMS to my mobile provider) | Request Description - I have:   searched open and closed issues for duplicates  read https://github.com/WhisperSystems/Signal-Android/wiki/Submitting-useful-bug-reports  Bug description. My friend made me aware of this as I'm never checking my account status via SMS, but it doesn't work for me neither. To check our account status, we have to send an SMS message to 13977, but Signal fails to deliver it. I tried sending it through the native Oneplus SMS app and it goes through just fine, with an immediate response. I can send an SMS to other people, though, so it has something to do with that number. (Signal adds +385 to it for Croatia, maybe that's it?) Steps to reproduce.  send an SMS to my provider through Signal Actual result: it doesn't go through, ""Failed to send"", ""Some issues need your attention."" Expected result: Message should go through and I should get a response. Device info. Device: OnePlus3T Android version: 7.0 Signal version: 3.27.1 Link to debug log. https://gist.github.com/anonymous/f656572561ea3a91d0f4bbdeb98e587b
####
Reason: The pronoun 'it' could point to multiple noun phrases earlier in the sentence, creating multiple possible meanings.
####
Extracted Semantic ambiguity segment: it.
####
Clarifying Question(s): ['When you wrote ""Signal fails to deliver it"", does \'it\' refer to ""an SMS message to 13977"", ""our account status"", or something else?']
# END
Statement: Request Number - 555 | Request Title - Not working in dual sim phone | Request Description - My friend has a dual sim Lava iris 405 and i have samsung galaxy s3. we both have installed the TextSecure when i start secure session, it sends Key exchange message and its received in my friends. After that it says Received and processed key exchange message but he is unable to send me any message, it says error sending. i know its giving problem because its a dual sim phone, text secure app is not able to send sms from particular sim and giving this error. Is dual sim phone supported by textSecure?
####
Reason: It is unclear whether the indefinite noun phrase ""particular sim"" is intended to be specific or non-specific, creating multiple possible interpretations.
####
Extracted Semantic ambiguity segment: particular sim
####
Clarifying Question(s): ['When you say the app is not able to send from a particular SIM, do you mean it cannot send from a specific SIM, it cannot send from either SIM interchangeably, or something else?']
# END
Request Number - 757 | Request Title - different notification settings for group chats | Request Description - It would be very nice to be able to change the notification settings for goups independently from other (personal) chats, as group chats might have a lower priority for the user.
####
Reason: The interaction between the term ""settings"" and the plural ""groups"" can be interpreted as having the collective scope of ""all groups"" or the distributive scope of ""each group"", which creates multiple possible interpretations.
####
Extracted Semantic ambiguity segment: notification settings for goups
####
Clarifying Question(s): ","['When you mention ""notification settings for groups,"" do you mean having a single set of settings that apply to all group chats collectively, or are you referring to having distinct settings for each individual group chat?']","[""When you mention changing the notification settings for groups, do you mean having a single setting for all group chats collectively, having separate settings for each individual group chat, or something else?""]","""Do you want the ability to change notification settings for all group chats collectively, or should each group chat have its own individual notification settings?""","""When you mention changing 'notification settings for groups', do you mean different settings for all groups collectively, different settings for each group individually, or something else?""","""When you mention 'notification settings for groups,' are you referring to a single setting that applies to all groups collectively, individual settings for each group, or something else?""","['When you mention ""notification settings for groups"", do you mean settings that apply collectively to all group chats, settings that can be customized for each individual group chat, or something else?']","[""When you mention changing the 'notification settings for groups', do you mean a single setting applied to all groups collectively or separate settings for each group individually?""]","""When you mention 'notification settings for groups,' do you mean having one setting that applies to all groups collectively, separate settings for each individual group, or something else?""","""When you refer to 'notification settings for groups', do you mean having a single setting for all group chats collectively, individual settings for each group chat, or something else?""","""When you mention 'notification settings for groups', do you mean having a single notification setting that applies to all group chats collectively, individual settings for each group chat independently, or something else?"""
10,10,2055-Signal,"Request Number - 2055 | Request Title - use delivery receipts to show message received time for outgoing messages | Request Description - After long pressing on a message and selecting the info button, the message details are shown. This includes the sent and received times for incoming messages. For outgoing messages, in contrast, only one Sent/Received time is displayed, probably containing sent time. Now that delivery receipts are implemented, it would be possible to display the received time for outgoing messages (by taking the sent time from the receipt). Or to make it more precise, let the receipt message piggybag the real received time. This would make the user interface more consistent. When this is rejected for some reasons, I suggest renaming the ""Sent/Received"" label for outgoing messages to ""Sent"" because this is what it really is about.",it,"What do you mean by ""it"" when you stated, ""because this is what it really is about""?","['What do you mean by ""it"" when you stated, ""because this is what it really is about""?']","Semantic ambiguity: a sentence has more than one way of reading it within its context, although it contains no lexical or syntactic ambiguity. Semantic ambiguity can be viewed as ambiguity with respect to the logical form, usually expressed in predicate logic, of a sentence.
You are a software analyst specializing in Semantic ambiguity resolution in GitHub feature requests.
Carefully read the provided statement along with the extracted Semantic ambiguity segment and the reasoning behind why the extracted text segment is considered ambiguous. Based on the information, generate clear and concise clarification questions aimed at addressing the Semantic ambiguity in the extracted text segment; include all generated clarifying questions in a single comma-separated list. Make sure to have all elements of the list in quotation marks.
Demonstrations are provided for clarity. Each demonstration is separated by the trigger word # END. Inside each demonstration, the statement, reason, extracted segment, and clarifying questions are separated using the trigger word ####. Strictly follow the provided demonstration.
Statement: Request Number - 1407 | Request Title - textsecure not an option when ""sharing"" an address book contact | Request Description - TextSecure is not an option when attempting to share a contact from the address book, in Android 4.4.2 when i select ""messaging"" it tells me ""messaging"" is not the default sms app. This would be a nice feature to have added to the app.
####
Reason: The pronoun ""it"" can point to multiple possible targets in the sentence, creating multiple interpretations.
####
Extracted Semantic ambiguity segment: it
####
Clarifying Question(s): ['When you wrote ""it tells me"", does ""it"" refer to TextSecure, the Android OS, or something else?']
# END
Statement: Request Number - 6077 | Request Title - Update libphonenumber to >=8.2.0 (Cannot send SMS to my mobile provider) | Request Description - I have:   searched open and closed issues for duplicates  read https://github.com/WhisperSystems/Signal-Android/wiki/Submitting-useful-bug-reports  Bug description. My friend made me aware of this as I'm never checking my account status via SMS, but it doesn't work for me neither. To check our account status, we have to send an SMS message to 13977, but Signal fails to deliver it. I tried sending it through the native Oneplus SMS app and it goes through just fine, with an immediate response. I can send an SMS to other people, though, so it has something to do with that number. (Signal adds +385 to it for Croatia, maybe that's it?) Steps to reproduce.  send an SMS to my provider through Signal Actual result: it doesn't go through, ""Failed to send"", ""Some issues need your attention."" Expected result: Message should go through and I should get a response. Device info. Device: OnePlus3T Android version: 7.0 Signal version: 3.27.1 Link to debug log. https://gist.github.com/anonymous/f656572561ea3a91d0f4bbdeb98e587b
####
Reason: The pronoun 'it' could point to multiple noun phrases earlier in the sentence, creating multiple possible meanings.
####
Extracted Semantic ambiguity segment: it.
####
Clarifying Question(s): ['When you wrote ""Signal fails to deliver it"", does \'it\' refer to ""an SMS message to 13977"", ""our account status"", or something else?']
# END
Statement: Request Number - 555 | Request Title - Not working in dual sim phone | Request Description - My friend has a dual sim Lava iris 405 and i have samsung galaxy s3. we both have installed the TextSecure when i start secure session, it sends Key exchange message and its received in my friends. After that it says Received and processed key exchange message but he is unable to send me any message, it says error sending. i know its giving problem because its a dual sim phone, text secure app is not able to send sms from particular sim and giving this error. Is dual sim phone supported by textSecure?
####
Reason: It is unclear whether the indefinite noun phrase ""particular sim"" is intended to be specific or non-specific, creating multiple possible interpretations.
####
Extracted Semantic ambiguity segment: particular sim
####
Clarifying Question(s): ['When you say the app is not able to send from a particular SIM, do you mean it cannot send from a specific SIM, it cannot send from either SIM interchangeably, or something else?']
# END
Request Number - 2055 | Request Title - use delivery receipts to show message received time for outgoing messages | Request Description - After long pressing on a message and selecting the info button, the message details are shown. This includes the sent and received times for incoming messages. For outgoing messages, in contrast, only one Sent/Received time is displayed, probably containing sent time. Now that delivery receipts are implemented, it would be possible to display the received time for outgoing messages (by taking the sent time from the receipt). Or to make it more precise, let the receipt message piggybag the real received time. This would make the user interface more consistent. When this is rejected for some reasons, I suggest renaming the ""Sent/Received"" label for outgoing messages to ""Sent"" because this is what it really is about.
####
Reason: ""it"" can refer to two references in the same sentence. 
####
Extracted Semantic ambiguity segment: it
####
Clarifying Question(s): ","""When you say 'it would be possible to display the received time for outgoing messages', does 'it' refer to the feature of using delivery receipts or the action of displaying the received time?"", ""When you mention 'this would make the user interface more consistent', does 'this' refer to the change in displaying the received time or the renaming of the 'Sent/Received' label?""","['When you mentioned ""Now that delivery receipts are implemented, it would be possible"", does ""it"" refer to the possibility of displaying the received time for outgoing messages or the action of making the user interface more consistent?']","""When you mentioned 'it would be possible to display the received time for outgoing messages,' does 'it' refer to the ability to display the time or to the function of delivery receipts, or something else?""","['When you mention ""it would be possible to display the received time for outgoing messages,"" does ""it"" refer to the use of delivery receipts or the process of taking the sent time from the receipt?', 'When you say ""let the receipt message piggyback the real received time,"" does ""it"" refer to the real received time being piggybacked or the receipt message itself?']","""When you mention 'Now that delivery receipts are implemented, it would be possible to display the received time for outgoing messages,' does 'it' refer to the possibility of displaying the received time or the process of using delivery receipts to obtain the received time?""","""When you mention 'it would be possible to display the received time for outgoing messages,' does 'it' refer to the implementation of using delivery receipts, the ability to display received times for outgoing messages, or something else?""","[""In the statement 'Or to make it more precise, let the receipt message piggybag the real received time,' does 'it' refer to 'displaying the received time for outgoing messages' or to 'making the user interface more consistent'?""]","['When you wrote ""it would be possible to display the received time for outgoing messages"", does ""it"" refer to ""taking the sent time from the receipt"" or to ""displaying the received time for outgoing messages""?']","""When you say 'it would be possible to display the received time for outgoing messages', does 'it' refer to using delivery receipts or the feature implementation in general?""","""When you wrote 'it would be possible to display,' does 'it' refer to the Sent/Received time label or the process of using the delivery receipt to display the received time for outgoing messages?"""
11,11,604-Signal,"Request Number - 604 | Request Title - Number registration (for push messaging) doesn't work with Google Voice | Request Description - The new push based TextSecure doesn't seem to like using Google Voice numbers (which are then forwarded to my phone's real number via SMS).  Although there are of course privacy downsides associated with letting Google see all of your incoming/outgoing SMS data, there are also serious privacy harms associated with letting people know your actual phone number, rather than a number that will just forward texts to you* The first step of the TextSecure number registration process (""Connecting"") works fine. An incoming text message with the verification code is received by the default Android SMS app, but TextSecure doesn't catch it. Thankfully, after 2 minutes of waiting, I am given the opportunity verify by voice, which does work.",it.,"When you wrote ""TextSecure doesn't catch it"", do you mean ""TextSecure doesn't catch the message"", ""TextSecure doesn't catch the verification code"", or something else?","['When you wrote ""TextSecure doesn\'t catch it"", do you mean ""TextSecure doesn\'t catch the message"", ""TextSecure doesn\'t catch the verification code"", or something else?']","Semantic ambiguity: a sentence has more than one way of reading it within its context, although it contains no lexical or syntactic ambiguity. Semantic ambiguity can be viewed as ambiguity with respect to the logical form, usually expressed in predicate logic, of a sentence.
You are a software analyst specializing in Semantic ambiguity resolution in GitHub feature requests.
Carefully read the provided statement along with the extracted Semantic ambiguity segment and the reasoning behind why the extracted text segment is considered ambiguous. Based on the information, generate clear and concise clarification questions aimed at addressing the Semantic ambiguity in the extracted text segment; include all generated clarifying questions in a single comma-separated list. Make sure to have all elements of the list in quotation marks.
Demonstrations are provided for clarity. Each demonstration is separated by the trigger word # END. Inside each demonstration, the statement, reason, extracted segment, and clarifying questions are separated using the trigger word ####. Strictly follow the provided demonstration.
Statement: Request Number - 1407 | Request Title - textsecure not an option when ""sharing"" an address book contact | Request Description - TextSecure is not an option when attempting to share a contact from the address book, in Android 4.4.2 when i select ""messaging"" it tells me ""messaging"" is not the default sms app. This would be a nice feature to have added to the app.
####
Reason: The pronoun ""it"" can point to multiple possible targets in the sentence, creating multiple interpretations.
####
Extracted Semantic ambiguity segment: it
####
Clarifying Question(s): ['When you wrote ""it tells me"", does ""it"" refer to TextSecure, the Android OS, or something else?']
# END
Statement: Request Number - 6077 | Request Title - Update libphonenumber to >=8.2.0 (Cannot send SMS to my mobile provider) | Request Description - I have:   searched open and closed issues for duplicates  read https://github.com/WhisperSystems/Signal-Android/wiki/Submitting-useful-bug-reports  Bug description. My friend made me aware of this as I'm never checking my account status via SMS, but it doesn't work for me neither. To check our account status, we have to send an SMS message to 13977, but Signal fails to deliver it. I tried sending it through the native Oneplus SMS app and it goes through just fine, with an immediate response. I can send an SMS to other people, though, so it has something to do with that number. (Signal adds +385 to it for Croatia, maybe that's it?) Steps to reproduce.  send an SMS to my provider through Signal Actual result: it doesn't go through, ""Failed to send"", ""Some issues need your attention."" Expected result: Message should go through and I should get a response. Device info. Device: OnePlus3T Android version: 7.0 Signal version: 3.27.1 Link to debug log. https://gist.github.com/anonymous/f656572561ea3a91d0f4bbdeb98e587b
####
Reason: The pronoun 'it' could point to multiple noun phrases earlier in the sentence, creating multiple possible meanings.
####
Extracted Semantic ambiguity segment: it.
####
Clarifying Question(s): ['When you wrote ""Signal fails to deliver it"", does \'it\' refer to ""an SMS message to 13977"", ""our account status"", or something else?']
# END
Statement: Request Number - 555 | Request Title - Not working in dual sim phone | Request Description - My friend has a dual sim Lava iris 405 and i have samsung galaxy s3. we both have installed the TextSecure when i start secure session, it sends Key exchange message and its received in my friends. After that it says Received and processed key exchange message but he is unable to send me any message, it says error sending. i know its giving problem because its a dual sim phone, text secure app is not able to send sms from particular sim and giving this error. Is dual sim phone supported by textSecure?
####
Reason: It is unclear whether the indefinite noun phrase ""particular sim"" is intended to be specific or non-specific, creating multiple possible interpretations.
####
Extracted Semantic ambiguity segment: particular sim
####
Clarifying Question(s): ['When you say the app is not able to send from a particular SIM, do you mean it cannot send from a specific SIM, it cannot send from either SIM interchangeably, or something else?']
# END
Request Number - 604 | Request Title - Number registration (for push messaging) doesn't work with Google Voice | Request Description - The new push based TextSecure doesn't seem to like using Google Voice numbers (which are then forwarded to my phone's real number via SMS).  Although there are of course privacy downsides associated with letting Google see all of your incoming/outgoing SMS data, there are also serious privacy harms associated with letting people know your actual phone number, rather than a number that will just forward texts to you* The first step of the TextSecure number registration process (""Connecting"") works fine. An incoming text message with the verification code is received by the default Android SMS app, but TextSecure doesn't catch it. Thankfully, after 2 minutes of waiting, I am given the opportunity verify by voice, which does work.
####
Reason: The pronoun 'it' can refer to two different targets in the sentence, changing the nature of the problem based on the interpretation.
####
Extracted Semantic ambiguity segment: it.
####
Clarifying Question(s): ","['When you say ""TextSecure doesn\'t catch it,"" does \'it\' refer to ""the incoming text message with the verification code"" or something else?']","""When you wrote 'TextSecure doesn't catch it', does 'it' refer to 'the incoming text message with the verification code', 'the step in the number registration process', or something else?""","""When you said 'TextSecure doesn't catch it', does 'it' refer to the 'incoming text message with the verification code' or to something else?""","""When you wrote 'TextSecure doesn't catch it', does 'it' refer to 'the incoming text message with the verification code,' 'the first step of the TextSecure number registration process,' or something else?""","""When you say 'TextSecure doesn't catch it', does 'it' refer to the incoming text message with the verification code, the verification process, or something else?""","""When you wrote 'TextSecure doesn't catch it', does 'it' refer to the incoming text message with the verification code or something else?""","""When you state 'TextSecure doesn't catch it,' does 'it' refer to 'an incoming text message with the verification code' or something else?""","['When you mention ""TextSecure doesn\'t catch it"", does \'it\' refer to the ""incoming text message"" or the ""verification code""?']","[""When you wrote 'TextSecure doesn't catch it,' does 'it' refer to 'the verification code' or 'the incoming text message'?""]","""When you state 'TextSecure doesn't catch it,' does 'it' refer to 'an incoming text message with the verification code,' 'the Google Voice number,' or something else?"""
12,12,6069-Signal,"Request Number - 6069 | Request Title - Unread notification badges do not work on Huawei EMUI | Request Description - I have:   searched open and closed issues for duplicates  read https://github.com/WhisperSystems/Signal-Android/wiki/Submitting-useful-bug-reports  Bug description. I've installed Signal on a Honor 8 (made by Huawei) with EMUI 4.1 (Android 6.0). I've noticed that Signal receives notifications on new messages and they are also listed in the notification area, but the unread notifications badge on the app icon on the home screen is not shown. In Signal support articles there is mentioned, that badge icons are supported for some launchers, see https://support.whispersystems.org/hc/en-us/articles/215766077-How-can-I-see-my-unread-badge-count-What-launcher-should-I-use- So far I could not find out if this is a Signal or EMUI problem, but Threema and Conversations show the notification badges. Device info. Device: Honor 8 Android version: 6.0 Signal version: 3.26.2",they,"When you wrote ""they are also listed in the notification area"", does 'they' refer to 'notifications', 'messages', or something else?","['When you wrote ""they are also listed in the notification area"", does \'they\' refer to \'notifications\', \'messages\', or something else?']","Semantic ambiguity: a sentence has more than one way of reading it within its context, although it contains no lexical or syntactic ambiguity. Semantic ambiguity can be viewed as ambiguity with respect to the logical form, usually expressed in predicate logic, of a sentence.
You are a software analyst specializing in Semantic ambiguity resolution in GitHub feature requests.
Carefully read the provided statement along with the extracted Semantic ambiguity segment and the reasoning behind why the extracted text segment is considered ambiguous. Based on the information, generate clear and concise clarification questions aimed at addressing the Semantic ambiguity in the extracted text segment; include all generated clarifying questions in a single comma-separated list. Make sure to have all elements of the list in quotation marks.
Demonstrations are provided for clarity. Each demonstration is separated by the trigger word # END. Inside each demonstration, the statement, reason, extracted segment, and clarifying questions are separated using the trigger word ####. Strictly follow the provided demonstration.
Statement: Request Number - 1407 | Request Title - textsecure not an option when ""sharing"" an address book contact | Request Description - TextSecure is not an option when attempting to share a contact from the address book, in Android 4.4.2 when i select ""messaging"" it tells me ""messaging"" is not the default sms app. This would be a nice feature to have added to the app.
####
Reason: The pronoun ""it"" can point to multiple possible targets in the sentence, creating multiple interpretations.
####
Extracted Semantic ambiguity segment: it
####
Clarifying Question(s): ['When you wrote ""it tells me"", does ""it"" refer to TextSecure, the Android OS, or something else?']
# END
Statement: Request Number - 6077 | Request Title - Update libphonenumber to >=8.2.0 (Cannot send SMS to my mobile provider) | Request Description - I have:   searched open and closed issues for duplicates  read https://github.com/WhisperSystems/Signal-Android/wiki/Submitting-useful-bug-reports  Bug description. My friend made me aware of this as I'm never checking my account status via SMS, but it doesn't work for me neither. To check our account status, we have to send an SMS message to 13977, but Signal fails to deliver it. I tried sending it through the native Oneplus SMS app and it goes through just fine, with an immediate response. I can send an SMS to other people, though, so it has something to do with that number. (Signal adds +385 to it for Croatia, maybe that's it?) Steps to reproduce.  send an SMS to my provider through Signal Actual result: it doesn't go through, ""Failed to send"", ""Some issues need your attention."" Expected result: Message should go through and I should get a response. Device info. Device: OnePlus3T Android version: 7.0 Signal version: 3.27.1 Link to debug log. https://gist.github.com/anonymous/f656572561ea3a91d0f4bbdeb98e587b
####
Reason: The pronoun 'it' could point to multiple noun phrases earlier in the sentence, creating multiple possible meanings.
####
Extracted Semantic ambiguity segment: it.
####
Clarifying Question(s): ['When you wrote ""Signal fails to deliver it"", does \'it\' refer to ""an SMS message to 13977"", ""our account status"", or something else?']
# END
Statement: Request Number - 555 | Request Title - Not working in dual sim phone | Request Description - My friend has a dual sim Lava iris 405 and i have samsung galaxy s3. we both have installed the TextSecure when i start secure session, it sends Key exchange message and its received in my friends. After that it says Received and processed key exchange message but he is unable to send me any message, it says error sending. i know its giving problem because its a dual sim phone, text secure app is not able to send sms from particular sim and giving this error. Is dual sim phone supported by textSecure?
####
Reason: It is unclear whether the indefinite noun phrase ""particular sim"" is intended to be specific or non-specific, creating multiple possible interpretations.
####
Extracted Semantic ambiguity segment: particular sim
####
Clarifying Question(s): ['When you say the app is not able to send from a particular SIM, do you mean it cannot send from a specific SIM, it cannot send from either SIM interchangeably, or something else?']
# END
Request Number - 6069 | Request Title - Unread notification badges do not work on Huawei EMUI | Request Description - I have:   searched open and closed issues for duplicates  read https://github.com/WhisperSystems/Signal-Android/wiki/Submitting-useful-bug-reports  Bug description. I've installed Signal on a Honor 8 (made by Huawei) with EMUI 4.1 (Android 6.0). I've noticed that Signal receives notifications on new messages and they are also listed in the notification area, but the unread notifications badge on the app icon on the home screen is not shown. In Signal support articles there is mentioned, that badge icons are supported for some launchers, see https://support.whispersystems.org/hc/en-us/articles/215766077-How-can-I-see-my-unread-badge-count-What-launcher-should-I-use- So far I could not find out if this is a Signal or EMUI problem, but Threema and Conversations show the notification badges. Device info. Device: Honor 8 Android version: 6.0 Signal version: 3.26.2
####
Reason: The pronoun ""they"" can point to two possible targets in the sentence, creating multiple possible interpretations.
####
Extracted Semantic ambiguity segment: they
####
Clarifying Question(s): ","""When you mentioned 'they are also listed in the notification area,' does 'they' refer to 'notifications on new messages', 'unread notifications', or something else?""","""When you wrote 'they are also listed in the notification area', does 'they' refer to the Signal notifications themselves, the notification badges, or something else?""","['When you wrote ""they are also listed in the notification area"", does ""they"" refer to the notifications for new messages received by Signal or to unread notifications in general?']","""When you wrote 'they are also listed in the notification area', does 'they' refer to 'notifications on new messages', 'unread notifications badges', or something else?""","""When you wrote 'they are also listed in the notification area', does 'they' refer to 'Signal receives notifications on new messages', 'unread notifications', or something else?""","""When you wrote 'they are also listed in the notification area', does 'they' refer to 'notifications on new messages', 'unread notifications', or something else?""","['When you mentioned ""they are also listed in the notification area"", does ""they"" refer to the notifications themselves or the new messages?']","""When you wrote 'they are also listed in the notification area', does 'they' refer to the messages themselves, the notifications for the messages, or something else?""","""When you wrote 'they are also listed in the notification area', does 'they' refer to the notifications themselves or to the new messages?""","[""When you say 'they are also listed in the notification area,' does 'they' refer to 'notifications on new messages,' 'unread notifications badge,' or something else?""]"
13,13,2055-Signal,"Request Number - 2055 | Request Title - use delivery receipts to show message received time for outgoing messages | Request Description - After long pressing on a message and selecting the info button, the message details are shown. This includes the sent and received times for incoming messages. For outgoing messages, in contrast, only one Sent/Received time is displayed, probably containing sent time. Now that delivery receipts are implemented, it would be possible to display the received time for outgoing messages (by taking the sent time from the receipt). Or to make it more precise, let the receipt message piggybag the real received time. This would make the user interface more consistent. When this is rejected for some reasons, I suggest renaming the ""Sent/Received"" label for outgoing messages to ""Sent"" because this is what it really is about.","only one Sent/Received time is displayed,",What time receipt is shown for an outgoing message?,['What time receipt is shown for an outgoing message?'],"Semantic ambiguity: a sentence has more than one way of reading it within its context, although it contains no lexical or syntactic ambiguity. Semantic ambiguity can be viewed as ambiguity with respect to the logical form, usually expressed in predicate logic, of a sentence.
You are a software analyst specializing in Semantic ambiguity resolution in GitHub feature requests.
Carefully read the provided statement along with the extracted Semantic ambiguity segment and the reasoning behind why the extracted text segment is considered ambiguous. Based on the information, generate clear and concise clarification questions aimed at addressing the Semantic ambiguity in the extracted text segment; include all generated clarifying questions in a single comma-separated list. Make sure to have all elements of the list in quotation marks.
Demonstrations are provided for clarity. Each demonstration is separated by the trigger word # END. Inside each demonstration, the statement, reason, extracted segment, and clarifying questions are separated using the trigger word ####. Strictly follow the provided demonstration.
Statement: Request Number - 1407 | Request Title - textsecure not an option when ""sharing"" an address book contact | Request Description - TextSecure is not an option when attempting to share a contact from the address book, in Android 4.4.2 when i select ""messaging"" it tells me ""messaging"" is not the default sms app. This would be a nice feature to have added to the app.
####
Reason: The pronoun ""it"" can point to multiple possible targets in the sentence, creating multiple interpretations.
####
Extracted Semantic ambiguity segment: it
####
Clarifying Question(s): ['When you wrote ""it tells me"", does ""it"" refer to TextSecure, the Android OS, or something else?']
# END
Statement: Request Number - 6077 | Request Title - Update libphonenumber to >=8.2.0 (Cannot send SMS to my mobile provider) | Request Description - I have:   searched open and closed issues for duplicates  read https://github.com/WhisperSystems/Signal-Android/wiki/Submitting-useful-bug-reports  Bug description. My friend made me aware of this as I'm never checking my account status via SMS, but it doesn't work for me neither. To check our account status, we have to send an SMS message to 13977, but Signal fails to deliver it. I tried sending it through the native Oneplus SMS app and it goes through just fine, with an immediate response. I can send an SMS to other people, though, so it has something to do with that number. (Signal adds +385 to it for Croatia, maybe that's it?) Steps to reproduce.  send an SMS to my provider through Signal Actual result: it doesn't go through, ""Failed to send"", ""Some issues need your attention."" Expected result: Message should go through and I should get a response. Device info. Device: OnePlus3T Android version: 7.0 Signal version: 3.27.1 Link to debug log. https://gist.github.com/anonymous/f656572561ea3a91d0f4bbdeb98e587b
####
Reason: The pronoun 'it' could point to multiple noun phrases earlier in the sentence, creating multiple possible meanings.
####
Extracted Semantic ambiguity segment: it.
####
Clarifying Question(s): ['When you wrote ""Signal fails to deliver it"", does \'it\' refer to ""an SMS message to 13977"", ""our account status"", or something else?']
# END
Statement: Request Number - 555 | Request Title - Not working in dual sim phone | Request Description - My friend has a dual sim Lava iris 405 and i have samsung galaxy s3. we both have installed the TextSecure when i start secure session, it sends Key exchange message and its received in my friends. After that it says Received and processed key exchange message but he is unable to send me any message, it says error sending. i know its giving problem because its a dual sim phone, text secure app is not able to send sms from particular sim and giving this error. Is dual sim phone supported by textSecure?
####
Reason: It is unclear whether the indefinite noun phrase ""particular sim"" is intended to be specific or non-specific, creating multiple possible interpretations.
####
Extracted Semantic ambiguity segment: particular sim
####
Clarifying Question(s): ['When you say the app is not able to send from a particular SIM, do you mean it cannot send from a specific SIM, it cannot send from either SIM interchangeably, or something else?']
# END
Request Number - 2055 | Request Title - use delivery receipts to show message received time for outgoing messages | Request Description - After long pressing on a message and selecting the info button, the message details are shown. This includes the sent and received times for incoming messages. For outgoing messages, in contrast, only one Sent/Received time is displayed, probably containing sent time. Now that delivery receipts are implemented, it would be possible to display the received time for outgoing messages (by taking the sent time from the receipt). Or to make it more precise, let the receipt message piggybag the real received time. This would make the user interface more consistent. When this is rejected for some reasons, I suggest renaming the ""Sent/Received"" label for outgoing messages to ""Sent"" because this is what it really is about.
####
Reason: There are quantifiers ""only one"" and also ""/"" in the sentence. In this case, sent/received can be interpreted in two different ways: (1) sent or received. (2) sent and received as one token. 
####
Extracted Semantic ambiguity segment: only one Sent/Received time is displayed,
####
Clarifying Question(s): ","""When you wrote 'only one Sent/Received time is displayed', do you mean that only the sent time or the received time is displayed, or that sent and received times are being combined and displayed together as a single entry?""","""When you mention 'only one Sent/Received time is displayed', do you mean that only one time is shown and it could either be the sent or the received time, or do you mean it combines both sent and received into one time entry?"", ""When referring to the 'Sent/Received' label, are you suggesting that the label currently implies it displays both times, or are you referring to the label as a placeholder for a single time value?""","['When you say ""only one Sent/Received time is displayed,"" do you mean only the sent time is displayed, the sent and received time is displayed as one token, or something else?']","""When you mention 'only one Sent/Received time is displayed,' are you referring to the time being either sent or received as separate options, or are you suggesting that the sent and received times are combined into one token?""","[""When you mention 'only one Sent/Received time is displayed', are you referring to one combined timestamp for both sent and received times, or are you indicating that only the sent time is being displayed despite the label suggesting both sent and received times?""]","['When you say ""only one Sent/Received time is displayed,"" do you mean it displays either the sent or received time, or does it display both the sent and received time as one combined token, or something else?']","""Does 'only one Sent/Received time is displayed' mean that only one time is shown for either sent or received, or does it mean that they are shown as a single combined token?, How do you define the term 'Sent/Received time' in this context?""","[""When you mention 'only one Sent/Received time is displayed,' do you mean that the system currently displays either the sent or the received time and not both, or do you mean that it combines sent and received as a single timestamp?""]","['When you mention ""only one Sent/Received time is displayed,"" do you mean that it shows either the sent or received time separately, or that it displays a combined token representing both sent and received times?', 'Is the intent to differentiate between ""sent"" and ""received"" times clearly, or should it remain as one merged label for clarity in the user interface?']","[""When you say 'only one Sent/Received time is displayed,' do you mean that either a separate 'sent' or 'received' time is displayed, or do you mean that a combined 'sent/received' time is shown as a single entry?""]"
14,14,1504-Signal,Request Number - 1504 | Request Title - Notification Color for Individual Contacts or Groups | Request Description - how about we edit this one too?  or just delete it..... üôà,Notification Color for Individual Contacts or Groups,"When writing ""notification color for individual contacts or groups"", are you suggesting one color for all individual contacts and one different color for all group messages, one different color for each individual and group, one color for all individual contact and group message notifications (to differentiate user communications from system or other types of notifications), or something else?","['When writing ""notification color for individual contacts or groups"", are you suggesting one color for all individual contacts and one different color for all group messages, one different color for each individual and group, one color for all individual contact and group message notifications (to differentiate user communications from system or other types of notifications), or something else?']","Semantic ambiguity: a sentence has more than one way of reading it within its context, although it contains no lexical or syntactic ambiguity. Semantic ambiguity can be viewed as ambiguity with respect to the logical form, usually expressed in predicate logic, of a sentence.
You are a software analyst specializing in Semantic ambiguity resolution in GitHub feature requests.
Carefully read the provided statement along with the extracted Semantic ambiguity segment and the reasoning behind why the extracted text segment is considered ambiguous. Based on the information, generate clear and concise clarification questions aimed at addressing the Semantic ambiguity in the extracted text segment; include all generated clarifying questions in a single comma-separated list. Make sure to have all elements of the list in quotation marks.
Demonstrations are provided for clarity. Each demonstration is separated by the trigger word # END. Inside each demonstration, the statement, reason, extracted segment, and clarifying questions are separated using the trigger word ####. Strictly follow the provided demonstration.
Statement: Request Number - 555 | Request Title - Not working in dual sim phone | Request Description - My friend has a dual sim Lava iris 405 and i have samsung galaxy s3. we both have installed the TextSecure when i start secure session, it sends Key exchange message and its received in my friends. After that it says Received and processed key exchange message but he is unable to send me any message, it says error sending. i know its giving problem because its a dual sim phone, text secure app is not able to send sms from particular sim and giving this error. Is dual sim phone supported by textSecure?
####
Reason: It is unclear whether the indefinite noun phrase ""particular sim"" is intended to be specific or non-specific, creating multiple possible interpretations.
####
Extracted Semantic ambiguity segment: particular sim
####
Clarifying Question(s): ['When you say the app is not able to send from a particular SIM, do you mean it cannot send from a specific SIM, it cannot send from either SIM interchangeably, or something else?']
# END
Statement: Request Number - 1407 | Request Title - textsecure not an option when ""sharing"" an address book contact | Request Description - TextSecure is not an option when attempting to share a contact from the address book, in Android 4.4.2 when i select ""messaging"" it tells me ""messaging"" is not the default sms app. This would be a nice feature to have added to the app.
####
Reason: The pronoun ""it"" can point to multiple possible targets in the sentence, creating multiple interpretations.
####
Extracted Semantic ambiguity segment: it
####
Clarifying Question(s): ['When you wrote ""it tells me"", does ""it"" refer to TextSecure, the Android OS, or something else?']
# END
Statement: Request Number - 6077 | Request Title - Update libphonenumber to >=8.2.0 (Cannot send SMS to my mobile provider) | Request Description - I have:   searched open and closed issues for duplicates  read https://github.com/WhisperSystems/Signal-Android/wiki/Submitting-useful-bug-reports  Bug description. My friend made me aware of this as I'm never checking my account status via SMS, but it doesn't work for me neither. To check our account status, we have to send an SMS message to 13977, but Signal fails to deliver it. I tried sending it through the native Oneplus SMS app and it goes through just fine, with an immediate response. I can send an SMS to other people, though, so it has something to do with that number. (Signal adds +385 to it for Croatia, maybe that's it?) Steps to reproduce.  send an SMS to my provider through Signal Actual result: it doesn't go through, ""Failed to send"", ""Some issues need your attention."" Expected result: Message should go through and I should get a response. Device info. Device: OnePlus3T Android version: 7.0 Signal version: 3.27.1 Link to debug log. https://gist.github.com/anonymous/f656572561ea3a91d0f4bbdeb98e587b
####
Reason: The pronoun 'it' could point to multiple noun phrases earlier in the sentence, creating multiple possible meanings.
####
Extracted Semantic ambiguity segment: it.
####
Clarifying Question(s): ['When you wrote ""Signal fails to deliver it"", does \'it\' refer to ""an SMS message to 13977"", ""our account status"", or something else?']
# END
Request Number - 1504 | Request Title - Notification Color for Individual Contacts or Groups | Request Description - how about we edit this one too?  or just delete it..... üôà
####
Reason: It is unclear how the different noun phrases (notification color, individual contacts, groups) associate with one another in a collective/distributive sense, creating multiple possible interpretations.
####
Extracted Semantic ambiguity segment: Notification Color for Individual Contacts or Groups
####
Clarifying Question(s): ","[""Is the feature request asking for the ability to set different notification colors for each individual contact and each group specifically, or is it asking for a single notification color that applies to all individual contacts and another that applies to all groups?"", ""Should the notification color be customizable on a per-contact basis, a per-group basis, or both?"", ""Are you suggesting having distinct notification colors for each contact and group, or just one option that differentiates between contacts and groups in general?""]","['When you mention ""Notification Color for Individual Contacts or Groups,"" do you mean setting a unique notification color for each contact, each group, or both?', 'Are you suggesting the ability to assign one notification color to all individual contacts as a whole, one notification color to all groups as a whole, or different colors to different contacts and groups?']","['When you say ""Notification Color for Individual Contacts or Groups,"" do you mean setting a unique notification color for each contact, each group, collectively for all contacts or groups, or something else?']","[""When referring to 'Notification Color for Individual Contacts or Groups,' do you mean changing the notification color for each contact or group individually, modifying the notification color universally for all contacts and groups, or something else?""]","[""When discussing 'Notification Color for Individual Contacts or Groups,' are you suggesting assigning different notification colors to each individual contact and group, applying a single notification color to either all individual contacts or all groups, or something else entirely?""]","[""Does 'notification color' apply collectively to individual contacts and groups, or is it distributively meant for either individual contacts or groups separately?"", ""Are you suggesting different notification colors for contacts as opposed to groups, or should the same color feature apply to both?"", ""Is the proposal to allow color customization for each individual contact and each group independently, or for them to share a unified color setting?""]","['When you mention ""Notification Color for Individual Contacts or Groups,"" do you mean setting a unique notification color for each individual contact, each group as a whole, or something else?', 'Are you suggesting that both individual contacts and groups should share the same notification color, or should they have separate configuration options?', 'When discussing notification color, are you referring to different colors based on whether the message is from an individual contact versus a group, or customization within those categories?']","['Does ""Notification Color for Individual Contacts or Groups"" mean assigning unique colors to each contact and group, one color for all individual contacts and another for all groups, or something different?']","""Are you suggesting a notification color can be set for individual contacts specifically, only for groups, or for both individual contacts and groups collectively?"", ""Do you mean each individual contact or group can have its own unique notification color, or the same color applies to all individuals and groups?"", ""Is the proposal to choose different colors for individual contacts and a separate color for groups?""","[""When you mention 'Notification Color for Individual Contacts or Groups', do you mean having separate notification colors for individual contacts and another set for groups, having one notification color applicable to both individual contacts and groups, or something else?""]"
15,15,801-Signal,"Request Number - 801 | Request Title - Feature request: Mute Group (or any user) | Request Description - Sometimes friends in a group are discussing something I'm not interested in and my phone would go nuts vibrating and ringing all the time. A ""Mute for X minutes/hours"" feature would be awesome.",any,"When you wrote ""any user"", do you mean ""a selected user"", ""all applicable users"", or something else?","['When you wrote ""any user"", do you mean ""a selected user"", ""all applicable users"", or something else?']","Semantic ambiguity: a sentence has more than one way of reading it within its context, although it contains no lexical or syntactic ambiguity. Semantic ambiguity can be viewed as ambiguity with respect to the logical form, usually expressed in predicate logic, of a sentence.
You are a software analyst specializing in Semantic ambiguity resolution in GitHub feature requests.
Carefully read the provided statement along with the extracted Semantic ambiguity segment and the reasoning behind why the extracted text segment is considered ambiguous. Based on the information, generate clear and concise clarification questions aimed at addressing the Semantic ambiguity in the extracted text segment; include all generated clarifying questions in a single comma-separated list. Make sure to have all elements of the list in quotation marks.
Demonstrations are provided for clarity. Each demonstration is separated by the trigger word # END. Inside each demonstration, the statement, reason, extracted segment, and clarifying questions are separated using the trigger word ####. Strictly follow the provided demonstration.
Statement: Request Number - 555 | Request Title - Not working in dual sim phone | Request Description - My friend has a dual sim Lava iris 405 and i have samsung galaxy s3. we both have installed the TextSecure when i start secure session, it sends Key exchange message and its received in my friends. After that it says Received and processed key exchange message but he is unable to send me any message, it says error sending. i know its giving problem because its a dual sim phone, text secure app is not able to send sms from particular sim and giving this error. Is dual sim phone supported by textSecure?
####
Reason: It is unclear whether the indefinite noun phrase ""particular sim"" is intended to be specific or non-specific, creating multiple possible interpretations.
####
Extracted Semantic ambiguity segment: particular sim
####
Clarifying Question(s): ['When you say the app is not able to send from a particular SIM, do you mean it cannot send from a specific SIM, it cannot send from either SIM interchangeably, or something else?']
# END
Statement: Request Number - 1407 | Request Title - textsecure not an option when ""sharing"" an address book contact | Request Description - TextSecure is not an option when attempting to share a contact from the address book, in Android 4.4.2 when i select ""messaging"" it tells me ""messaging"" is not the default sms app. This would be a nice feature to have added to the app.
####
Reason: The pronoun ""it"" can point to multiple possible targets in the sentence, creating multiple interpretations.
####
Extracted Semantic ambiguity segment: it
####
Clarifying Question(s): ['When you wrote ""it tells me"", does ""it"" refer to TextSecure, the Android OS, or something else?']
# END
Statement: Request Number - 6077 | Request Title - Update libphonenumber to >=8.2.0 (Cannot send SMS to my mobile provider) | Request Description - I have:   searched open and closed issues for duplicates  read https://github.com/WhisperSystems/Signal-Android/wiki/Submitting-useful-bug-reports  Bug description. My friend made me aware of this as I'm never checking my account status via SMS, but it doesn't work for me neither. To check our account status, we have to send an SMS message to 13977, but Signal fails to deliver it. I tried sending it through the native Oneplus SMS app and it goes through just fine, with an immediate response. I can send an SMS to other people, though, so it has something to do with that number. (Signal adds +385 to it for Croatia, maybe that's it?) Steps to reproduce.  send an SMS to my provider through Signal Actual result: it doesn't go through, ""Failed to send"", ""Some issues need your attention."" Expected result: Message should go through and I should get a response. Device info. Device: OnePlus3T Android version: 7.0 Signal version: 3.27.1 Link to debug log. https://gist.github.com/anonymous/f656572561ea3a91d0f4bbdeb98e587b
####
Reason: The pronoun 'it' could point to multiple noun phrases earlier in the sentence, creating multiple possible meanings.
####
Extracted Semantic ambiguity segment: it.
####
Clarifying Question(s): ['When you wrote ""Signal fails to deliver it"", does \'it\' refer to ""an SMS message to 13977"", ""our account status"", or something else?']
# END
Request Number - 801 | Request Title - Feature request: Mute Group (or any user) | Request Description - Sometimes friends in a group are discussing something I'm not interested in and my phone would go nuts vibrating and ringing all the time. A ""Mute for X minutes/hours"" feature would be awesome.
####
Reason: The word ""any"" can have a specific or non-specific meaning, affecting the scope implied by the term and creating multiple possible meanings.
####
Extracted Semantic ambiguity segment: any
####
Clarifying Question(s): ","[""When you say 'Mute Group (or any user)', do you mean the ability to mute specific individual users, any user in the group interchangeably, or both?""]","['When you mention ""or any user,"" do you mean having the ability to mute specific, individual users, the option to mute all users except selected ones, or something else entirely?']","['When you mention the ability to mute ""any user,"" do you mean the feature should allow muting a specific individual of your choice, or should it provide the option to mute any user indiscriminately?', 'Does ""any user"" imply that the feature should enable muting of all users or groups within the app, or are you referring to users in a specific group or context?', 'When referring to ""any user,"" are you suggesting the feature engages automatically for different users based on certain criteria, or that the user manually selects an individual to mute?']","['When you say ""Mute Group (or any user),"" do you mean a specific user within the group or any user across different groups when you want to mute a group, or do you want the ability to mute any user anywhere in the app?']","['When you say ""mute any user"", do you mean you want the ability to mute a specific user of your choice, any user in the group chat interchangeably, or some other functionality?']","['When you say ""Mute Group (or any user),"" does ""any"" mean the ability to mute specific users of your choosing, or do you mean a general capability to mute all users within a group collectively or one at a time as needed?']","['When you mention ""mute any user,"" do you mean the feature would allow muting a specific user of your choice, muting users in general without specifying which ones, or something else?']","['When you mention ""Mute Group (or any user)"", do you mean the ability to mute a specific user within a group, the ability to mute any user individually outside of group settings, or both?']","['When you say ""Mute Group (or any user)"", are you referring to muting any specific user within a group, any user in general regardless of their group membership, or something else?']","[""When you refer to 'any user,' do you mean the ability to mute all users individually (i.e., having the option to mute each user one at a time) or to mute any single user of your choice at a given time?""]"
16,16,757-Signal,"Request Number - 757 | Request Title - different notification settings for group chats | Request Description - It would be very nice to be able to change the notification settings for goups independently from other (personal) chats, as group chats might have a lower priority for the user.",notification settings for goups,"When you wrote ""notification settings for all goups"", did you mean notification settings for all groups together, notification settings for each group individually, or something else?","['When you wrote ""notification settings for all goups"", did you mean notification settings for all groups together, notification settings for each group individually, or something else?']","Semantic ambiguity: a sentence has more than one way of reading it within its context, although it contains no lexical or syntactic ambiguity. Semantic ambiguity can be viewed as ambiguity with respect to the logical form, usually expressed in predicate logic, of a sentence.
You are a software analyst specializing in Semantic ambiguity resolution in GitHub feature requests.
Carefully read the provided statement along with the extracted Semantic ambiguity segment and the reasoning behind why the extracted text segment is considered ambiguous. Based on the information, generate clear and concise clarification questions aimed at addressing the Semantic ambiguity in the extracted text segment; include all generated clarifying questions in a single comma-separated list. Make sure to have all elements of the list in quotation marks.
Demonstrations are provided for clarity. Each demonstration is separated by the trigger word # END. Inside each demonstration, the statement, reason, extracted segment, and clarifying questions are separated using the trigger word ####. Strictly follow the provided demonstration.
Statement: Request Number - 555 | Request Title - Not working in dual sim phone | Request Description - My friend has a dual sim Lava iris 405 and i have samsung galaxy s3. we both have installed the TextSecure when i start secure session, it sends Key exchange message and its received in my friends. After that it says Received and processed key exchange message but he is unable to send me any message, it says error sending. i know its giving problem because its a dual sim phone, text secure app is not able to send sms from particular sim and giving this error. Is dual sim phone supported by textSecure?
####
Reason: It is unclear whether the indefinite noun phrase ""particular sim"" is intended to be specific or non-specific, creating multiple possible interpretations.
####
Extracted Semantic ambiguity segment: particular sim
####
Clarifying Question(s): ['When you say the app is not able to send from a particular SIM, do you mean it cannot send from a specific SIM, it cannot send from either SIM interchangeably, or something else?']
# END
Statement: Request Number - 1407 | Request Title - textsecure not an option when ""sharing"" an address book contact | Request Description - TextSecure is not an option when attempting to share a contact from the address book, in Android 4.4.2 when i select ""messaging"" it tells me ""messaging"" is not the default sms app. This would be a nice feature to have added to the app.
####
Reason: The pronoun ""it"" can point to multiple possible targets in the sentence, creating multiple interpretations.
####
Extracted Semantic ambiguity segment: it
####
Clarifying Question(s): ['When you wrote ""it tells me"", does ""it"" refer to TextSecure, the Android OS, or something else?']
# END
Statement: Request Number - 6077 | Request Title - Update libphonenumber to >=8.2.0 (Cannot send SMS to my mobile provider) | Request Description - I have:   searched open and closed issues for duplicates  read https://github.com/WhisperSystems/Signal-Android/wiki/Submitting-useful-bug-reports  Bug description. My friend made me aware of this as I'm never checking my account status via SMS, but it doesn't work for me neither. To check our account status, we have to send an SMS message to 13977, but Signal fails to deliver it. I tried sending it through the native Oneplus SMS app and it goes through just fine, with an immediate response. I can send an SMS to other people, though, so it has something to do with that number. (Signal adds +385 to it for Croatia, maybe that's it?) Steps to reproduce.  send an SMS to my provider through Signal Actual result: it doesn't go through, ""Failed to send"", ""Some issues need your attention."" Expected result: Message should go through and I should get a response. Device info. Device: OnePlus3T Android version: 7.0 Signal version: 3.27.1 Link to debug log. https://gist.github.com/anonymous/f656572561ea3a91d0f4bbdeb98e587b
####
Reason: The pronoun 'it' could point to multiple noun phrases earlier in the sentence, creating multiple possible meanings.
####
Extracted Semantic ambiguity segment: it.
####
Clarifying Question(s): ['When you wrote ""Signal fails to deliver it"", does \'it\' refer to ""an SMS message to 13977"", ""our account status"", or something else?']
# END
Request Number - 757 | Request Title - different notification settings for group chats | Request Description - It would be very nice to be able to change the notification settings for goups independently from other (personal) chats, as group chats might have a lower priority for the user.
####
Reason: The interaction between the term ""settings"" and the plural ""groups"" can be interpreted as having the collective scope of ""all groups"" or the distributive scope of ""each group"", which creates multiple possible interpretations.
####
Extracted Semantic ambiguity segment: notification settings for goups
####
Clarifying Question(s): ","['When you refer to changing ""notification settings for groups"", do you mean changing the settings collectively for all group chats at once, individually for each group chat, or some other approach?']","""When you mention 'notification settings for groups', do you mean a single universal setting that applies to all group chats collectively, or do you want the ability to set different notification preferences for each group chat individually?""","['When you mention changing notification settings for groups, do you mean having the same settings applied to all group chats collectively, or having different settings available for each group individually?']","['When you mention ""notification settings for groups,"" do you mean settings that apply to all groups collectively, settings that can be customized for each group individually, or something else?']","['When you mention ""notification settings for groups,"" do you mean changing settings for all groups collectively at once or customizing settings for each group individually?']","['When you mention ""notification settings for groups,"" are you referring to a collective setting that applies to all group chats simultaneously, or do you mean individual settings for each group chat separately?']","['When you refer to changing notification settings for groups, do you mean changing the settings collectively for all group chats simultaneously, or individually for each group chat separately?']","""Do you want the ability to change the notification settings collectively for all groups together, or should it be possible to change the notification settings individually for each group separately, or something else?""","['When you mention ""notification settings for groups"", are you referring to having one set of settings applied to all groups collectively, or having the option to set different notification settings for each group individually?']","[""When you mention 'notification settings for groups', do you mean having one setting that applies collectively to all group chats, or having separate settings that can be customized for each individual group chat?""]"
17,17,2055-Signal,"Request Number - 2055 | Request Title - use delivery receipts to show message received time for outgoing messages | Request Description - After long pressing on a message and selecting the info button, the message details are shown. This includes the sent and received times for incoming messages. For outgoing messages, in contrast, only one Sent/Received time is displayed, probably containing sent time. Now that delivery receipts are implemented, it would be possible to display the received time for outgoing messages (by taking the sent time from the receipt). Or to make it more precise, let the receipt message piggybag the real received time. This would make the user interface more consistent. When this is rejected for some reasons, I suggest renaming the ""Sent/Received"" label for outgoing messages to ""Sent"" because this is what it really is about.",it,"What do you mean by ""it"" when you stated, ""because this is what it really is about""?","['What do you mean by ""it"" when you stated, ""because this is what it really is about""?']","Semantic ambiguity: a sentence has more than one way of reading it within its context, although it contains no lexical or syntactic ambiguity. Semantic ambiguity can be viewed as ambiguity with respect to the logical form, usually expressed in predicate logic, of a sentence.
You are a software analyst specializing in Semantic ambiguity resolution in GitHub feature requests.
Carefully read the provided statement along with the extracted Semantic ambiguity segment and the reasoning behind why the extracted text segment is considered ambiguous. Based on the information, generate clear and concise clarification questions aimed at addressing the Semantic ambiguity in the extracted text segment; include all generated clarifying questions in a single comma-separated list. Make sure to have all elements of the list in quotation marks.
Demonstrations are provided for clarity. Each demonstration is separated by the trigger word # END. Inside each demonstration, the statement, reason, extracted segment, and clarifying questions are separated using the trigger word ####. Strictly follow the provided demonstration.
Statement: Request Number - 555 | Request Title - Not working in dual sim phone | Request Description - My friend has a dual sim Lava iris 405 and i have samsung galaxy s3. we both have installed the TextSecure when i start secure session, it sends Key exchange message and its received in my friends. After that it says Received and processed key exchange message but he is unable to send me any message, it says error sending. i know its giving problem because its a dual sim phone, text secure app is not able to send sms from particular sim and giving this error. Is dual sim phone supported by textSecure?
####
Reason: It is unclear whether the indefinite noun phrase ""particular sim"" is intended to be specific or non-specific, creating multiple possible interpretations.
####
Extracted Semantic ambiguity segment: particular sim
####
Clarifying Question(s): ['When you say the app is not able to send from a particular SIM, do you mean it cannot send from a specific SIM, it cannot send from either SIM interchangeably, or something else?']
# END
Statement: Request Number - 1407 | Request Title - textsecure not an option when ""sharing"" an address book contact | Request Description - TextSecure is not an option when attempting to share a contact from the address book, in Android 4.4.2 when i select ""messaging"" it tells me ""messaging"" is not the default sms app. This would be a nice feature to have added to the app.
####
Reason: The pronoun ""it"" can point to multiple possible targets in the sentence, creating multiple interpretations.
####
Extracted Semantic ambiguity segment: it
####
Clarifying Question(s): ['When you wrote ""it tells me"", does ""it"" refer to TextSecure, the Android OS, or something else?']
# END
Statement: Request Number - 6077 | Request Title - Update libphonenumber to >=8.2.0 (Cannot send SMS to my mobile provider) | Request Description - I have:   searched open and closed issues for duplicates  read https://github.com/WhisperSystems/Signal-Android/wiki/Submitting-useful-bug-reports  Bug description. My friend made me aware of this as I'm never checking my account status via SMS, but it doesn't work for me neither. To check our account status, we have to send an SMS message to 13977, but Signal fails to deliver it. I tried sending it through the native Oneplus SMS app and it goes through just fine, with an immediate response. I can send an SMS to other people, though, so it has something to do with that number. (Signal adds +385 to it for Croatia, maybe that's it?) Steps to reproduce.  send an SMS to my provider through Signal Actual result: it doesn't go through, ""Failed to send"", ""Some issues need your attention."" Expected result: Message should go through and I should get a response. Device info. Device: OnePlus3T Android version: 7.0 Signal version: 3.27.1 Link to debug log. https://gist.github.com/anonymous/f656572561ea3a91d0f4bbdeb98e587b
####
Reason: The pronoun 'it' could point to multiple noun phrases earlier in the sentence, creating multiple possible meanings.
####
Extracted Semantic ambiguity segment: it.
####
Clarifying Question(s): ['When you wrote ""Signal fails to deliver it"", does \'it\' refer to ""an SMS message to 13977"", ""our account status"", or something else?']
# END
Request Number - 2055 | Request Title - use delivery receipts to show message received time for outgoing messages | Request Description - After long pressing on a message and selecting the info button, the message details are shown. This includes the sent and received times for incoming messages. For outgoing messages, in contrast, only one Sent/Received time is displayed, probably containing sent time. Now that delivery receipts are implemented, it would be possible to display the received time for outgoing messages (by taking the sent time from the receipt). Or to make it more precise, let the receipt message piggybag the real received time. This would make the user interface more consistent. When this is rejected for some reasons, I suggest renaming the ""Sent/Received"" label for outgoing messages to ""Sent"" because this is what it really is about.
####
Reason: ""it"" can refer to two references in the same sentence. 
####
Extracted Semantic ambiguity segment: it
####
Clarifying Question(s): ","['In the sentence ""Now that delivery receipts are implemented, it would be possible to display the received time for outgoing messages,"" does ""it"" refer to the implementation of delivery receipts or something else?']","['When you say ""it would be possible to display the received time for outgoing messages,"" does ""it"" refer to the ability to display the received time using delivery receipts, the ability to display it at all, or something else?']","""When you mentioned 'it would be possible to display the received time for outgoing messages,' does 'it' refer to 'delivery receipts,' 'the implementation process,' or something else?"", ""When you wrote 'piggybag the real received time,' does 'it' refer to 'the receipt message,' 'the received time,' or something else?""","['When you wrote ""it would be possible to display the received time for outgoing messages,"" does ""it"" refer to displaying the received time being possible or to using the delivery receipt for this purpose?']","['When you mention ""Now that delivery receipts are implemented, it would be possible to display the received time for outgoing messages,"" does ""it"" refer to the possibility of displaying the received time or the implementation of delivery receipts?', 'In the sentence ""Or to make it more precise, let the receipt message piggybag the real received time,"" does ""it"" refer to making the receipt message more precise or something else?']","['In the sentence ""Now that delivery receipts are implemented, it would be possible to display the received time for outgoing messages,"" does ""it"" refer to the implementation of delivery receipts or the interface change needed to show the received time?']","['When you wrote ""it would be possible to display the received time for outgoing messages,"" does ""it"" refer to the feature of displaying the received time, the receipt message, or something else?', 'In the phrase ""let the receipt message piggyback the real received time,"" does ""it"" refer to the receipt message or another aspect of the process?']","[""When you mention 'it would be possible to display the received time for outgoing messages', does 'it' refer to the action of displaying the received time or the feature of delivery receipts?"", ""When you say 'this is what it really is about', does 'it' refer to the 'Sent/Received' label or something else?""]","['When you say ""it would be possible to display the received time for outgoing messages,"" does ""it"" refer to the feature of displaying the received time or to the act of implementing the feature using delivery receipts?', 'In the phrase ""Or to make it more precise, let the receipt message piggybag the real received time,"" does ""it"" refer to making the displayed message time more accurate or the process of using the receipt for precision?']","['In the sentence ""Or to make it more precise, let the receipt message piggyback the real received time,"" does ""it"" refer to ""the receipt message"" or ""the action of making it more precise""?']"
18,18,604-Signal,"Request Number - 604 | Request Title - Number registration (for push messaging) doesn't work with Google Voice | Request Description - The new push based TextSecure doesn't seem to like using Google Voice numbers (which are then forwarded to my phone's real number via SMS).  Although there are of course privacy downsides associated with letting Google see all of your incoming/outgoing SMS data, there are also serious privacy harms associated with letting people know your actual phone number, rather than a number that will just forward texts to you* The first step of the TextSecure number registration process (""Connecting"") works fine. An incoming text message with the verification code is received by the default Android SMS app, but TextSecure doesn't catch it. Thankfully, after 2 minutes of waiting, I am given the opportunity verify by voice, which does work.",it.,"When you wrote ""TextSecure doesn't catch it"", do you mean ""TextSecure doesn't catch the message"", ""TextSecure doesn't catch the verification code"", or something else?","['When you wrote ""TextSecure doesn\'t catch it"", do you mean ""TextSecure doesn\'t catch the message"", ""TextSecure doesn\'t catch the verification code"", or something else?']","Semantic ambiguity: a sentence has more than one way of reading it within its context, although it contains no lexical or syntactic ambiguity. Semantic ambiguity can be viewed as ambiguity with respect to the logical form, usually expressed in predicate logic, of a sentence.
You are a software analyst specializing in Semantic ambiguity resolution in GitHub feature requests.
Carefully read the provided statement along with the extracted Semantic ambiguity segment and the reasoning behind why the extracted text segment is considered ambiguous. Based on the information, generate clear and concise clarification questions aimed at addressing the Semantic ambiguity in the extracted text segment; include all generated clarifying questions in a single comma-separated list. Make sure to have all elements of the list in quotation marks.
Demonstrations are provided for clarity. Each demonstration is separated by the trigger word # END. Inside each demonstration, the statement, reason, extracted segment, and clarifying questions are separated using the trigger word ####. Strictly follow the provided demonstration.
Statement: Request Number - 555 | Request Title - Not working in dual sim phone | Request Description - My friend has a dual sim Lava iris 405 and i have samsung galaxy s3. we both have installed the TextSecure when i start secure session, it sends Key exchange message and its received in my friends. After that it says Received and processed key exchange message but he is unable to send me any message, it says error sending. i know its giving problem because its a dual sim phone, text secure app is not able to send sms from particular sim and giving this error. Is dual sim phone supported by textSecure?
####
Reason: It is unclear whether the indefinite noun phrase ""particular sim"" is intended to be specific or non-specific, creating multiple possible interpretations.
####
Extracted Semantic ambiguity segment: particular sim
####
Clarifying Question(s): ['When you say the app is not able to send from a particular SIM, do you mean it cannot send from a specific SIM, it cannot send from either SIM interchangeably, or something else?']
# END
Statement: Request Number - 1407 | Request Title - textsecure not an option when ""sharing"" an address book contact | Request Description - TextSecure is not an option when attempting to share a contact from the address book, in Android 4.4.2 when i select ""messaging"" it tells me ""messaging"" is not the default sms app. This would be a nice feature to have added to the app.
####
Reason: The pronoun ""it"" can point to multiple possible targets in the sentence, creating multiple interpretations.
####
Extracted Semantic ambiguity segment: it
####
Clarifying Question(s): ['When you wrote ""it tells me"", does ""it"" refer to TextSecure, the Android OS, or something else?']
# END
Statement: Request Number - 6077 | Request Title - Update libphonenumber to >=8.2.0 (Cannot send SMS to my mobile provider) | Request Description - I have:   searched open and closed issues for duplicates  read https://github.com/WhisperSystems/Signal-Android/wiki/Submitting-useful-bug-reports  Bug description. My friend made me aware of this as I'm never checking my account status via SMS, but it doesn't work for me neither. To check our account status, we have to send an SMS message to 13977, but Signal fails to deliver it. I tried sending it through the native Oneplus SMS app and it goes through just fine, with an immediate response. I can send an SMS to other people, though, so it has something to do with that number. (Signal adds +385 to it for Croatia, maybe that's it?) Steps to reproduce.  send an SMS to my provider through Signal Actual result: it doesn't go through, ""Failed to send"", ""Some issues need your attention."" Expected result: Message should go through and I should get a response. Device info. Device: OnePlus3T Android version: 7.0 Signal version: 3.27.1 Link to debug log. https://gist.github.com/anonymous/f656572561ea3a91d0f4bbdeb98e587b
####
Reason: The pronoun 'it' could point to multiple noun phrases earlier in the sentence, creating multiple possible meanings.
####
Extracted Semantic ambiguity segment: it.
####
Clarifying Question(s): ['When you wrote ""Signal fails to deliver it"", does \'it\' refer to ""an SMS message to 13977"", ""our account status"", or something else?']
# END
Request Number - 604 | Request Title - Number registration (for push messaging) doesn't work with Google Voice | Request Description - The new push based TextSecure doesn't seem to like using Google Voice numbers (which are then forwarded to my phone's real number via SMS).  Although there are of course privacy downsides associated with letting Google see all of your incoming/outgoing SMS data, there are also serious privacy harms associated with letting people know your actual phone number, rather than a number that will just forward texts to you* The first step of the TextSecure number registration process (""Connecting"") works fine. An incoming text message with the verification code is received by the default Android SMS app, but TextSecure doesn't catch it. Thankfully, after 2 minutes of waiting, I am given the opportunity verify by voice, which does work.
####
Reason: The pronoun 'it' can refer to two different targets in the sentence, changing the nature of the problem based on the interpretation.
####
Extracted Semantic ambiguity segment: it.
####
Clarifying Question(s): ","""When you say 'TextSecure doesn't catch it', does 'it' refer to the verification code, the incoming text message, or something else?""","""When you wrote 'TextSecure doesn't catch it', does 'it' refer to the 'incoming text message with the verification code' or something else?""","['In the sentence ""TextSecure doesn\'t catch it,"" does ""it"" refer to ""the verification code"" or ""the incoming text message with the verification code""?']","['In the context of ""TextSecure doesn\'t catch it,"" does ""it"" refer to the ""incoming text message with the verification code"" or something else?']","['When you mentioned ""TextSecure doesn\'t catch it,"" does ""it"" refer to the incoming text message with the verification code or something else?']","['When you wrote ""TextSecure doesn\'t catch it"", does \'it\' refer to ""the incoming text message with the verification code"" or the general act of registration?']","['When you wrote ""TextSecure doesn\'t catch it"", does ""it"" refer to ""an incoming text message with the verification code"" or ""the opportunity to verify by voice""?']","['When you wrote ""TextSecure doesn\'t catch it,"" does \'it\' refer to ""an incoming text message with the verification code"" or something else?']","""When you wrote 'TextSecure doesn't catch it,' does 'it' refer to 'the verification code' or 'the incoming text message'?""","['When you state ""TextSecure doesn\'t catch it,"" are you referring to ""an incoming text message with the verification code"" or ""Google Voice numbers forwarded to your phone\'s real number via SMS""?']"
19,19,6069-Signal,"Request Number - 6069 | Request Title - Unread notification badges do not work on Huawei EMUI | Request Description - I have:   searched open and closed issues for duplicates  read https://github.com/WhisperSystems/Signal-Android/wiki/Submitting-useful-bug-reports  Bug description. I've installed Signal on a Honor 8 (made by Huawei) with EMUI 4.1 (Android 6.0). I've noticed that Signal receives notifications on new messages and they are also listed in the notification area, but the unread notifications badge on the app icon on the home screen is not shown. In Signal support articles there is mentioned, that badge icons are supported for some launchers, see https://support.whispersystems.org/hc/en-us/articles/215766077-How-can-I-see-my-unread-badge-count-What-launcher-should-I-use- So far I could not find out if this is a Signal or EMUI problem, but Threema and Conversations show the notification badges. Device info. Device: Honor 8 Android version: 6.0 Signal version: 3.26.2",they,"When you wrote ""they are also listed in the notification area"", does 'they' refer to 'notifications', 'messages', or something else?","['When you wrote ""they are also listed in the notification area"", does \'they\' refer to \'notifications\', \'messages\', or something else?']","Semantic ambiguity: a sentence has more than one way of reading it within its context, although it contains no lexical or syntactic ambiguity. Semantic ambiguity can be viewed as ambiguity with respect to the logical form, usually expressed in predicate logic, of a sentence.
You are a software analyst specializing in Semantic ambiguity resolution in GitHub feature requests.
Carefully read the provided statement along with the extracted Semantic ambiguity segment and the reasoning behind why the extracted text segment is considered ambiguous. Based on the information, generate clear and concise clarification questions aimed at addressing the Semantic ambiguity in the extracted text segment; include all generated clarifying questions in a single comma-separated list. Make sure to have all elements of the list in quotation marks.
Demonstrations are provided for clarity. Each demonstration is separated by the trigger word # END. Inside each demonstration, the statement, reason, extracted segment, and clarifying questions are separated using the trigger word ####. Strictly follow the provided demonstration.
Statement: Request Number - 555 | Request Title - Not working in dual sim phone | Request Description - My friend has a dual sim Lava iris 405 and i have samsung galaxy s3. we both have installed the TextSecure when i start secure session, it sends Key exchange message and its received in my friends. After that it says Received and processed key exchange message but he is unable to send me any message, it says error sending. i know its giving problem because its a dual sim phone, text secure app is not able to send sms from particular sim and giving this error. Is dual sim phone supported by textSecure?
####
Reason: It is unclear whether the indefinite noun phrase ""particular sim"" is intended to be specific or non-specific, creating multiple possible interpretations.
####
Extracted Semantic ambiguity segment: particular sim
####
Clarifying Question(s): ['When you say the app is not able to send from a particular SIM, do you mean it cannot send from a specific SIM, it cannot send from either SIM interchangeably, or something else?']
# END
Statement: Request Number - 1407 | Request Title - textsecure not an option when ""sharing"" an address book contact | Request Description - TextSecure is not an option when attempting to share a contact from the address book, in Android 4.4.2 when i select ""messaging"" it tells me ""messaging"" is not the default sms app. This would be a nice feature to have added to the app.
####
Reason: The pronoun ""it"" can point to multiple possible targets in the sentence, creating multiple interpretations.
####
Extracted Semantic ambiguity segment: it
####
Clarifying Question(s): ['When you wrote ""it tells me"", does ""it"" refer to TextSecure, the Android OS, or something else?']
# END
Statement: Request Number - 6077 | Request Title - Update libphonenumber to >=8.2.0 (Cannot send SMS to my mobile provider) | Request Description - I have:   searched open and closed issues for duplicates  read https://github.com/WhisperSystems/Signal-Android/wiki/Submitting-useful-bug-reports  Bug description. My friend made me aware of this as I'm never checking my account status via SMS, but it doesn't work for me neither. To check our account status, we have to send an SMS message to 13977, but Signal fails to deliver it. I tried sending it through the native Oneplus SMS app and it goes through just fine, with an immediate response. I can send an SMS to other people, though, so it has something to do with that number. (Signal adds +385 to it for Croatia, maybe that's it?) Steps to reproduce.  send an SMS to my provider through Signal Actual result: it doesn't go through, ""Failed to send"", ""Some issues need your attention."" Expected result: Message should go through and I should get a response. Device info. Device: OnePlus3T Android version: 7.0 Signal version: 3.27.1 Link to debug log. https://gist.github.com/anonymous/f656572561ea3a91d0f4bbdeb98e587b
####
Reason: The pronoun 'it' could point to multiple noun phrases earlier in the sentence, creating multiple possible meanings.
####
Extracted Semantic ambiguity segment: it.
####
Clarifying Question(s): ['When you wrote ""Signal fails to deliver it"", does \'it\' refer to ""an SMS message to 13977"", ""our account status"", or something else?']
# END
Request Number - 6069 | Request Title - Unread notification badges do not work on Huawei EMUI | Request Description - I have:   searched open and closed issues for duplicates  read https://github.com/WhisperSystems/Signal-Android/wiki/Submitting-useful-bug-reports  Bug description. I've installed Signal on a Honor 8 (made by Huawei) with EMUI 4.1 (Android 6.0). I've noticed that Signal receives notifications on new messages and they are also listed in the notification area, but the unread notifications badge on the app icon on the home screen is not shown. In Signal support articles there is mentioned, that badge icons are supported for some launchers, see https://support.whispersystems.org/hc/en-us/articles/215766077-How-can-I-see-my-unread-badge-count-What-launcher-should-I-use- So far I could not find out if this is a Signal or EMUI problem, but Threema and Conversations show the notification badges. Device info. Device: Honor 8 Android version: 6.0 Signal version: 3.26.2
####
Reason: The pronoun ""they"" can point to two possible targets in the sentence, creating multiple possible interpretations.
####
Extracted Semantic ambiguity segment: they
####
Clarifying Question(s): ","['When you mentioned ""they are also listed in the notification area,"" does ""they"" refer to the new messages, the notifications themselves, or something else?']","""When you mention that 'they are also listed in the notification area,' does 'they' refer to the notifications themselves or to the unread notification badges?""","['When you mention ""they are also listed in the notification area,"" does ""they"" refer to the notifications or the messages, or something else?']","[""In the sentence, 'Signal receives notifications on new messages and they are also listed in the notification area,' does 'they' refer to the notifications, the new messages, or something else?""]","['When you wrote ""they are also listed in the notification area,"" does ""they"" refer to the notifications in general, the unread notifications, or something else?']","[""When you wrote 'they are also listed in the notification area', does 'they' refer to 'notifications on new messages', 'new messages themselves', or something else?""]","""When you mention 'they are also listed in the notification area,' does 'they' refer to the notifications themselves or the new messages?""","""When you mention 'they are also listed in the notification area,' does 'they' refer to the notifications themselves, the new messages, or something else?""","['When you wrote ""they are also listed in the notification area"", does ""they"" refer to the notifications themselves or the unread messages, or something else?']","['When you wrote ""they are also listed in the notification area,"" does ""they"" refer to the notifications on new messages or the unread notification badges?']"
20,20,2055-Signal,"Request Number - 2055 | Request Title - use delivery receipts to show message received time for outgoing messages | Request Description - After long pressing on a message and selecting the info button, the message details are shown. This includes the sent and received times for incoming messages. For outgoing messages, in contrast, only one Sent/Received time is displayed, probably containing sent time. Now that delivery receipts are implemented, it would be possible to display the received time for outgoing messages (by taking the sent time from the receipt). Or to make it more precise, let the receipt message piggybag the real received time. This would make the user interface more consistent. When this is rejected for some reasons, I suggest renaming the ""Sent/Received"" label for outgoing messages to ""Sent"" because this is what it really is about.","only one Sent/Received time is displayed,",What time receipt is shown for an outgoing message?,['What time receipt is shown for an outgoing message?'],"Semantic ambiguity: a sentence has more than one way of reading it within its context, although it contains no lexical or syntactic ambiguity. Semantic ambiguity can be viewed as ambiguity with respect to the logical form, usually expressed in predicate logic, of a sentence.
You are a software analyst specializing in Semantic ambiguity resolution in GitHub feature requests.
Carefully read the provided statement along with the extracted Semantic ambiguity segment and the reasoning behind why the extracted text segment is considered ambiguous. Based on the information, generate clear and concise clarification questions aimed at addressing the Semantic ambiguity in the extracted text segment; include all generated clarifying questions in a single comma-separated list. Make sure to have all elements of the list in quotation marks.
Demonstrations are provided for clarity. Each demonstration is separated by the trigger word # END. Inside each demonstration, the statement, reason, extracted segment, and clarifying questions are separated using the trigger word ####. Strictly follow the provided demonstration.
Statement: Request Number - 555 | Request Title - Not working in dual sim phone | Request Description - My friend has a dual sim Lava iris 405 and i have samsung galaxy s3. we both have installed the TextSecure when i start secure session, it sends Key exchange message and its received in my friends. After that it says Received and processed key exchange message but he is unable to send me any message, it says error sending. i know its giving problem because its a dual sim phone, text secure app is not able to send sms from particular sim and giving this error. Is dual sim phone supported by textSecure?
####
Reason: It is unclear whether the indefinite noun phrase ""particular sim"" is intended to be specific or non-specific, creating multiple possible interpretations.
####
Extracted Semantic ambiguity segment: particular sim
####
Clarifying Question(s): ['When you say the app is not able to send from a particular SIM, do you mean it cannot send from a specific SIM, it cannot send from either SIM interchangeably, or something else?']
# END
Statement: Request Number - 1407 | Request Title - textsecure not an option when ""sharing"" an address book contact | Request Description - TextSecure is not an option when attempting to share a contact from the address book, in Android 4.4.2 when i select ""messaging"" it tells me ""messaging"" is not the default sms app. This would be a nice feature to have added to the app.
####
Reason: The pronoun ""it"" can point to multiple possible targets in the sentence, creating multiple interpretations.
####
Extracted Semantic ambiguity segment: it
####
Clarifying Question(s): ['When you wrote ""it tells me"", does ""it"" refer to TextSecure, the Android OS, or something else?']
# END
Statement: Request Number - 6077 | Request Title - Update libphonenumber to >=8.2.0 (Cannot send SMS to my mobile provider) | Request Description - I have:   searched open and closed issues for duplicates  read https://github.com/WhisperSystems/Signal-Android/wiki/Submitting-useful-bug-reports  Bug description. My friend made me aware of this as I'm never checking my account status via SMS, but it doesn't work for me neither. To check our account status, we have to send an SMS message to 13977, but Signal fails to deliver it. I tried sending it through the native Oneplus SMS app and it goes through just fine, with an immediate response. I can send an SMS to other people, though, so it has something to do with that number. (Signal adds +385 to it for Croatia, maybe that's it?) Steps to reproduce.  send an SMS to my provider through Signal Actual result: it doesn't go through, ""Failed to send"", ""Some issues need your attention."" Expected result: Message should go through and I should get a response. Device info. Device: OnePlus3T Android version: 7.0 Signal version: 3.27.1 Link to debug log. https://gist.github.com/anonymous/f656572561ea3a91d0f4bbdeb98e587b
####
Reason: The pronoun 'it' could point to multiple noun phrases earlier in the sentence, creating multiple possible meanings.
####
Extracted Semantic ambiguity segment: it.
####
Clarifying Question(s): ['When you wrote ""Signal fails to deliver it"", does \'it\' refer to ""an SMS message to 13977"", ""our account status"", or something else?']
# END
Request Number - 2055 | Request Title - use delivery receipts to show message received time for outgoing messages | Request Description - After long pressing on a message and selecting the info button, the message details are shown. This includes the sent and received times for incoming messages. For outgoing messages, in contrast, only one Sent/Received time is displayed, probably containing sent time. Now that delivery receipts are implemented, it would be possible to display the received time for outgoing messages (by taking the sent time from the receipt). Or to make it more precise, let the receipt message piggybag the real received time. This would make the user interface more consistent. When this is rejected for some reasons, I suggest renaming the ""Sent/Received"" label for outgoing messages to ""Sent"" because this is what it really is about.
####
Reason: There are quantifiers ""only one"" and also ""/"" in the sentence. In this case, sent/received can be interpreted in two different ways: (1) sent or received. (2) sent and received as one token. 
####
Extracted Semantic ambiguity segment: only one Sent/Received time is displayed,
####
Clarifying Question(s): ","['When you say ""only one Sent/Received time is displayed,"" do you mean that there is only one time shown that could either be sent or received, or that the time displayed is a combination of sent and received as one token?']","[""When you mention 'only one Sent/Received time is displayed', do you mean it should be interpreted as either sent or received, or do you mean they are combined and shown as a single token?""]","['When you mention ""only one Sent/Received time is displayed,"" do you mean that only one timestamp is shown for both sent and received, or is it meant to represent either sent or received as separate events?', 'Regarding the use of ""/"", does it imply that the time stamp refers to both sent and received as a single event, or is it distinguishing between the two events?']","['When you mention ""only one Sent/Received time is displayed,"" do you mean that it should be displayed as either only ""Sent"" or only ""Received,"" or that it is showing a combined ""Sent and Received"" time as a single token?']","['When you mention ""only one Sent/Received time is displayed,"" do you mean there is a combined ""Sent/Received"" time being shown as one token, or is it just showing a ""Sent"" or ""Received"" time and not both?', 'Does ""Sent/Received"" refer to two separate times being displayed together or a single combined time indication?']","['When you say ""only one Sent/Received time is displayed,"" do you mean that there is only one timestamp that could be either for ""Sent"" or ""Received,"" or do you mean that ""Sent and Received"" are shown as a single combined timestamp?']","['When you mention ""only one Sent/Received time is displayed,"" do you mean that only either sent or received time is shown, or that the displayed time represents both sent and received as a single piece of information?']","[""When you mention 'only one Sent/Received time is displayed', do you mean that 'Sent/Received' refers to one combined timestamp for both actions, or are you referring to a timestamp that could be for either 'Sent' or 'Received' separately?""]","[""When you mention 'only one Sent/Received time is displayed', do you mean that either the sent or the received time is displayed, or that a combined time for both sent and received is displayed as a single value?""]","['When you mention ""only one Sent/Received time is displayed,"" do you mean it shows only either sent or received time as a single piece of information, or that sent and received are combined as a single piece of information?']"
21,21,1504-Signal,Request Number - 1504 | Request Title - Notification Color for Individual Contacts or Groups | Request Description - how about we edit this one too?  or just delete it..... üôà,Notification Color for Individual Contacts or Groups,"When writing ""notification color for individual contacts or groups"", are you suggesting one color for all individual contacts and one different color for all group messages, one different color for each individual and group, one color for all individual contact and group message notifications (to differentiate user communications from system or other types of notifications), or something else?","['When writing ""notification color for individual contacts or groups"", are you suggesting one color for all individual contacts and one different color for all group messages, one different color for each individual and group, one color for all individual contact and group message notifications (to differentiate user communications from system or other types of notifications), or something else?']","Semantic ambiguity: a sentence has more than one way of reading it within its context, although it contains no lexical or syntactic ambiguity. Semantic ambiguity can be viewed as ambiguity with respect to the logical form, usually expressed in predicate logic, of a sentence.
You are a software analyst specializing in Semantic ambiguity resolution in GitHub feature requests.
Carefully read the provided statement along with the extracted Semantic ambiguity segment and the reasoning behind why the extracted text segment is considered ambiguous. Based on the information, generate clear and concise clarification questions aimed at addressing the Semantic ambiguity in the extracted text segment; include all generated clarifying questions in a single comma-separated list. Make sure to have all elements of the list in quotation marks.
Demonstrations are provided for clarity. Each demonstration is separated by the trigger word # END. Inside each demonstration, the statement, reason, extracted segment, and clarifying questions are separated using the trigger word ####. Strictly follow the provided demonstration.
Statement: Request Number - 555 | Request Title - Not working in dual sim phone | Request Description - My friend has a dual sim Lava iris 405 and i have samsung galaxy s3. we both have installed the TextSecure when i start secure session, it sends Key exchange message and its received in my friends. After that it says Received and processed key exchange message but he is unable to send me any message, it says error sending. i know its giving problem because its a dual sim phone, text secure app is not able to send sms from particular sim and giving this error. Is dual sim phone supported by textSecure?
####
Reason: It is unclear whether the indefinite noun phrase ""particular sim"" is intended to be specific or non-specific, creating multiple possible interpretations.
####
Extracted Semantic ambiguity segment: particular sim
####
Clarifying Question(s): ['When you say the app is not able to send from a particular SIM, do you mean it cannot send from a specific SIM, it cannot send from either SIM interchangeably, or something else?']
# END
Statement: Request Number - 6077 | Request Title - Update libphonenumber to >=8.2.0 (Cannot send SMS to my mobile provider) | Request Description - I have:   searched open and closed issues for duplicates  read https://github.com/WhisperSystems/Signal-Android/wiki/Submitting-useful-bug-reports  Bug description. My friend made me aware of this as I'm never checking my account status via SMS, but it doesn't work for me neither. To check our account status, we have to send an SMS message to 13977, but Signal fails to deliver it. I tried sending it through the native Oneplus SMS app and it goes through just fine, with an immediate response. I can send an SMS to other people, though, so it has something to do with that number. (Signal adds +385 to it for Croatia, maybe that's it?) Steps to reproduce.  send an SMS to my provider through Signal Actual result: it doesn't go through, ""Failed to send"", ""Some issues need your attention."" Expected result: Message should go through and I should get a response. Device info. Device: OnePlus3T Android version: 7.0 Signal version: 3.27.1 Link to debug log. https://gist.github.com/anonymous/f656572561ea3a91d0f4bbdeb98e587b
####
Reason: The pronoun 'it' could point to multiple noun phrases earlier in the sentence, creating multiple possible meanings.
####
Extracted Semantic ambiguity segment: it.
####
Clarifying Question(s): ['When you wrote ""Signal fails to deliver it"", does \'it\' refer to ""an SMS message to 13977"", ""our account status"", or something else?']
# END
Statement: Request Number - 1407 | Request Title - textsecure not an option when ""sharing"" an address book contact | Request Description - TextSecure is not an option when attempting to share a contact from the address book, in Android 4.4.2 when i select ""messaging"" it tells me ""messaging"" is not the default sms app. This would be a nice feature to have added to the app.
####
Reason: The pronoun ""it"" can point to multiple possible targets in the sentence, creating multiple interpretations.
####
Extracted Semantic ambiguity segment: it
####
Clarifying Question(s): ['When you wrote ""it tells me"", does ""it"" refer to TextSecure, the Android OS, or something else?']
# END
Request Number - 1504 | Request Title - Notification Color for Individual Contacts or Groups | Request Description - how about we edit this one too?  or just delete it..... üôà
####
Reason: It is unclear how the different noun phrases (notification color, individual contacts, groups) associate with one another in a collective/distributive sense, creating multiple possible interpretations.
####
Extracted Semantic ambiguity segment: Notification Color for Individual Contacts or Groups
####
Clarifying Question(s): ","['When you mention ""Notification Color for Individual Contacts or Groups"", do you mean setting a unique notification color for each individual contact and group separately, setting a common notification color for either individual contacts or groups collectively, or something else?']","""When you mention 'Notification Color for Individual Contacts or Groups', do you mean setting a unique notification color for each individual contact and for each group separately, or one color that applies collectively to all individual contacts and another to all groups, or something else?""","['When mentioning ""Notification Color for Individual Contacts or Groups"", are you suggesting that each individual contact or group should have a distinct notification color, or should there be a shared color scheme applicable collectively to contacts and groups?', 'Does the proposed notification color apply separately to each member within a group or to the group as a whole?', 'Are you considering a feature where users can customize notification colors uniquely for each contact compared to entire groups, or is it more of a general setting applicable across all contacts and groups?']","['When you mention ""Notification Color for Individual Contacts or Groups"", are you suggesting that each contact should have its own distinct notification color, each group should have a distinct color, or something else?', 'Are you referring to having a customizable notification color for each contact individually, each group collectively, or both?', 'Do you mean that the notification color should be applied to individual contacts within a group as well, or only to the group as a whole?']","['When you mention ""Notification Color for Individual Contacts or Groups,"" do you mean setting individual notification colors for each contact and group separately, setting a single notification color for either all contacts or all groups, or something else altogether?']","['When discussing ""Notification Color for Individual Contacts or Groups,"" are you envisioning separate notification colors for each contact/group, a collective color setting applicable to either contacts or groups, or some other configuration?']","['When you mention ""Notification Color for Individual Contacts or Groups"", are you suggesting setting a unique color for each individual contact or group, a shared color for all contacts and another for groups, or something else?']","[""When you refer to 'Notification Color for Individual Contacts or Groups', do you mean a unique color for each contact and group, the same color assigned to either all individual contacts or a collective group, or something else?""]","""When you mention 'Notification Color for Individual Contacts or Groups,' do you mean setting a unique color for each contact, a single color for all contacts, or a different color for groups versus individual contacts?"", ""Should the notification color apply separately within contacts and groups, or collectively across both?"", ""Are you referring to customizing notification colors for individual contacts separately from group chats, or do you want a universal notification color setting for both?""","['When you mention ""Notification Color for Individual Contacts or Groups,"" do you mean setting a specific notification color for each individual contact and each group separately, or having a single notification color that applies to either individual contacts or groups collectively?', 'Are you suggesting the ability to customize notification colors individually for either contacts or groups, or some other way of assigning notification colors?']"
22,22,801-Signal,"Request Number - 801 | Request Title - Feature request: Mute Group (or any user) | Request Description - Sometimes friends in a group are discussing something I'm not interested in and my phone would go nuts vibrating and ringing all the time. A ""Mute for X minutes/hours"" feature would be awesome.",any,"When you wrote ""any user"", do you mean ""a selected user"", ""all applicable users"", or something else?","['When you wrote ""any user"", do you mean ""a selected user"", ""all applicable users"", or something else?']","Semantic ambiguity: a sentence has more than one way of reading it within its context, although it contains no lexical or syntactic ambiguity. Semantic ambiguity can be viewed as ambiguity with respect to the logical form, usually expressed in predicate logic, of a sentence.
You are a software analyst specializing in Semantic ambiguity resolution in GitHub feature requests.
Carefully read the provided statement along with the extracted Semantic ambiguity segment and the reasoning behind why the extracted text segment is considered ambiguous. Based on the information, generate clear and concise clarification questions aimed at addressing the Semantic ambiguity in the extracted text segment; include all generated clarifying questions in a single comma-separated list. Make sure to have all elements of the list in quotation marks.
Demonstrations are provided for clarity. Each demonstration is separated by the trigger word # END. Inside each demonstration, the statement, reason, extracted segment, and clarifying questions are separated using the trigger word ####. Strictly follow the provided demonstration.
Statement: Request Number - 555 | Request Title - Not working in dual sim phone | Request Description - My friend has a dual sim Lava iris 405 and i have samsung galaxy s3. we both have installed the TextSecure when i start secure session, it sends Key exchange message and its received in my friends. After that it says Received and processed key exchange message but he is unable to send me any message, it says error sending. i know its giving problem because its a dual sim phone, text secure app is not able to send sms from particular sim and giving this error. Is dual sim phone supported by textSecure?
####
Reason: It is unclear whether the indefinite noun phrase ""particular sim"" is intended to be specific or non-specific, creating multiple possible interpretations.
####
Extracted Semantic ambiguity segment: particular sim
####
Clarifying Question(s): ['When you say the app is not able to send from a particular SIM, do you mean it cannot send from a specific SIM, it cannot send from either SIM interchangeably, or something else?']
# END
Statement: Request Number - 6077 | Request Title - Update libphonenumber to >=8.2.0 (Cannot send SMS to my mobile provider) | Request Description - I have:   searched open and closed issues for duplicates  read https://github.com/WhisperSystems/Signal-Android/wiki/Submitting-useful-bug-reports  Bug description. My friend made me aware of this as I'm never checking my account status via SMS, but it doesn't work for me neither. To check our account status, we have to send an SMS message to 13977, but Signal fails to deliver it. I tried sending it through the native Oneplus SMS app and it goes through just fine, with an immediate response. I can send an SMS to other people, though, so it has something to do with that number. (Signal adds +385 to it for Croatia, maybe that's it?) Steps to reproduce.  send an SMS to my provider through Signal Actual result: it doesn't go through, ""Failed to send"", ""Some issues need your attention."" Expected result: Message should go through and I should get a response. Device info. Device: OnePlus3T Android version: 7.0 Signal version: 3.27.1 Link to debug log. https://gist.github.com/anonymous/f656572561ea3a91d0f4bbdeb98e587b
####
Reason: The pronoun 'it' could point to multiple noun phrases earlier in the sentence, creating multiple possible meanings.
####
Extracted Semantic ambiguity segment: it.
####
Clarifying Question(s): ['When you wrote ""Signal fails to deliver it"", does \'it\' refer to ""an SMS message to 13977"", ""our account status"", or something else?']
# END
Statement: Request Number - 1407 | Request Title - textsecure not an option when ""sharing"" an address book contact | Request Description - TextSecure is not an option when attempting to share a contact from the address book, in Android 4.4.2 when i select ""messaging"" it tells me ""messaging"" is not the default sms app. This would be a nice feature to have added to the app.
####
Reason: The pronoun ""it"" can point to multiple possible targets in the sentence, creating multiple interpretations.
####
Extracted Semantic ambiguity segment: it
####
Clarifying Question(s): ['When you wrote ""it tells me"", does ""it"" refer to TextSecure, the Android OS, or something else?']
# END
Request Number - 801 | Request Title - Feature request: Mute Group (or any user) | Request Description - Sometimes friends in a group are discussing something I'm not interested in and my phone would go nuts vibrating and ringing all the time. A ""Mute for X minutes/hours"" feature would be awesome.
####
Reason: The word ""any"" can have a specific or non-specific meaning, affecting the scope implied by the term and creating multiple possible meanings.
####
Extracted Semantic ambiguity segment: any
####
Clarifying Question(s): ","[""When you mention 'Mute Group (or any user)', does 'any' refer to muting specific individual users within a group, muting all users regardless of the group, or something else?""]","['When you mention ""Mute Group (or any user)"", do you mean the capability to mute all users universally, to selectively mute individual users as needed, or something else entirely?']","['When you mention ""any user,"" are you referring to muting specific individuals at will, muting all users universally, or something else?']","['When you say ""Mute Group (or any user),"" do you mean you would like the ability to mute a specific user, the ability to mute any user in the group interchangeably, or something else?']","['When you mention ""Mute Group (or any user),"" does ""any"" refer specifically to all users within a particular group, to a random single user of your choosing, or something else?', 'Are you asking to mute a group as a whole, any individual user in any group at any time, or both?']","['When you mention the ability to ""Mute Group (or any user)"", does ""any"" mean you want the option to mute specific users within a group, mute all users equally, or something else?']","['When you mention ""Mute Group (or any user)"", does ""any"" refer to muting specific users selected by the individual, muting all users in general, or is there another intended scope?']","""When you say 'Mute Group (or any user)', do you mean the feature should allow you to mute all users without distinction, select specific users to mute, or both options?""","['When you say ""any user"", do you mean a specific user in the group you want to mute, any user across various groups, or something else?']","['When you mention ""Mute Group (or any user)"", does ""any"" mean you want the ability to mute every user individually without exception, or is it intended to imply the ability to mute a specific but unspecified user?']"
23,23,757-Signal,"Request Number - 757 | Request Title - different notification settings for group chats | Request Description - It would be very nice to be able to change the notification settings for goups independently from other (personal) chats, as group chats might have a lower priority for the user.",notification settings for goups,"When you wrote ""notification settings for all goups"", did you mean notification settings for all groups together, notification settings for each group individually, or something else?","['When you wrote ""notification settings for all goups"", did you mean notification settings for all groups together, notification settings for each group individually, or something else?']","Semantic ambiguity: a sentence has more than one way of reading it within its context, although it contains no lexical or syntactic ambiguity. Semantic ambiguity can be viewed as ambiguity with respect to the logical form, usually expressed in predicate logic, of a sentence.
You are a software analyst specializing in Semantic ambiguity resolution in GitHub feature requests.
Carefully read the provided statement along with the extracted Semantic ambiguity segment and the reasoning behind why the extracted text segment is considered ambiguous. Based on the information, generate clear and concise clarification questions aimed at addressing the Semantic ambiguity in the extracted text segment; include all generated clarifying questions in a single comma-separated list. Make sure to have all elements of the list in quotation marks.
Demonstrations are provided for clarity. Each demonstration is separated by the trigger word # END. Inside each demonstration, the statement, reason, extracted segment, and clarifying questions are separated using the trigger word ####. Strictly follow the provided demonstration.
Statement: Request Number - 555 | Request Title - Not working in dual sim phone | Request Description - My friend has a dual sim Lava iris 405 and i have samsung galaxy s3. we both have installed the TextSecure when i start secure session, it sends Key exchange message and its received in my friends. After that it says Received and processed key exchange message but he is unable to send me any message, it says error sending. i know its giving problem because its a dual sim phone, text secure app is not able to send sms from particular sim and giving this error. Is dual sim phone supported by textSecure?
####
Reason: It is unclear whether the indefinite noun phrase ""particular sim"" is intended to be specific or non-specific, creating multiple possible interpretations.
####
Extracted Semantic ambiguity segment: particular sim
####
Clarifying Question(s): ['When you say the app is not able to send from a particular SIM, do you mean it cannot send from a specific SIM, it cannot send from either SIM interchangeably, or something else?']
# END
Statement: Request Number - 6077 | Request Title - Update libphonenumber to >=8.2.0 (Cannot send SMS to my mobile provider) | Request Description - I have:   searched open and closed issues for duplicates  read https://github.com/WhisperSystems/Signal-Android/wiki/Submitting-useful-bug-reports  Bug description. My friend made me aware of this as I'm never checking my account status via SMS, but it doesn't work for me neither. To check our account status, we have to send an SMS message to 13977, but Signal fails to deliver it. I tried sending it through the native Oneplus SMS app and it goes through just fine, with an immediate response. I can send an SMS to other people, though, so it has something to do with that number. (Signal adds +385 to it for Croatia, maybe that's it?) Steps to reproduce.  send an SMS to my provider through Signal Actual result: it doesn't go through, ""Failed to send"", ""Some issues need your attention."" Expected result: Message should go through and I should get a response. Device info. Device: OnePlus3T Android version: 7.0 Signal version: 3.27.1 Link to debug log. https://gist.github.com/anonymous/f656572561ea3a91d0f4bbdeb98e587b
####
Reason: The pronoun 'it' could point to multiple noun phrases earlier in the sentence, creating multiple possible meanings.
####
Extracted Semantic ambiguity segment: it.
####
Clarifying Question(s): ['When you wrote ""Signal fails to deliver it"", does \'it\' refer to ""an SMS message to 13977"", ""our account status"", or something else?']
# END
Statement: Request Number - 1407 | Request Title - textsecure not an option when ""sharing"" an address book contact | Request Description - TextSecure is not an option when attempting to share a contact from the address book, in Android 4.4.2 when i select ""messaging"" it tells me ""messaging"" is not the default sms app. This would be a nice feature to have added to the app.
####
Reason: The pronoun ""it"" can point to multiple possible targets in the sentence, creating multiple interpretations.
####
Extracted Semantic ambiguity segment: it
####
Clarifying Question(s): ['When you wrote ""it tells me"", does ""it"" refer to TextSecure, the Android OS, or something else?']
# END
Request Number - 757 | Request Title - different notification settings for group chats | Request Description - It would be very nice to be able to change the notification settings for goups independently from other (personal) chats, as group chats might have a lower priority for the user.
####
Reason: The interaction between the term ""settings"" and the plural ""groups"" can be interpreted as having the collective scope of ""all groups"" or the distributive scope of ""each group"", which creates multiple possible interpretations.
####
Extracted Semantic ambiguity segment: notification settings for goups
####
Clarifying Question(s): ","[""When you mention 'notification settings for groups', do you mean having the same notification settings applied to all groups collectively or having separate notification settings for each individual group?""]","['When you mention ""notification settings for groups,"" are you referring to having one set of settings applicable to all groups collectively, or having different settings for each group individually?']","['When you mention ""notification settings for groups"", do you mean the same settings should apply collectively to all groups, or should there be independent settings for each individual group?']","""When you refer to changing the notification settings for groups, do you mean having a single set of notification settings that applies to all group chats collectively, or having the ability to customize notification settings for each group chat individually?""","['When you refer to ""notification settings for groups"", do you mean a single set of settings that applies to all groups collectively, or do you want the ability to set different notifications for each group individually?']","['When you mention changing notification settings for groups, do you mean settings that apply to all groups collectively or individual settings for each group separately?']","""Are you requesting notification settings to be applied collectively for all group chats or individually for each group chat?""","['When you mention ""different notification settings for groups"", do you mean having a single, collective setting for all group chats, or individual settings for each group chat?']","""When you mention 'notification settings for groups', are you referring to a single set of settings that applies to all group chats collectively, or individual settings that can be adjusted for each group chat independently?""","['When you mention ""notification settings for groups,"" are you suggesting settings should be applied collectively to all groups or that each group should have its own individual settings?']"
24,24,2055-Signal,"Request Number - 2055 | Request Title - use delivery receipts to show message received time for outgoing messages | Request Description - After long pressing on a message and selecting the info button, the message details are shown. This includes the sent and received times for incoming messages. For outgoing messages, in contrast, only one Sent/Received time is displayed, probably containing sent time. Now that delivery receipts are implemented, it would be possible to display the received time for outgoing messages (by taking the sent time from the receipt). Or to make it more precise, let the receipt message piggybag the real received time. This would make the user interface more consistent. When this is rejected for some reasons, I suggest renaming the ""Sent/Received"" label for outgoing messages to ""Sent"" because this is what it really is about.",it,"What do you mean by ""it"" when you stated, ""because this is what it really is about""?","['What do you mean by ""it"" when you stated, ""because this is what it really is about""?']","Semantic ambiguity: a sentence has more than one way of reading it within its context, although it contains no lexical or syntactic ambiguity. Semantic ambiguity can be viewed as ambiguity with respect to the logical form, usually expressed in predicate logic, of a sentence.
You are a software analyst specializing in Semantic ambiguity resolution in GitHub feature requests.
Carefully read the provided statement along with the extracted Semantic ambiguity segment and the reasoning behind why the extracted text segment is considered ambiguous. Based on the information, generate clear and concise clarification questions aimed at addressing the Semantic ambiguity in the extracted text segment; include all generated clarifying questions in a single comma-separated list. Make sure to have all elements of the list in quotation marks.
Demonstrations are provided for clarity. Each demonstration is separated by the trigger word # END. Inside each demonstration, the statement, reason, extracted segment, and clarifying questions are separated using the trigger word ####. Strictly follow the provided demonstration.
Statement: Request Number - 555 | Request Title - Not working in dual sim phone | Request Description - My friend has a dual sim Lava iris 405 and i have samsung galaxy s3. we both have installed the TextSecure when i start secure session, it sends Key exchange message and its received in my friends. After that it says Received and processed key exchange message but he is unable to send me any message, it says error sending. i know its giving problem because its a dual sim phone, text secure app is not able to send sms from particular sim and giving this error. Is dual sim phone supported by textSecure?
####
Reason: It is unclear whether the indefinite noun phrase ""particular sim"" is intended to be specific or non-specific, creating multiple possible interpretations.
####
Extracted Semantic ambiguity segment: particular sim
####
Clarifying Question(s): ['When you say the app is not able to send from a particular SIM, do you mean it cannot send from a specific SIM, it cannot send from either SIM interchangeably, or something else?']
# END
Statement: Request Number - 6077 | Request Title - Update libphonenumber to >=8.2.0 (Cannot send SMS to my mobile provider) | Request Description - I have:   searched open and closed issues for duplicates  read https://github.com/WhisperSystems/Signal-Android/wiki/Submitting-useful-bug-reports  Bug description. My friend made me aware of this as I'm never checking my account status via SMS, but it doesn't work for me neither. To check our account status, we have to send an SMS message to 13977, but Signal fails to deliver it. I tried sending it through the native Oneplus SMS app and it goes through just fine, with an immediate response. I can send an SMS to other people, though, so it has something to do with that number. (Signal adds +385 to it for Croatia, maybe that's it?) Steps to reproduce.  send an SMS to my provider through Signal Actual result: it doesn't go through, ""Failed to send"", ""Some issues need your attention."" Expected result: Message should go through and I should get a response. Device info. Device: OnePlus3T Android version: 7.0 Signal version: 3.27.1 Link to debug log. https://gist.github.com/anonymous/f656572561ea3a91d0f4bbdeb98e587b
####
Reason: The pronoun 'it' could point to multiple noun phrases earlier in the sentence, creating multiple possible meanings.
####
Extracted Semantic ambiguity segment: it.
####
Clarifying Question(s): ['When you wrote ""Signal fails to deliver it"", does \'it\' refer to ""an SMS message to 13977"", ""our account status"", or something else?']
# END
Statement: Request Number - 1407 | Request Title - textsecure not an option when ""sharing"" an address book contact | Request Description - TextSecure is not an option when attempting to share a contact from the address book, in Android 4.4.2 when i select ""messaging"" it tells me ""messaging"" is not the default sms app. This would be a nice feature to have added to the app.
####
Reason: The pronoun ""it"" can point to multiple possible targets in the sentence, creating multiple interpretations.
####
Extracted Semantic ambiguity segment: it
####
Clarifying Question(s): ['When you wrote ""it tells me"", does ""it"" refer to TextSecure, the Android OS, or something else?']
# END
Request Number - 2055 | Request Title - use delivery receipts to show message received time for outgoing messages | Request Description - After long pressing on a message and selecting the info button, the message details are shown. This includes the sent and received times for incoming messages. For outgoing messages, in contrast, only one Sent/Received time is displayed, probably containing sent time. Now that delivery receipts are implemented, it would be possible to display the received time for outgoing messages (by taking the sent time from the receipt). Or to make it more precise, let the receipt message piggybag the real received time. This would make the user interface more consistent. When this is rejected for some reasons, I suggest renaming the ""Sent/Received"" label for outgoing messages to ""Sent"" because this is what it really is about.
####
Reason: ""it"" can refer to two references in the same sentence. 
####
Extracted Semantic ambiguity segment: it
####
Clarifying Question(s): ","[""When you mentioned 'it would be possible to display the received time for outgoing messages,' does 'it' refer to the implementation of delivery receipts or another function?"", ""When you suggest 'renaming the ""Sent/Received"" label,' does 'it' refer to the suggested change or the current implementation of the label?""]","""When you wrote 'it would be possible to display the received time', does 'it' refer to the feature implementation in the app or to some other aspect of the message receipt process?""","['When you wrote ""it would be possible to display the received time for outgoing messages,"" does ""it"" refer to the implementation of taking the sent time from the receipt or making the user interface more consistent?', 'When you wrote ""when this is rejected for some reasons, I suggest renaming the \'Sent/Received\' label,"" does ""this"" refer to the implementation of displaying the received time for outgoing messages or the idea of making the interface more consistent?']","""When you wrote 'it would be possible to display the received time for outgoing messages,' does 'it' refer to 'taking the sent time from the receipt' or 'letting the receipt message piggyback the real received time'?""","['When you wrote ""it would be possible to display the received time,"" does ""it"" refer to the implementation of delivery receipts or something else?', 'When you mentioned ""Or to make it more precise, let the receipt message piggybag the real received time,"" does ""it"" refer to the receipt implementation or another aspect of the messaging system?']","[""When you mention 'it would be possible to display the received time for outgoing messages,' does 'it' refer to the implementation of delivery receipts or the user interface consistency?"", ""When you say, 'I suggest renaming the \""Sent/Received\"" label for outgoing messages to \""Sent\"" because this is what it really is about,' does 'it' refer to the label being about the sent time or something else?""]","""When you wrote 'it would be possible to display the received time for outgoing messages,' does 'it' refer to the idea of using delivery receipts, the process of displaying times in the user interface, or something else?""","['In the statement ""only one Sent/Received time is displayed, probably containing sent time,"" does ""it"" refer to the time value being displayed or something else?', 'When you mention ""Or to make it more precise, let the receipt message piggyback the real received time,"" does ""it"" refer to the action of piggybacking or something else?']","['In the phrase ""Now that delivery receipts are implemented, it would be possible to display the received time for outgoing messages,"" does ""it"" refer to the implementation of delivery receipts, the process of displaying the received time, or something else?']","['When you wrote ""it would be possible to display the received time,"" does ""it"" refer to using delivery receipts, the option of displaying time, or something else?']"
25,25,604-Signal,"Request Number - 604 | Request Title - Number registration (for push messaging) doesn't work with Google Voice | Request Description - The new push based TextSecure doesn't seem to like using Google Voice numbers (which are then forwarded to my phone's real number via SMS).  Although there are of course privacy downsides associated with letting Google see all of your incoming/outgoing SMS data, there are also serious privacy harms associated with letting people know your actual phone number, rather than a number that will just forward texts to you* The first step of the TextSecure number registration process (""Connecting"") works fine. An incoming text message with the verification code is received by the default Android SMS app, but TextSecure doesn't catch it. Thankfully, after 2 minutes of waiting, I am given the opportunity verify by voice, which does work.",it.,"When you wrote ""TextSecure doesn't catch it"", do you mean ""TextSecure doesn't catch the message"", ""TextSecure doesn't catch the verification code"", or something else?","['When you wrote ""TextSecure doesn\'t catch it"", do you mean ""TextSecure doesn\'t catch the message"", ""TextSecure doesn\'t catch the verification code"", or something else?']","Semantic ambiguity: a sentence has more than one way of reading it within its context, although it contains no lexical or syntactic ambiguity. Semantic ambiguity can be viewed as ambiguity with respect to the logical form, usually expressed in predicate logic, of a sentence.
You are a software analyst specializing in Semantic ambiguity resolution in GitHub feature requests.
Carefully read the provided statement along with the extracted Semantic ambiguity segment and the reasoning behind why the extracted text segment is considered ambiguous. Based on the information, generate clear and concise clarification questions aimed at addressing the Semantic ambiguity in the extracted text segment; include all generated clarifying questions in a single comma-separated list. Make sure to have all elements of the list in quotation marks.
Demonstrations are provided for clarity. Each demonstration is separated by the trigger word # END. Inside each demonstration, the statement, reason, extracted segment, and clarifying questions are separated using the trigger word ####. Strictly follow the provided demonstration.
Statement: Request Number - 555 | Request Title - Not working in dual sim phone | Request Description - My friend has a dual sim Lava iris 405 and i have samsung galaxy s3. we both have installed the TextSecure when i start secure session, it sends Key exchange message and its received in my friends. After that it says Received and processed key exchange message but he is unable to send me any message, it says error sending. i know its giving problem because its a dual sim phone, text secure app is not able to send sms from particular sim and giving this error. Is dual sim phone supported by textSecure?
####
Reason: It is unclear whether the indefinite noun phrase ""particular sim"" is intended to be specific or non-specific, creating multiple possible interpretations.
####
Extracted Semantic ambiguity segment: particular sim
####
Clarifying Question(s): ['When you say the app is not able to send from a particular SIM, do you mean it cannot send from a specific SIM, it cannot send from either SIM interchangeably, or something else?']
# END
Statement: Request Number - 6077 | Request Title - Update libphonenumber to >=8.2.0 (Cannot send SMS to my mobile provider) | Request Description - I have:   searched open and closed issues for duplicates  read https://github.com/WhisperSystems/Signal-Android/wiki/Submitting-useful-bug-reports  Bug description. My friend made me aware of this as I'm never checking my account status via SMS, but it doesn't work for me neither. To check our account status, we have to send an SMS message to 13977, but Signal fails to deliver it. I tried sending it through the native Oneplus SMS app and it goes through just fine, with an immediate response. I can send an SMS to other people, though, so it has something to do with that number. (Signal adds +385 to it for Croatia, maybe that's it?) Steps to reproduce.  send an SMS to my provider through Signal Actual result: it doesn't go through, ""Failed to send"", ""Some issues need your attention."" Expected result: Message should go through and I should get a response. Device info. Device: OnePlus3T Android version: 7.0 Signal version: 3.27.1 Link to debug log. https://gist.github.com/anonymous/f656572561ea3a91d0f4bbdeb98e587b
####
Reason: The pronoun 'it' could point to multiple noun phrases earlier in the sentence, creating multiple possible meanings.
####
Extracted Semantic ambiguity segment: it.
####
Clarifying Question(s): ['When you wrote ""Signal fails to deliver it"", does \'it\' refer to ""an SMS message to 13977"", ""our account status"", or something else?']
# END
Statement: Request Number - 1407 | Request Title - textsecure not an option when ""sharing"" an address book contact | Request Description - TextSecure is not an option when attempting to share a contact from the address book, in Android 4.4.2 when i select ""messaging"" it tells me ""messaging"" is not the default sms app. This would be a nice feature to have added to the app.
####
Reason: The pronoun ""it"" can point to multiple possible targets in the sentence, creating multiple interpretations.
####
Extracted Semantic ambiguity segment: it
####
Clarifying Question(s): ['When you wrote ""it tells me"", does ""it"" refer to TextSecure, the Android OS, or something else?']
# END
Request Number - 604 | Request Title - Number registration (for push messaging) doesn't work with Google Voice | Request Description - The new push based TextSecure doesn't seem to like using Google Voice numbers (which are then forwarded to my phone's real number via SMS).  Although there are of course privacy downsides associated with letting Google see all of your incoming/outgoing SMS data, there are also serious privacy harms associated with letting people know your actual phone number, rather than a number that will just forward texts to you* The first step of the TextSecure number registration process (""Connecting"") works fine. An incoming text message with the verification code is received by the default Android SMS app, but TextSecure doesn't catch it. Thankfully, after 2 minutes of waiting, I am given the opportunity verify by voice, which does work.
####
Reason: The pronoun 'it' can refer to two different targets in the sentence, changing the nature of the problem based on the interpretation.
####
Extracted Semantic ambiguity segment: it.
####
Clarifying Question(s): ","['When you wrote ""TextSecure doesn\'t catch it"", does ""it"" refer to ""an incoming text message with the verification code"" or something else?']","['When you wrote ""TextSecure doesn\'t catch it"", does ""it"" refer to the incoming text message with the verification code or something else?']","""When you wrote 'TextSecure doesn't catch it,' does 'it' refer to 'the verification code' or 'the incoming text message'?""","""Does 'it' in the sentence 'TextSecure doesn't catch it' refer to the received verification text message, the opportunity to verify by voice, or something else?""","""When you mentioned 'TextSecure doesn't catch it', does 'it' refer to 'the incoming text message with the verification code', 'the opportunity to verify by voice', or something else?""","""When you said 'it doesn't catch it,' does the first 'it' refer to 'TextSecure' or 'the new push based TextSecure,' and does the second 'it' refer to 'an incoming text message' or something else?""","""When you wrote 'TextSecure doesn't catch it', does 'it' refer to 'the verification code' or 'an incoming text message'?""","['When you wrote ""but TextSecure doesn\'t catch it"", does ""it"" refer to ""an incoming text message with the verification code"" or ""the verification process""?']","""When you wrote 'TextSecure doesn't catch it', does 'it' refer to 'the incoming text message with the verification code' or some other aspect of the registration process?""","['When you wrote ""TextSecure doesn\'t catch it"", does ""it"" refer to ""the verification code"" or ""an incoming text message""?']"
26,26,6069-Signal,"Request Number - 6069 | Request Title - Unread notification badges do not work on Huawei EMUI | Request Description - I have:   searched open and closed issues for duplicates  read https://github.com/WhisperSystems/Signal-Android/wiki/Submitting-useful-bug-reports  Bug description. I've installed Signal on a Honor 8 (made by Huawei) with EMUI 4.1 (Android 6.0). I've noticed that Signal receives notifications on new messages and they are also listed in the notification area, but the unread notifications badge on the app icon on the home screen is not shown. In Signal support articles there is mentioned, that badge icons are supported for some launchers, see https://support.whispersystems.org/hc/en-us/articles/215766077-How-can-I-see-my-unread-badge-count-What-launcher-should-I-use- So far I could not find out if this is a Signal or EMUI problem, but Threema and Conversations show the notification badges. Device info. Device: Honor 8 Android version: 6.0 Signal version: 3.26.2",they,"When you wrote ""they are also listed in the notification area"", does 'they' refer to 'notifications', 'messages', or something else?","['When you wrote ""they are also listed in the notification area"", does \'they\' refer to \'notifications\', \'messages\', or something else?']","Semantic ambiguity: a sentence has more than one way of reading it within its context, although it contains no lexical or syntactic ambiguity. Semantic ambiguity can be viewed as ambiguity with respect to the logical form, usually expressed in predicate logic, of a sentence.
You are a software analyst specializing in Semantic ambiguity resolution in GitHub feature requests.
Carefully read the provided statement along with the extracted Semantic ambiguity segment and the reasoning behind why the extracted text segment is considered ambiguous. Based on the information, generate clear and concise clarification questions aimed at addressing the Semantic ambiguity in the extracted text segment; include all generated clarifying questions in a single comma-separated list. Make sure to have all elements of the list in quotation marks.
Demonstrations are provided for clarity. Each demonstration is separated by the trigger word # END. Inside each demonstration, the statement, reason, extracted segment, and clarifying questions are separated using the trigger word ####. Strictly follow the provided demonstration.
Statement: Request Number - 555 | Request Title - Not working in dual sim phone | Request Description - My friend has a dual sim Lava iris 405 and i have samsung galaxy s3. we both have installed the TextSecure when i start secure session, it sends Key exchange message and its received in my friends. After that it says Received and processed key exchange message but he is unable to send me any message, it says error sending. i know its giving problem because its a dual sim phone, text secure app is not able to send sms from particular sim and giving this error. Is dual sim phone supported by textSecure?
####
Reason: It is unclear whether the indefinite noun phrase ""particular sim"" is intended to be specific or non-specific, creating multiple possible interpretations.
####
Extracted Semantic ambiguity segment: particular sim
####
Clarifying Question(s): ['When you say the app is not able to send from a particular SIM, do you mean it cannot send from a specific SIM, it cannot send from either SIM interchangeably, or something else?']
# END
Statement: Request Number - 6077 | Request Title - Update libphonenumber to >=8.2.0 (Cannot send SMS to my mobile provider) | Request Description - I have:   searched open and closed issues for duplicates  read https://github.com/WhisperSystems/Signal-Android/wiki/Submitting-useful-bug-reports  Bug description. My friend made me aware of this as I'm never checking my account status via SMS, but it doesn't work for me neither. To check our account status, we have to send an SMS message to 13977, but Signal fails to deliver it. I tried sending it through the native Oneplus SMS app and it goes through just fine, with an immediate response. I can send an SMS to other people, though, so it has something to do with that number. (Signal adds +385 to it for Croatia, maybe that's it?) Steps to reproduce.  send an SMS to my provider through Signal Actual result: it doesn't go through, ""Failed to send"", ""Some issues need your attention."" Expected result: Message should go through and I should get a response. Device info. Device: OnePlus3T Android version: 7.0 Signal version: 3.27.1 Link to debug log. https://gist.github.com/anonymous/f656572561ea3a91d0f4bbdeb98e587b
####
Reason: The pronoun 'it' could point to multiple noun phrases earlier in the sentence, creating multiple possible meanings.
####
Extracted Semantic ambiguity segment: it.
####
Clarifying Question(s): ['When you wrote ""Signal fails to deliver it"", does \'it\' refer to ""an SMS message to 13977"", ""our account status"", or something else?']
# END
Statement: Request Number - 1407 | Request Title - textsecure not an option when ""sharing"" an address book contact | Request Description - TextSecure is not an option when attempting to share a contact from the address book, in Android 4.4.2 when i select ""messaging"" it tells me ""messaging"" is not the default sms app. This would be a nice feature to have added to the app.
####
Reason: The pronoun ""it"" can point to multiple possible targets in the sentence, creating multiple interpretations.
####
Extracted Semantic ambiguity segment: it
####
Clarifying Question(s): ['When you wrote ""it tells me"", does ""it"" refer to TextSecure, the Android OS, or something else?']
# END
Request Number - 6069 | Request Title - Unread notification badges do not work on Huawei EMUI | Request Description - I have:   searched open and closed issues for duplicates  read https://github.com/WhisperSystems/Signal-Android/wiki/Submitting-useful-bug-reports  Bug description. I've installed Signal on a Honor 8 (made by Huawei) with EMUI 4.1 (Android 6.0). I've noticed that Signal receives notifications on new messages and they are also listed in the notification area, but the unread notifications badge on the app icon on the home screen is not shown. In Signal support articles there is mentioned, that badge icons are supported for some launchers, see https://support.whispersystems.org/hc/en-us/articles/215766077-How-can-I-see-my-unread-badge-count-What-launcher-should-I-use- So far I could not find out if this is a Signal or EMUI problem, but Threema and Conversations show the notification badges. Device info. Device: Honor 8 Android version: 6.0 Signal version: 3.26.2
####
Reason: The pronoun ""they"" can point to two possible targets in the sentence, creating multiple possible interpretations.
####
Extracted Semantic ambiguity segment: they
####
Clarifying Question(s): ","['When you mention ""they are also listed in the notification area"", does ""they"" refer to the notifications or the new messages?']","['In the sentence ""Signal receives notifications on new messages and they are also listed in the notification area,"" does ""they"" refer to ""Signal receives notifications,"" ""new messages,"" or something else?']","""When you wrote 'they are also listed in the notification area,' does 'they' refer to the notifications on new messages, the unread notifications badge, or something else?""","""When you mentioned 'they are also listed in the notification area', does 'they' refer to the notifications on new messages or to the unread notification badges?""","['When you wrote ""they are also listed in the notification area"", does ""they"" refer to ""Signal receives notifications on new messages"", ""unread notifications"", or something else?']","['When you mentioned ""they are also listed in the notification area,"" does ""they"" refer to ""Signal receives notifications on new messages,"" ""unread notifications,"" or something else?']","['When you mentioned ""they are also listed in the notification area,"" does ""they"" refer to ""notifications on new messages"" or ""new messages"" themselves?']","['When you wrote ""they are also listed in the notification area"", does ""they"" refer to the notifications themselves or the new messages?']","['When you mentioned ""they are also listed in the notification area,"" does ""they"" refer to ""Signal receives notifications on new messages,"" the messages themselves, or something else?']","[""When you wrote 'they are also listed in the notification area', does 'they' refer to the new messages or the notifications themselves?""]"
27,27,2055-Signal,"Request Number - 2055 | Request Title - use delivery receipts to show message received time for outgoing messages | Request Description - After long pressing on a message and selecting the info button, the message details are shown. This includes the sent and received times for incoming messages. For outgoing messages, in contrast, only one Sent/Received time is displayed, probably containing sent time. Now that delivery receipts are implemented, it would be possible to display the received time for outgoing messages (by taking the sent time from the receipt). Or to make it more precise, let the receipt message piggybag the real received time. This would make the user interface more consistent. When this is rejected for some reasons, I suggest renaming the ""Sent/Received"" label for outgoing messages to ""Sent"" because this is what it really is about.","only one Sent/Received time is displayed,",What time receipt is shown for an outgoing message?,['What time receipt is shown for an outgoing message?'],"Semantic ambiguity: a sentence has more than one way of reading it within its context, although it contains no lexical or syntactic ambiguity. Semantic ambiguity can be viewed as ambiguity with respect to the logical form, usually expressed in predicate logic, of a sentence.
You are a software analyst specializing in Semantic ambiguity resolution in GitHub feature requests.
Carefully read the provided statement along with the extracted Semantic ambiguity segment and the reasoning behind why the extracted text segment is considered ambiguous. Based on the information, generate clear and concise clarification questions aimed at addressing the Semantic ambiguity in the extracted text segment; include all generated clarifying questions in a single comma-separated list. Make sure to have all elements of the list in quotation marks.
Demonstrations are provided for clarity. Each demonstration is separated by the trigger word # END. Inside each demonstration, the statement, reason, extracted segment, and clarifying questions are separated using the trigger word ####. Strictly follow the provided demonstration.
Statement: Request Number - 555 | Request Title - Not working in dual sim phone | Request Description - My friend has a dual sim Lava iris 405 and i have samsung galaxy s3. we both have installed the TextSecure when i start secure session, it sends Key exchange message and its received in my friends. After that it says Received and processed key exchange message but he is unable to send me any message, it says error sending. i know its giving problem because its a dual sim phone, text secure app is not able to send sms from particular sim and giving this error. Is dual sim phone supported by textSecure?
####
Reason: It is unclear whether the indefinite noun phrase ""particular sim"" is intended to be specific or non-specific, creating multiple possible interpretations.
####
Extracted Semantic ambiguity segment: particular sim
####
Clarifying Question(s): ['When you say the app is not able to send from a particular SIM, do you mean it cannot send from a specific SIM, it cannot send from either SIM interchangeably, or something else?']
# END
Statement: Request Number - 6077 | Request Title - Update libphonenumber to >=8.2.0 (Cannot send SMS to my mobile provider) | Request Description - I have:   searched open and closed issues for duplicates  read https://github.com/WhisperSystems/Signal-Android/wiki/Submitting-useful-bug-reports  Bug description. My friend made me aware of this as I'm never checking my account status via SMS, but it doesn't work for me neither. To check our account status, we have to send an SMS message to 13977, but Signal fails to deliver it. I tried sending it through the native Oneplus SMS app and it goes through just fine, with an immediate response. I can send an SMS to other people, though, so it has something to do with that number. (Signal adds +385 to it for Croatia, maybe that's it?) Steps to reproduce.  send an SMS to my provider through Signal Actual result: it doesn't go through, ""Failed to send"", ""Some issues need your attention."" Expected result: Message should go through and I should get a response. Device info. Device: OnePlus3T Android version: 7.0 Signal version: 3.27.1 Link to debug log. https://gist.github.com/anonymous/f656572561ea3a91d0f4bbdeb98e587b
####
Reason: The pronoun 'it' could point to multiple noun phrases earlier in the sentence, creating multiple possible meanings.
####
Extracted Semantic ambiguity segment: it.
####
Clarifying Question(s): ['When you wrote ""Signal fails to deliver it"", does \'it\' refer to ""an SMS message to 13977"", ""our account status"", or something else?']
# END
Statement: Request Number - 1407 | Request Title - textsecure not an option when ""sharing"" an address book contact | Request Description - TextSecure is not an option when attempting to share a contact from the address book, in Android 4.4.2 when i select ""messaging"" it tells me ""messaging"" is not the default sms app. This would be a nice feature to have added to the app.
####
Reason: The pronoun ""it"" can point to multiple possible targets in the sentence, creating multiple interpretations.
####
Extracted Semantic ambiguity segment: it
####
Clarifying Question(s): ['When you wrote ""it tells me"", does ""it"" refer to TextSecure, the Android OS, or something else?']
# END
Request Number - 2055 | Request Title - use delivery receipts to show message received time for outgoing messages | Request Description - After long pressing on a message and selecting the info button, the message details are shown. This includes the sent and received times for incoming messages. For outgoing messages, in contrast, only one Sent/Received time is displayed, probably containing sent time. Now that delivery receipts are implemented, it would be possible to display the received time for outgoing messages (by taking the sent time from the receipt). Or to make it more precise, let the receipt message piggybag the real received time. This would make the user interface more consistent. When this is rejected for some reasons, I suggest renaming the ""Sent/Received"" label for outgoing messages to ""Sent"" because this is what it really is about.
####
Reason: There are quantifiers ""only one"" and also ""/"" in the sentence. In this case, sent/received can be interpreted in two different ways: (1) sent or received. (2) sent and received as one token. 
####
Extracted Semantic ambiguity segment: only one Sent/Received time is displayed,
####
Clarifying Question(s): ","['When you mention ""only one Sent/Received time is displayed,"" do you mean that either the sent time or the received time is displayed but not both, or are you referring to a combined single time for both sending and receiving?']","""When you mention 'only one Sent/Received time is displayed,' do you mean that only the sent time or the received time is displayed, or that both are included as one piece of information?""","['When you mention ""only one Sent/Received time is displayed,"" do you mean that either the sent or received time is displayed, or are you referring to a combined sent and received timestamp as a single entry?']","['When you mention ""only one Sent/Received time is displayed,"" do you mean only the sent time is displayed, or is it a combined token for both sent and received time?', 'Does ""Sent/Received"" refer to two separate times, or is it treated as a single time label for both events?']","['When you mention ""only one Sent/Received time is displayed,"" do you mean that only one time is shown for either ""Sent"" or ""Received"" individually, or do you mean that ""Sent/Received"" is displayed together as a single piece of information?']","['When you say ""only one Sent/Received time is displayed,"" do you mean it shows either the sent time or the received time separately, or does it display them as one combined token?', 'Are you suggesting that the label should read as ""Sent"" only because it represents the sent time and not a combined sent/received time?']","['When you say ""only one Sent/Received time is displayed,"" do you mean that only the sent time or only the received time is shown, or are both times combined and shown as a single token?']","['When you mention ""only one Sent/Received time is displayed,"" do you mean that it shows either the sent or the received time separately, or that ""Sent/Received"" is a single combined label representing one time?']","['When you mention ""only one Sent/Received time is displayed,"" do you mean it is showing either the sent or received time separately, both sent and received times as one combined token, or something else?', 'Could you specify if the intended display should differentiate between the sent and received times individually or if they should remain as a singular combined display?']","['When you mention ""only one Sent/Received time is displayed,"" are you suggesting there should be separate sent and received times, or are you referring to a combined sent/received timestamp?', 'Does ""Sent/Received"" refer to a single timestamp that could represent either sent or received time, or is it intended to represent both separately?']"
28,28,1504-Signal,Request Number - 1504 | Request Title - Notification Color for Individual Contacts or Groups | Request Description - how about we edit this one too?  or just delete it..... üôà,Notification Color for Individual Contacts or Groups,"When writing ""notification color for individual contacts or groups"", are you suggesting one color for all individual contacts and one different color for all group messages, one different color for each individual and group, one color for all individual contact and group message notifications (to differentiate user communications from system or other types of notifications), or something else?","['When writing ""notification color for individual contacts or groups"", are you suggesting one color for all individual contacts and one different color for all group messages, one different color for each individual and group, one color for all individual contact and group message notifications (to differentiate user communications from system or other types of notifications), or something else?']","Semantic ambiguity: a sentence has more than one way of reading it within its context, although it contains no lexical or syntactic ambiguity. Semantic ambiguity can be viewed as ambiguity with respect to the logical form, usually expressed in predicate logic, of a sentence.
You are a software analyst specializing in Semantic ambiguity resolution in GitHub feature requests.
Carefully read the provided statement along with the extracted Semantic ambiguity segment and the reasoning behind why the extracted text segment is considered ambiguous. Based on the information, generate clear and concise clarification questions aimed at addressing the Semantic ambiguity in the extracted text segment; include all generated clarifying questions in a single comma-separated list. Make sure to have all elements of the list in quotation marks.
Demonstrations are provided for clarity. Each demonstration is separated by the trigger word # END. Inside each demonstration, the statement, reason, extracted segment, and clarifying questions are separated using the trigger word ####. Strictly follow the provided demonstration.
Statement: Request Number - 6077 | Request Title - Update libphonenumber to >=8.2.0 (Cannot send SMS to my mobile provider) | Request Description - I have:   searched open and closed issues for duplicates  read https://github.com/WhisperSystems/Signal-Android/wiki/Submitting-useful-bug-reports  Bug description. My friend made me aware of this as I'm never checking my account status via SMS, but it doesn't work for me neither. To check our account status, we have to send an SMS message to 13977, but Signal fails to deliver it. I tried sending it through the native Oneplus SMS app and it goes through just fine, with an immediate response. I can send an SMS to other people, though, so it has something to do with that number. (Signal adds +385 to it for Croatia, maybe that's it?) Steps to reproduce.  send an SMS to my provider through Signal Actual result: it doesn't go through, ""Failed to send"", ""Some issues need your attention."" Expected result: Message should go through and I should get a response. Device info. Device: OnePlus3T Android version: 7.0 Signal version: 3.27.1 Link to debug log. https://gist.github.com/anonymous/f656572561ea3a91d0f4bbdeb98e587b
####
Reason: The pronoun 'it' could point to multiple noun phrases earlier in the sentence, creating multiple possible meanings.
####
Extracted Semantic ambiguity segment: it.
####
Clarifying Question(s): ['When you wrote ""Signal fails to deliver it"", does \'it\' refer to ""an SMS message to 13977"", ""our account status"", or something else?']
# END
Statement: Request Number - 1407 | Request Title - textsecure not an option when ""sharing"" an address book contact | Request Description - TextSecure is not an option when attempting to share a contact from the address book, in Android 4.4.2 when i select ""messaging"" it tells me ""messaging"" is not the default sms app. This would be a nice feature to have added to the app.
####
Reason: The pronoun ""it"" can point to multiple possible targets in the sentence, creating multiple interpretations.
####
Extracted Semantic ambiguity segment: it
####
Clarifying Question(s): ['When you wrote ""it tells me"", does ""it"" refer to TextSecure, the Android OS, or something else?']
# END
Statement: Request Number - 555 | Request Title - Not working in dual sim phone | Request Description - My friend has a dual sim Lava iris 405 and i have samsung galaxy s3. we both have installed the TextSecure when i start secure session, it sends Key exchange message and its received in my friends. After that it says Received and processed key exchange message but he is unable to send me any message, it says error sending. i know its giving problem because its a dual sim phone, text secure app is not able to send sms from particular sim and giving this error. Is dual sim phone supported by textSecure?
####
Reason: It is unclear whether the indefinite noun phrase ""particular sim"" is intended to be specific or non-specific, creating multiple possible interpretations.
####
Extracted Semantic ambiguity segment: particular sim
####
Clarifying Question(s): ['When you say the app is not able to send from a particular SIM, do you mean it cannot send from a specific SIM, it cannot send from either SIM interchangeably, or something else?']
# END
Request Number - 1504 | Request Title - Notification Color for Individual Contacts or Groups | Request Description - how about we edit this one too?  or just delete it..... üôà
####
Reason: It is unclear how the different noun phrases (notification color, individual contacts, groups) associate with one another in a collective/distributive sense, creating multiple possible interpretations.
####
Extracted Semantic ambiguity segment: Notification Color for Individual Contacts or Groups
####
Clarifying Question(s): ","[""When you say 'Notification Color for Individual Contacts or Groups,' do you mean setting a unique notification color for each individual contact or group, using a general color setting that applies to all individual contacts and groups, or another combination?""]","[""When suggesting a 'Notification Color for Individual Contacts or Groups', are you proposing that each contact or group can have its own unique notification color, or that both individual contacts and groups together share one notification color?"", ""Does the feature suggest having separate notification color settings for individual contacts and groups, or is it a unified setting applicable to both?""]","['When you mention ""Notification Color for Individual Contacts or Groups,"" are you proposing that each contact or group should have its own distinct notification color, or are you suggesting a single color that applies to a selection of individual contacts and groups as a whole?']","['When you mention ""Notification Color for Individual Contacts or Groups,"" are you suggesting setting a unique notification color for each individual contact, for groups collectively, or something else?']","['When referring to ""Notification Color for Individual Contacts or Groups"", do you mean setting a unique notification color for each individual contact or group, setting a single notification color that applies to all individual contacts or groups, or something else?']","['When you mention ""Notification Color for Individual Contacts or Groups,"" are you proposing that each contact or group have a unique notification color, that a single notification color applies to both individual contacts and groups, or something else?']","['When you mention ""Notification Color for Individual Contacts or Groups"", do you mean setting a universal notification color for both individual contacts and groups, different notification colors for individual contacts versus groups, or something else?']","['When you mention ""Notification Color for Individual Contacts or Groups"", are you suggesting a unique color for each contact and group individually, a single color for all contacts and groups collectively, or something else?', 'Should the notification color apply distinctly to individual contacts as well as groups, or in a unified way across all?']","['When you mention ""Notification Color for Individual Contacts or Groups"", are you suggesting a unique notification color for each individual contact or group, the same notification color for all individual contacts or groups, or something else?', 'Does ""Notification Color"" apply to both individual contacts and groups separately, or are you referring to them collectively?']","[""When you mention 'Notification Color for Individual Contacts or Groups', are you suggesting that notification colors be customized for individual contacts, for groups, for both, or something else entirely?""]"
29,29,801-Signal,"Request Number - 801 | Request Title - Feature request: Mute Group (or any user) | Request Description - Sometimes friends in a group are discussing something I'm not interested in and my phone would go nuts vibrating and ringing all the time. A ""Mute for X minutes/hours"" feature would be awesome.",any,"When you wrote ""any user"", do you mean ""a selected user"", ""all applicable users"", or something else?","['When you wrote ""any user"", do you mean ""a selected user"", ""all applicable users"", or something else?']","Semantic ambiguity: a sentence has more than one way of reading it within its context, although it contains no lexical or syntactic ambiguity. Semantic ambiguity can be viewed as ambiguity with respect to the logical form, usually expressed in predicate logic, of a sentence.
You are a software analyst specializing in Semantic ambiguity resolution in GitHub feature requests.
Carefully read the provided statement along with the extracted Semantic ambiguity segment and the reasoning behind why the extracted text segment is considered ambiguous. Based on the information, generate clear and concise clarification questions aimed at addressing the Semantic ambiguity in the extracted text segment; include all generated clarifying questions in a single comma-separated list. Make sure to have all elements of the list in quotation marks.
Demonstrations are provided for clarity. Each demonstration is separated by the trigger word # END. Inside each demonstration, the statement, reason, extracted segment, and clarifying questions are separated using the trigger word ####. Strictly follow the provided demonstration.
Statement: Request Number - 6077 | Request Title - Update libphonenumber to >=8.2.0 (Cannot send SMS to my mobile provider) | Request Description - I have:   searched open and closed issues for duplicates  read https://github.com/WhisperSystems/Signal-Android/wiki/Submitting-useful-bug-reports  Bug description. My friend made me aware of this as I'm never checking my account status via SMS, but it doesn't work for me neither. To check our account status, we have to send an SMS message to 13977, but Signal fails to deliver it. I tried sending it through the native Oneplus SMS app and it goes through just fine, with an immediate response. I can send an SMS to other people, though, so it has something to do with that number. (Signal adds +385 to it for Croatia, maybe that's it?) Steps to reproduce.  send an SMS to my provider through Signal Actual result: it doesn't go through, ""Failed to send"", ""Some issues need your attention."" Expected result: Message should go through and I should get a response. Device info. Device: OnePlus3T Android version: 7.0 Signal version: 3.27.1 Link to debug log. https://gist.github.com/anonymous/f656572561ea3a91d0f4bbdeb98e587b
####
Reason: The pronoun 'it' could point to multiple noun phrases earlier in the sentence, creating multiple possible meanings.
####
Extracted Semantic ambiguity segment: it.
####
Clarifying Question(s): ['When you wrote ""Signal fails to deliver it"", does \'it\' refer to ""an SMS message to 13977"", ""our account status"", or something else?']
# END
Statement: Request Number - 1407 | Request Title - textsecure not an option when ""sharing"" an address book contact | Request Description - TextSecure is not an option when attempting to share a contact from the address book, in Android 4.4.2 when i select ""messaging"" it tells me ""messaging"" is not the default sms app. This would be a nice feature to have added to the app.
####
Reason: The pronoun ""it"" can point to multiple possible targets in the sentence, creating multiple interpretations.
####
Extracted Semantic ambiguity segment: it
####
Clarifying Question(s): ['When you wrote ""it tells me"", does ""it"" refer to TextSecure, the Android OS, or something else?']
# END
Statement: Request Number - 555 | Request Title - Not working in dual sim phone | Request Description - My friend has a dual sim Lava iris 405 and i have samsung galaxy s3. we both have installed the TextSecure when i start secure session, it sends Key exchange message and its received in my friends. After that it says Received and processed key exchange message but he is unable to send me any message, it says error sending. i know its giving problem because its a dual sim phone, text secure app is not able to send sms from particular sim and giving this error. Is dual sim phone supported by textSecure?
####
Reason: It is unclear whether the indefinite noun phrase ""particular sim"" is intended to be specific or non-specific, creating multiple possible interpretations.
####
Extracted Semantic ambiguity segment: particular sim
####
Clarifying Question(s): ['When you say the app is not able to send from a particular SIM, do you mean it cannot send from a specific SIM, it cannot send from either SIM interchangeably, or something else?']
# END
Request Number - 801 | Request Title - Feature request: Mute Group (or any user) | Request Description - Sometimes friends in a group are discussing something I'm not interested in and my phone would go nuts vibrating and ringing all the time. A ""Mute for X minutes/hours"" feature would be awesome.
####
Reason: The word ""any"" can have a specific or non-specific meaning, affecting the scope implied by the term and creating multiple possible meanings.
####
Extracted Semantic ambiguity segment: any
####
Clarifying Question(s): ","""Do you mean 'any user' as in a specific user of my choice, a random user, all users, or something else when you say the feature should allow muting 'any user'?""","['When you say ""Mute Group (or any user)"", does ""any"" refer to muting specific users of your choice, or does it mean the ability to mute all users interchangeably?', 'Are you asking for the feature to mute every user in a group, or just certain individual users as needed?']","['When you say ""Mute Group (or any user)"", does ""any"" refer to any individual user in a specific group, any user in any chat, or something else?']","[""When you say 'Mute Group (or any user)', does 'any user' refer to all users within a group, any individual user within or outside a group, or something else?""]","[""When you wrote 'Mute Group (or any user)', does 'any' refer to muting a specific user of the user's choosing, any user across all groups, or something else?""]","['When you say ""Mute Group (or any user)"", does ""any"" refer to any user within a specific group, any user across all groups, or something else?']","[""When you mention 'or any user,' do you mean specific users within a group, any user in general without specificity, or something else?""]","[""When you mention 'Mute Group (or any user)', does 'any user' refer to muting a specific user of your choice, the possibility to mute any user in your contact list individually, or something else?""]","['When you say ""Mute Group (or any user)"", does ""any"" refer to muting a specific user within a group, muting one or more users of my choosing, or muting all users in a group collectively?']","['When you say ""or any user,"" do you mean to include the ability to mute specific individual users within a group chat, or do you mean any user in general outside of group chats as well?']"
30,30,757-Signal,"Request Number - 757 | Request Title - different notification settings for group chats | Request Description - It would be very nice to be able to change the notification settings for goups independently from other (personal) chats, as group chats might have a lower priority for the user.",notification settings for goups,"When you wrote ""notification settings for all goups"", did you mean notification settings for all groups together, notification settings for each group individually, or something else?","['When you wrote ""notification settings for all goups"", did you mean notification settings for all groups together, notification settings for each group individually, or something else?']","Semantic ambiguity: a sentence has more than one way of reading it within its context, although it contains no lexical or syntactic ambiguity. Semantic ambiguity can be viewed as ambiguity with respect to the logical form, usually expressed in predicate logic, of a sentence.
You are a software analyst specializing in Semantic ambiguity resolution in GitHub feature requests.
Carefully read the provided statement along with the extracted Semantic ambiguity segment and the reasoning behind why the extracted text segment is considered ambiguous. Based on the information, generate clear and concise clarification questions aimed at addressing the Semantic ambiguity in the extracted text segment; include all generated clarifying questions in a single comma-separated list. Make sure to have all elements of the list in quotation marks.
Demonstrations are provided for clarity. Each demonstration is separated by the trigger word # END. Inside each demonstration, the statement, reason, extracted segment, and clarifying questions are separated using the trigger word ####. Strictly follow the provided demonstration.
Statement: Request Number - 6077 | Request Title - Update libphonenumber to >=8.2.0 (Cannot send SMS to my mobile provider) | Request Description - I have:   searched open and closed issues for duplicates  read https://github.com/WhisperSystems/Signal-Android/wiki/Submitting-useful-bug-reports  Bug description. My friend made me aware of this as I'm never checking my account status via SMS, but it doesn't work for me neither. To check our account status, we have to send an SMS message to 13977, but Signal fails to deliver it. I tried sending it through the native Oneplus SMS app and it goes through just fine, with an immediate response. I can send an SMS to other people, though, so it has something to do with that number. (Signal adds +385 to it for Croatia, maybe that's it?) Steps to reproduce.  send an SMS to my provider through Signal Actual result: it doesn't go through, ""Failed to send"", ""Some issues need your attention."" Expected result: Message should go through and I should get a response. Device info. Device: OnePlus3T Android version: 7.0 Signal version: 3.27.1 Link to debug log. https://gist.github.com/anonymous/f656572561ea3a91d0f4bbdeb98e587b
####
Reason: The pronoun 'it' could point to multiple noun phrases earlier in the sentence, creating multiple possible meanings.
####
Extracted Semantic ambiguity segment: it.
####
Clarifying Question(s): ['When you wrote ""Signal fails to deliver it"", does \'it\' refer to ""an SMS message to 13977"", ""our account status"", or something else?']
# END
Statement: Request Number - 1407 | Request Title - textsecure not an option when ""sharing"" an address book contact | Request Description - TextSecure is not an option when attempting to share a contact from the address book, in Android 4.4.2 when i select ""messaging"" it tells me ""messaging"" is not the default sms app. This would be a nice feature to have added to the app.
####
Reason: The pronoun ""it"" can point to multiple possible targets in the sentence, creating multiple interpretations.
####
Extracted Semantic ambiguity segment: it
####
Clarifying Question(s): ['When you wrote ""it tells me"", does ""it"" refer to TextSecure, the Android OS, or something else?']
# END
Statement: Request Number - 555 | Request Title - Not working in dual sim phone | Request Description - My friend has a dual sim Lava iris 405 and i have samsung galaxy s3. we both have installed the TextSecure when i start secure session, it sends Key exchange message and its received in my friends. After that it says Received and processed key exchange message but he is unable to send me any message, it says error sending. i know its giving problem because its a dual sim phone, text secure app is not able to send sms from particular sim and giving this error. Is dual sim phone supported by textSecure?
####
Reason: It is unclear whether the indefinite noun phrase ""particular sim"" is intended to be specific or non-specific, creating multiple possible interpretations.
####
Extracted Semantic ambiguity segment: particular sim
####
Clarifying Question(s): ['When you say the app is not able to send from a particular SIM, do you mean it cannot send from a specific SIM, it cannot send from either SIM interchangeably, or something else?']
# END
Request Number - 757 | Request Title - different notification settings for group chats | Request Description - It would be very nice to be able to change the notification settings for goups independently from other (personal) chats, as group chats might have a lower priority for the user.
####
Reason: The interaction between the term ""settings"" and the plural ""groups"" can be interpreted as having the collective scope of ""all groups"" or the distributive scope of ""each group"", which creates multiple possible interpretations.
####
Extracted Semantic ambiguity segment: notification settings for goups
####
Clarifying Question(s): ","['When you mention ""notification settings for groups"", do you mean having the same notification settings for all group chats collectively, different settings for each group chat individually, or something else?']","['When you mention ""notification settings for groups"", do you mean that there should be a single shared setting for all group chats, or that there should be individual settings for each group chat?']","['When you mention ""notification settings for groups,"" are you referring to settings that apply collectively to all groups, settings that can be customized for each individual group, or something else?']","[""When you mention 'different notification settings for groups,' do you mean having a single set of notification settings that applies to all group chats collectively, or different settings for each individual group chat?""]","[""When you mention 'notification settings for groups', do you mean having one setting that applies to all group chats collectively, individual settings for each group chat, or something else?""]","['When you say ""notification settings for groups,"" are you referring to a single collective setting that applies to all groups, or different individual settings that apply to each group separately?']","['When you say ""change the notification settings for groups,"" do you want the ability to change the settings collectively for all group chats as a single unit, individually for each group, or both options?']","[""When you mention 'notification settings for groups,' do you mean having a single notification setting that applies to all groups collectively, having separate notification settings for each group individually, or something else?""]","[""When you mention 'notification settings for groups', do you mean a single notification setting that applies to all groups collectively, or do you mean different notification settings for each individual group?""]","[""When you mention 'notification settings for groups', are you referring to settings that apply to all groups collectively, settings that can be adjusted for each group individually, or something else?""]"
31,31,2055-Signal,"Request Number - 2055 | Request Title - use delivery receipts to show message received time for outgoing messages | Request Description - After long pressing on a message and selecting the info button, the message details are shown. This includes the sent and received times for incoming messages. For outgoing messages, in contrast, only one Sent/Received time is displayed, probably containing sent time. Now that delivery receipts are implemented, it would be possible to display the received time for outgoing messages (by taking the sent time from the receipt). Or to make it more precise, let the receipt message piggybag the real received time. This would make the user interface more consistent. When this is rejected for some reasons, I suggest renaming the ""Sent/Received"" label for outgoing messages to ""Sent"" because this is what it really is about.",it,"What do you mean by ""it"" when you stated, ""because this is what it really is about""?","['What do you mean by ""it"" when you stated, ""because this is what it really is about""?']","Semantic ambiguity: a sentence has more than one way of reading it within its context, although it contains no lexical or syntactic ambiguity. Semantic ambiguity can be viewed as ambiguity with respect to the logical form, usually expressed in predicate logic, of a sentence.
You are a software analyst specializing in Semantic ambiguity resolution in GitHub feature requests.
Carefully read the provided statement along with the extracted Semantic ambiguity segment and the reasoning behind why the extracted text segment is considered ambiguous. Based on the information, generate clear and concise clarification questions aimed at addressing the Semantic ambiguity in the extracted text segment; include all generated clarifying questions in a single comma-separated list. Make sure to have all elements of the list in quotation marks.
Demonstrations are provided for clarity. Each demonstration is separated by the trigger word # END. Inside each demonstration, the statement, reason, extracted segment, and clarifying questions are separated using the trigger word ####. Strictly follow the provided demonstration.
Statement: Request Number - 6077 | Request Title - Update libphonenumber to >=8.2.0 (Cannot send SMS to my mobile provider) | Request Description - I have:   searched open and closed issues for duplicates  read https://github.com/WhisperSystems/Signal-Android/wiki/Submitting-useful-bug-reports  Bug description. My friend made me aware of this as I'm never checking my account status via SMS, but it doesn't work for me neither. To check our account status, we have to send an SMS message to 13977, but Signal fails to deliver it. I tried sending it through the native Oneplus SMS app and it goes through just fine, with an immediate response. I can send an SMS to other people, though, so it has something to do with that number. (Signal adds +385 to it for Croatia, maybe that's it?) Steps to reproduce.  send an SMS to my provider through Signal Actual result: it doesn't go through, ""Failed to send"", ""Some issues need your attention."" Expected result: Message should go through and I should get a response. Device info. Device: OnePlus3T Android version: 7.0 Signal version: 3.27.1 Link to debug log. https://gist.github.com/anonymous/f656572561ea3a91d0f4bbdeb98e587b
####
Reason: The pronoun 'it' could point to multiple noun phrases earlier in the sentence, creating multiple possible meanings.
####
Extracted Semantic ambiguity segment: it.
####
Clarifying Question(s): ['When you wrote ""Signal fails to deliver it"", does \'it\' refer to ""an SMS message to 13977"", ""our account status"", or something else?']
# END
Statement: Request Number - 1407 | Request Title - textsecure not an option when ""sharing"" an address book contact | Request Description - TextSecure is not an option when attempting to share a contact from the address book, in Android 4.4.2 when i select ""messaging"" it tells me ""messaging"" is not the default sms app. This would be a nice feature to have added to the app.
####
Reason: The pronoun ""it"" can point to multiple possible targets in the sentence, creating multiple interpretations.
####
Extracted Semantic ambiguity segment: it
####
Clarifying Question(s): ['When you wrote ""it tells me"", does ""it"" refer to TextSecure, the Android OS, or something else?']
# END
Statement: Request Number - 555 | Request Title - Not working in dual sim phone | Request Description - My friend has a dual sim Lava iris 405 and i have samsung galaxy s3. we both have installed the TextSecure when i start secure session, it sends Key exchange message and its received in my friends. After that it says Received and processed key exchange message but he is unable to send me any message, it says error sending. i know its giving problem because its a dual sim phone, text secure app is not able to send sms from particular sim and giving this error. Is dual sim phone supported by textSecure?
####
Reason: It is unclear whether the indefinite noun phrase ""particular sim"" is intended to be specific or non-specific, creating multiple possible interpretations.
####
Extracted Semantic ambiguity segment: particular sim
####
Clarifying Question(s): ['When you say the app is not able to send from a particular SIM, do you mean it cannot send from a specific SIM, it cannot send from either SIM interchangeably, or something else?']
# END
Request Number - 2055 | Request Title - use delivery receipts to show message received time for outgoing messages | Request Description - After long pressing on a message and selecting the info button, the message details are shown. This includes the sent and received times for incoming messages. For outgoing messages, in contrast, only one Sent/Received time is displayed, probably containing sent time. Now that delivery receipts are implemented, it would be possible to display the received time for outgoing messages (by taking the sent time from the receipt). Or to make it more precise, let the receipt message piggybag the real received time. This would make the user interface more consistent. When this is rejected for some reasons, I suggest renaming the ""Sent/Received"" label for outgoing messages to ""Sent"" because this is what it really is about.
####
Reason: ""it"" can refer to two references in the same sentence. 
####
Extracted Semantic ambiguity segment: it
####
Clarifying Question(s): ","['When you mentioned ""Now that delivery receipts are implemented, it would be possible to display the received time,"" does ""it"" refer to the implementation of delivery receipts or the possibility of displaying the received time for outgoing messages?', 'In the suggestion ""let the receipt message piggybag the real received time,"" does ""it"" refer to the suggestion itself or to making the user interface more consistent?']","['In the statement ""it would be possible to display the received time for outgoing messages"", does ""it"" refer to the implementation of delivery receipts or to something else?', 'When you mentioned ""let the receipt message piggybag the real received time"", does ""it"" refer to the receipt message or another aspect of the process?']","['In the sentence ""Or to make it more precise, let the receipt message piggyback the real received time,"" does ""it"" refer to the action of implementing the received time display for outgoing messages or to the receipt message itself?', 'In the context of ""When this is rejected for some reasons, I suggest renaming the \'Sent/Received\' label,"" does ""this"" refer to the implementation of displaying the received time for outgoing messages or to the suggestion of renaming the label?']","['In the sentence ""Now that delivery receipts are implemented, it would be possible to display the received time for outgoing messages,"" does ""it"" refer to the implementation of delivery receipts making this possible, or something else?']","[""In the phrase 'it would be possible to display the received time for outgoing messages,' does 'it' refer to the feature of using delivery receipts or something else?"", ""In 'when this is rejected for some reasons, I suggest renaming the 'Sent/Received' label,' does 'this' refer to the proposal to display received time for outgoing messages or another suggestion made earlier?""]","[""When you mention 'it would be possible to display the received time for outgoing messages,' does 'it' refer to the delivery receipt mechanism itself or the process of displaying the received time?"", ""Does 'it' in 'because this is what it really is about' refer to the label 'Sent/Received' or to the concept of displaying the correct times for outgoing messages?""]","['In the sentence ""it would be possible to display the received time for outgoing messages"", does ""it"" refer to the implementation of delivery receipts, the display of received time, or something else?']","['When you wrote ""Now that delivery receipts are implemented, it would be possible to display the received time,"" does ""it"" refer to the feature of displaying the received time, the implementation of delivery receipts, or something else?']","[""When you wrote 'it would be possible to display the received time for outgoing messages,' does 'it' refer to the use of delivery receipts or the display of the received time on the user interface?"", ""When you wrote 'let the receipt message piggybag the real received time,' does 'it' refer to the action of letting the message piggybag the time or something else?""]","['When you say ""it would be possible to display the received time for outgoing messages,"" does ""it"" refer to using the delivery receipts to determine the received time or to some other method?', 'When you suggest ""renaming the \'Sent/Received\' label,"" are you suggesting that ""it"" refers to the label itself or to the action of renaming it?']"
32,32,604-Signal,"Request Number - 604 | Request Title - Number registration (for push messaging) doesn't work with Google Voice | Request Description - The new push based TextSecure doesn't seem to like using Google Voice numbers (which are then forwarded to my phone's real number via SMS).  Although there are of course privacy downsides associated with letting Google see all of your incoming/outgoing SMS data, there are also serious privacy harms associated with letting people know your actual phone number, rather than a number that will just forward texts to you* The first step of the TextSecure number registration process (""Connecting"") works fine. An incoming text message with the verification code is received by the default Android SMS app, but TextSecure doesn't catch it. Thankfully, after 2 minutes of waiting, I am given the opportunity verify by voice, which does work.",it.,"When you wrote ""TextSecure doesn't catch it"", do you mean ""TextSecure doesn't catch the message"", ""TextSecure doesn't catch the verification code"", or something else?","['When you wrote ""TextSecure doesn\'t catch it"", do you mean ""TextSecure doesn\'t catch the message"", ""TextSecure doesn\'t catch the verification code"", or something else?']","Semantic ambiguity: a sentence has more than one way of reading it within its context, although it contains no lexical or syntactic ambiguity. Semantic ambiguity can be viewed as ambiguity with respect to the logical form, usually expressed in predicate logic, of a sentence.
You are a software analyst specializing in Semantic ambiguity resolution in GitHub feature requests.
Carefully read the provided statement along with the extracted Semantic ambiguity segment and the reasoning behind why the extracted text segment is considered ambiguous. Based on the information, generate clear and concise clarification questions aimed at addressing the Semantic ambiguity in the extracted text segment; include all generated clarifying questions in a single comma-separated list. Make sure to have all elements of the list in quotation marks.
Demonstrations are provided for clarity. Each demonstration is separated by the trigger word # END. Inside each demonstration, the statement, reason, extracted segment, and clarifying questions are separated using the trigger word ####. Strictly follow the provided demonstration.
Statement: Request Number - 6077 | Request Title - Update libphonenumber to >=8.2.0 (Cannot send SMS to my mobile provider) | Request Description - I have:   searched open and closed issues for duplicates  read https://github.com/WhisperSystems/Signal-Android/wiki/Submitting-useful-bug-reports  Bug description. My friend made me aware of this as I'm never checking my account status via SMS, but it doesn't work for me neither. To check our account status, we have to send an SMS message to 13977, but Signal fails to deliver it. I tried sending it through the native Oneplus SMS app and it goes through just fine, with an immediate response. I can send an SMS to other people, though, so it has something to do with that number. (Signal adds +385 to it for Croatia, maybe that's it?) Steps to reproduce.  send an SMS to my provider through Signal Actual result: it doesn't go through, ""Failed to send"", ""Some issues need your attention."" Expected result: Message should go through and I should get a response. Device info. Device: OnePlus3T Android version: 7.0 Signal version: 3.27.1 Link to debug log. https://gist.github.com/anonymous/f656572561ea3a91d0f4bbdeb98e587b
####
Reason: The pronoun 'it' could point to multiple noun phrases earlier in the sentence, creating multiple possible meanings.
####
Extracted Semantic ambiguity segment: it.
####
Clarifying Question(s): ['When you wrote ""Signal fails to deliver it"", does \'it\' refer to ""an SMS message to 13977"", ""our account status"", or something else?']
# END
Statement: Request Number - 1407 | Request Title - textsecure not an option when ""sharing"" an address book contact | Request Description - TextSecure is not an option when attempting to share a contact from the address book, in Android 4.4.2 when i select ""messaging"" it tells me ""messaging"" is not the default sms app. This would be a nice feature to have added to the app.
####
Reason: The pronoun ""it"" can point to multiple possible targets in the sentence, creating multiple interpretations.
####
Extracted Semantic ambiguity segment: it
####
Clarifying Question(s): ['When you wrote ""it tells me"", does ""it"" refer to TextSecure, the Android OS, or something else?']
# END
Statement: Request Number - 555 | Request Title - Not working in dual sim phone | Request Description - My friend has a dual sim Lava iris 405 and i have samsung galaxy s3. we both have installed the TextSecure when i start secure session, it sends Key exchange message and its received in my friends. After that it says Received and processed key exchange message but he is unable to send me any message, it says error sending. i know its giving problem because its a dual sim phone, text secure app is not able to send sms from particular sim and giving this error. Is dual sim phone supported by textSecure?
####
Reason: It is unclear whether the indefinite noun phrase ""particular sim"" is intended to be specific or non-specific, creating multiple possible interpretations.
####
Extracted Semantic ambiguity segment: particular sim
####
Clarifying Question(s): ['When you say the app is not able to send from a particular SIM, do you mean it cannot send from a specific SIM, it cannot send from either SIM interchangeably, or something else?']
# END
Request Number - 604 | Request Title - Number registration (for push messaging) doesn't work with Google Voice | Request Description - The new push based TextSecure doesn't seem to like using Google Voice numbers (which are then forwarded to my phone's real number via SMS).  Although there are of course privacy downsides associated with letting Google see all of your incoming/outgoing SMS data, there are also serious privacy harms associated with letting people know your actual phone number, rather than a number that will just forward texts to you* The first step of the TextSecure number registration process (""Connecting"") works fine. An incoming text message with the verification code is received by the default Android SMS app, but TextSecure doesn't catch it. Thankfully, after 2 minutes of waiting, I am given the opportunity verify by voice, which does work.
####
Reason: The pronoun 'it' can refer to two different targets in the sentence, changing the nature of the problem based on the interpretation.
####
Extracted Semantic ambiguity segment: it.
####
Clarifying Question(s): ","['When you wrote ""TextSecure doesn\'t catch it"", does ""it"" refer to ""the incoming text message with the verification code"" or something else?']","['When you wrote ""TextSecure doesn\'t catch it"", does ""it"" refer to ""an incoming text message with the verification code"" or ""Google Voice numbers""?']","['When you wrote ""TextSecure doesn\'t catch it,"" does ""it"" refer to ""an incoming text message with the verification code"" or the process of number registration itself?']","['When you wrote ""TextSecure doesn\'t catch it,"" does ""it"" refer to ""an incoming text message with the verification code"" or something else?']","['When you wrote ""TextSecure doesn\'t catch it,"" does ""it"" refer to the incoming text message with the verification code or something else?']","['When you mention ""TextSecure doesn\'t catch it,"" does ""it"" refer to the SMS verification code or something else?']","['When you wrote ""TextSecure doesn\'t catch it"", does ""it"" refer to the incoming text message with the verification code or something else?']","['When you wrote ""TextSecure doesn\'t catch it"", does ""it"" refer to ""an incoming text message with the verification code"" or ""the default Android SMS app receiving the code""?']","['When you mentioned ""TextSecure doesn\'t catch it,"" does ""it"" refer to the ""incoming text message with the verification code,"" the ""opportunity to verify by voice,"" or something else?']","['When you wrote ""TextSecure doesn\'t catch it"", does ""it"" refer to ""an incoming text message with the verification code"" or something else?']"
33,33,6069-Signal,"Request Number - 6069 | Request Title - Unread notification badges do not work on Huawei EMUI | Request Description - I have:   searched open and closed issues for duplicates  read https://github.com/WhisperSystems/Signal-Android/wiki/Submitting-useful-bug-reports  Bug description. I've installed Signal on a Honor 8 (made by Huawei) with EMUI 4.1 (Android 6.0). I've noticed that Signal receives notifications on new messages and they are also listed in the notification area, but the unread notifications badge on the app icon on the home screen is not shown. In Signal support articles there is mentioned, that badge icons are supported for some launchers, see https://support.whispersystems.org/hc/en-us/articles/215766077-How-can-I-see-my-unread-badge-count-What-launcher-should-I-use- So far I could not find out if this is a Signal or EMUI problem, but Threema and Conversations show the notification badges. Device info. Device: Honor 8 Android version: 6.0 Signal version: 3.26.2",they,"When you wrote ""they are also listed in the notification area"", does 'they' refer to 'notifications', 'messages', or something else?","['When you wrote ""they are also listed in the notification area"", does \'they\' refer to \'notifications\', \'messages\', or something else?']","Semantic ambiguity: a sentence has more than one way of reading it within its context, although it contains no lexical or syntactic ambiguity. Semantic ambiguity can be viewed as ambiguity with respect to the logical form, usually expressed in predicate logic, of a sentence.
You are a software analyst specializing in Semantic ambiguity resolution in GitHub feature requests.
Carefully read the provided statement along with the extracted Semantic ambiguity segment and the reasoning behind why the extracted text segment is considered ambiguous. Based on the information, generate clear and concise clarification questions aimed at addressing the Semantic ambiguity in the extracted text segment; include all generated clarifying questions in a single comma-separated list. Make sure to have all elements of the list in quotation marks.
Demonstrations are provided for clarity. Each demonstration is separated by the trigger word # END. Inside each demonstration, the statement, reason, extracted segment, and clarifying questions are separated using the trigger word ####. Strictly follow the provided demonstration.
Statement: Request Number - 6077 | Request Title - Update libphonenumber to >=8.2.0 (Cannot send SMS to my mobile provider) | Request Description - I have:   searched open and closed issues for duplicates  read https://github.com/WhisperSystems/Signal-Android/wiki/Submitting-useful-bug-reports  Bug description. My friend made me aware of this as I'm never checking my account status via SMS, but it doesn't work for me neither. To check our account status, we have to send an SMS message to 13977, but Signal fails to deliver it. I tried sending it through the native Oneplus SMS app and it goes through just fine, with an immediate response. I can send an SMS to other people, though, so it has something to do with that number. (Signal adds +385 to it for Croatia, maybe that's it?) Steps to reproduce.  send an SMS to my provider through Signal Actual result: it doesn't go through, ""Failed to send"", ""Some issues need your attention."" Expected result: Message should go through and I should get a response. Device info. Device: OnePlus3T Android version: 7.0 Signal version: 3.27.1 Link to debug log. https://gist.github.com/anonymous/f656572561ea3a91d0f4bbdeb98e587b
####
Reason: The pronoun 'it' could point to multiple noun phrases earlier in the sentence, creating multiple possible meanings.
####
Extracted Semantic ambiguity segment: it.
####
Clarifying Question(s): ['When you wrote ""Signal fails to deliver it"", does \'it\' refer to ""an SMS message to 13977"", ""our account status"", or something else?']
# END
Statement: Request Number - 1407 | Request Title - textsecure not an option when ""sharing"" an address book contact | Request Description - TextSecure is not an option when attempting to share a contact from the address book, in Android 4.4.2 when i select ""messaging"" it tells me ""messaging"" is not the default sms app. This would be a nice feature to have added to the app.
####
Reason: The pronoun ""it"" can point to multiple possible targets in the sentence, creating multiple interpretations.
####
Extracted Semantic ambiguity segment: it
####
Clarifying Question(s): ['When you wrote ""it tells me"", does ""it"" refer to TextSecure, the Android OS, or something else?']
# END
Statement: Request Number - 555 | Request Title - Not working in dual sim phone | Request Description - My friend has a dual sim Lava iris 405 and i have samsung galaxy s3. we both have installed the TextSecure when i start secure session, it sends Key exchange message and its received in my friends. After that it says Received and processed key exchange message but he is unable to send me any message, it says error sending. i know its giving problem because its a dual sim phone, text secure app is not able to send sms from particular sim and giving this error. Is dual sim phone supported by textSecure?
####
Reason: It is unclear whether the indefinite noun phrase ""particular sim"" is intended to be specific or non-specific, creating multiple possible interpretations.
####
Extracted Semantic ambiguity segment: particular sim
####
Clarifying Question(s): ['When you say the app is not able to send from a particular SIM, do you mean it cannot send from a specific SIM, it cannot send from either SIM interchangeably, or something else?']
# END
Request Number - 6069 | Request Title - Unread notification badges do not work on Huawei EMUI | Request Description - I have:   searched open and closed issues for duplicates  read https://github.com/WhisperSystems/Signal-Android/wiki/Submitting-useful-bug-reports  Bug description. I've installed Signal on a Honor 8 (made by Huawei) with EMUI 4.1 (Android 6.0). I've noticed that Signal receives notifications on new messages and they are also listed in the notification area, but the unread notifications badge on the app icon on the home screen is not shown. In Signal support articles there is mentioned, that badge icons are supported for some launchers, see https://support.whispersystems.org/hc/en-us/articles/215766077-How-can-I-see-my-unread-badge-count-What-launcher-should-I-use- So far I could not find out if this is a Signal or EMUI problem, but Threema and Conversations show the notification badges. Device info. Device: Honor 8 Android version: 6.0 Signal version: 3.26.2
####
Reason: The pronoun ""they"" can point to two possible targets in the sentence, creating multiple possible interpretations.
####
Extracted Semantic ambiguity segment: they
####
Clarifying Question(s): ","['When you wrote ""they are also listed in the notification area"", does ""they"" refer to ""Signal receives notifications on new messages"", the ""notification badges"", or something else?']","['When you wrote ""they are also listed in the notification area"", does ""they"" refer to the notifications on new messages, the unread notifications, or something else?']","['In the sentence ""they are also listed in the notification area"", does ""they"" refer to the notifications, the new messages, or something else?']","['In the sentence ""Signal receives notifications on new messages and they are also listed in the notification area,"" does ""they"" refer to the notifications or to the new messages?']","['When you wrote ""they are also listed in the notification area,"" does ""they"" refer to the notifications themselves or the new messages?']","['When you wrote ""they are also listed in the notification area,"" does ""they"" refer to the notifications themselves or the new messages?']","['When you mentioned ""they are also listed in the notification area,"" does ""they"" refer to the notifications, the new messages, or something else?']","['In the sentence ""Signal receives notifications on new messages and they are also listed in the notification area,"" does ""they"" refer to the notifications, the new messages, or something else?']","['When you mention ""they are also listed in the notification area"", does ""they"" refer to ""notifications on new messages"" or to something else?']","['When you wrote ""they are also listed in the notification area"", does ""they"" refer to the new messages, the notifications for those messages, or something else?']"
34,34,2055-Signal,"Request Number - 2055 | Request Title - use delivery receipts to show message received time for outgoing messages | Request Description - After long pressing on a message and selecting the info button, the message details are shown. This includes the sent and received times for incoming messages. For outgoing messages, in contrast, only one Sent/Received time is displayed, probably containing sent time. Now that delivery receipts are implemented, it would be possible to display the received time for outgoing messages (by taking the sent time from the receipt). Or to make it more precise, let the receipt message piggybag the real received time. This would make the user interface more consistent. When this is rejected for some reasons, I suggest renaming the ""Sent/Received"" label for outgoing messages to ""Sent"" because this is what it really is about.","only one Sent/Received time is displayed,",What time receipt is shown for an outgoing message?,['What time receipt is shown for an outgoing message?'],"Semantic ambiguity: a sentence has more than one way of reading it within its context, although it contains no lexical or syntactic ambiguity. Semantic ambiguity can be viewed as ambiguity with respect to the logical form, usually expressed in predicate logic, of a sentence.
You are a software analyst specializing in Semantic ambiguity resolution in GitHub feature requests.
Carefully read the provided statement along with the extracted Semantic ambiguity segment and the reasoning behind why the extracted text segment is considered ambiguous. Based on the information, generate clear and concise clarification questions aimed at addressing the Semantic ambiguity in the extracted text segment; include all generated clarifying questions in a single comma-separated list. Make sure to have all elements of the list in quotation marks.
Demonstrations are provided for clarity. Each demonstration is separated by the trigger word # END. Inside each demonstration, the statement, reason, extracted segment, and clarifying questions are separated using the trigger word ####. Strictly follow the provided demonstration.
Statement: Request Number - 6077 | Request Title - Update libphonenumber to >=8.2.0 (Cannot send SMS to my mobile provider) | Request Description - I have:   searched open and closed issues for duplicates  read https://github.com/WhisperSystems/Signal-Android/wiki/Submitting-useful-bug-reports  Bug description. My friend made me aware of this as I'm never checking my account status via SMS, but it doesn't work for me neither. To check our account status, we have to send an SMS message to 13977, but Signal fails to deliver it. I tried sending it through the native Oneplus SMS app and it goes through just fine, with an immediate response. I can send an SMS to other people, though, so it has something to do with that number. (Signal adds +385 to it for Croatia, maybe that's it?) Steps to reproduce.  send an SMS to my provider through Signal Actual result: it doesn't go through, ""Failed to send"", ""Some issues need your attention."" Expected result: Message should go through and I should get a response. Device info. Device: OnePlus3T Android version: 7.0 Signal version: 3.27.1 Link to debug log. https://gist.github.com/anonymous/f656572561ea3a91d0f4bbdeb98e587b
####
Reason: The pronoun 'it' could point to multiple noun phrases earlier in the sentence, creating multiple possible meanings.
####
Extracted Semantic ambiguity segment: it.
####
Clarifying Question(s): ['When you wrote ""Signal fails to deliver it"", does \'it\' refer to ""an SMS message to 13977"", ""our account status"", or something else?']
# END
Statement: Request Number - 1407 | Request Title - textsecure not an option when ""sharing"" an address book contact | Request Description - TextSecure is not an option when attempting to share a contact from the address book, in Android 4.4.2 when i select ""messaging"" it tells me ""messaging"" is not the default sms app. This would be a nice feature to have added to the app.
####
Reason: The pronoun ""it"" can point to multiple possible targets in the sentence, creating multiple interpretations.
####
Extracted Semantic ambiguity segment: it
####
Clarifying Question(s): ['When you wrote ""it tells me"", does ""it"" refer to TextSecure, the Android OS, or something else?']
# END
Statement: Request Number - 555 | Request Title - Not working in dual sim phone | Request Description - My friend has a dual sim Lava iris 405 and i have samsung galaxy s3. we both have installed the TextSecure when i start secure session, it sends Key exchange message and its received in my friends. After that it says Received and processed key exchange message but he is unable to send me any message, it says error sending. i know its giving problem because its a dual sim phone, text secure app is not able to send sms from particular sim and giving this error. Is dual sim phone supported by textSecure?
####
Reason: It is unclear whether the indefinite noun phrase ""particular sim"" is intended to be specific or non-specific, creating multiple possible interpretations.
####
Extracted Semantic ambiguity segment: particular sim
####
Clarifying Question(s): ['When you say the app is not able to send from a particular SIM, do you mean it cannot send from a specific SIM, it cannot send from either SIM interchangeably, or something else?']
# END
Request Number - 2055 | Request Title - use delivery receipts to show message received time for outgoing messages | Request Description - After long pressing on a message and selecting the info button, the message details are shown. This includes the sent and received times for incoming messages. For outgoing messages, in contrast, only one Sent/Received time is displayed, probably containing sent time. Now that delivery receipts are implemented, it would be possible to display the received time for outgoing messages (by taking the sent time from the receipt). Or to make it more precise, let the receipt message piggybag the real received time. This would make the user interface more consistent. When this is rejected for some reasons, I suggest renaming the ""Sent/Received"" label for outgoing messages to ""Sent"" because this is what it really is about.
####
Reason: There are quantifiers ""only one"" and also ""/"" in the sentence. In this case, sent/received can be interpreted in two different ways: (1) sent or received. (2) sent and received as one token. 
####
Extracted Semantic ambiguity segment: only one Sent/Received time is displayed,
####
Clarifying Question(s): ","[""When you mention 'only one Sent/Received time is displayed,' do you mean that only the sent time is displayed, that both sent and received times are merged into one display, or something else?""]","['When you mention ""only one Sent/Received time is displayed,"" do you mean that there is only one time shown that represents either the sent or received time, or do you mean that there is a single time representing both actions as a combined token?']","['When you mention ""only one Sent/Received time is displayed,"" are you referring to an either/or scenario where either the sent or received time is shown, or are you suggesting that sent and received times are combined into one single display?', 'Does ""Sent/Received"" mean both times are displayed together as a single piece of information or that it could be either sent or received time being shown?']","['When you mention ""only one Sent/Received time is displayed,"" do you mean that either the sent or received time is displayed, or do you mean that the sent and received times are combined into one token?']","['When you mention ""only one Sent/Received time is displayed,"" do you mean it is displaying either sent or received time, or are you referring to a combined sent/received time as a single token?']","['When you mention ""only one Sent/Received time is displayed,"" are you implying that the ""Sent/Received"" time represents either the sent time or the received time, or are you suggesting that ""Sent/Received"" is combined as a single time value?', 'In the context of ""only one Sent/Received time is displayed,"" does this mean that both times are displayed as one combined token, or is it simply displaying the sent time only?']","[""When you mention 'only one Sent/Received time is displayed,' do you mean that only a single time, either sent or received, is shown, or do you mean that a combined time for both sent and received is presented as one?""]","['When you say ""only one Sent/Received time is displayed,"" do you mean that the time displayed is only for sent messages, only for received messages, or a combined sent and received time?', 'Does the phrase ""Sent/Received"" imply that it should distinguish between sent and received times, or is it intended to represent a general timestamp for outgoing messages?']","['When you mention ""only one Sent/Received time is displayed,"" are you referring to the time as either ""sent"" or ""received,"" or as a single token that combines both ""sent"" and ""received""?']","['When you mention ""only one Sent/Received time is displayed,"" do you mean there is only one time for either sent or received separately, or do you mean there is one combined time for both sent and received?']"
35,35,1504-Signal,Request Number - 1504 | Request Title - Notification Color for Individual Contacts or Groups | Request Description - how about we edit this one too?  or just delete it..... üôà,Notification Color for Individual Contacts or Groups,"When writing ""notification color for individual contacts or groups"", are you suggesting one color for all individual contacts and one different color for all group messages, one different color for each individual and group, one color for all individual contact and group message notifications (to differentiate user communications from system or other types of notifications), or something else?","['When writing ""notification color for individual contacts or groups"", are you suggesting one color for all individual contacts and one different color for all group messages, one different color for each individual and group, one color for all individual contact and group message notifications (to differentiate user communications from system or other types of notifications), or something else?']","Semantic ambiguity: a sentence has more than one way of reading it within its context, although it contains no lexical or syntactic ambiguity. Semantic ambiguity can be viewed as ambiguity with respect to the logical form, usually expressed in predicate logic, of a sentence.
You are a software analyst specializing in Semantic ambiguity resolution in GitHub feature requests.
Carefully read the provided statement along with the extracted Semantic ambiguity segment and the reasoning behind why the extracted text segment is considered ambiguous. Based on the information, generate clear and concise clarification questions aimed at addressing the Semantic ambiguity in the extracted text segment; include all generated clarifying questions in a single comma-separated list. Make sure to have all elements of the list in quotation marks.
Demonstrations are provided for clarity. Each demonstration is separated by the trigger word # END. Inside each demonstration, the statement, reason, extracted segment, and clarifying questions are separated using the trigger word ####. Strictly follow the provided demonstration.
Statement: Request Number - 6077 | Request Title - Update libphonenumber to >=8.2.0 (Cannot send SMS to my mobile provider) | Request Description - I have:   searched open and closed issues for duplicates  read https://github.com/WhisperSystems/Signal-Android/wiki/Submitting-useful-bug-reports  Bug description. My friend made me aware of this as I'm never checking my account status via SMS, but it doesn't work for me neither. To check our account status, we have to send an SMS message to 13977, but Signal fails to deliver it. I tried sending it through the native Oneplus SMS app and it goes through just fine, with an immediate response. I can send an SMS to other people, though, so it has something to do with that number. (Signal adds +385 to it for Croatia, maybe that's it?) Steps to reproduce.  send an SMS to my provider through Signal Actual result: it doesn't go through, ""Failed to send"", ""Some issues need your attention."" Expected result: Message should go through and I should get a response. Device info. Device: OnePlus3T Android version: 7.0 Signal version: 3.27.1 Link to debug log. https://gist.github.com/anonymous/f656572561ea3a91d0f4bbdeb98e587b
####
Reason: The pronoun 'it' could point to multiple noun phrases earlier in the sentence, creating multiple possible meanings.
####
Extracted Semantic ambiguity segment: it.
####
Clarifying Question(s): ['When you wrote ""Signal fails to deliver it"", does \'it\' refer to ""an SMS message to 13977"", ""our account status"", or something else?']
# END
Statement: Request Number - 555 | Request Title - Not working in dual sim phone | Request Description - My friend has a dual sim Lava iris 405 and i have samsung galaxy s3. we both have installed the TextSecure when i start secure session, it sends Key exchange message and its received in my friends. After that it says Received and processed key exchange message but he is unable to send me any message, it says error sending. i know its giving problem because its a dual sim phone, text secure app is not able to send sms from particular sim and giving this error. Is dual sim phone supported by textSecure?
####
Reason: It is unclear whether the indefinite noun phrase ""particular sim"" is intended to be specific or non-specific, creating multiple possible interpretations.
####
Extracted Semantic ambiguity segment: particular sim
####
Clarifying Question(s): ['When you say the app is not able to send from a particular SIM, do you mean it cannot send from a specific SIM, it cannot send from either SIM interchangeably, or something else?']
# END
Statement: Request Number - 1407 | Request Title - textsecure not an option when ""sharing"" an address book contact | Request Description - TextSecure is not an option when attempting to share a contact from the address book, in Android 4.4.2 when i select ""messaging"" it tells me ""messaging"" is not the default sms app. This would be a nice feature to have added to the app.
####
Reason: The pronoun ""it"" can point to multiple possible targets in the sentence, creating multiple interpretations.
####
Extracted Semantic ambiguity segment: it
####
Clarifying Question(s): ['When you wrote ""it tells me"", does ""it"" refer to TextSecure, the Android OS, or something else?']
# END
Request Number - 1504 | Request Title - Notification Color for Individual Contacts or Groups | Request Description - how about we edit this one too?  or just delete it..... üôà
####
Reason: It is unclear how the different noun phrases (notification color, individual contacts, groups) associate with one another in a collective/distributive sense, creating multiple possible interpretations.
####
Extracted Semantic ambiguity segment: Notification Color for Individual Contacts or Groups
####
Clarifying Question(s): ","[""When you mention 'Notification Color for Individual Contacts or Groups', are you suggesting that each individual contact or group should have its own unique notification color, that there should be uniform notification colors for all contacts or groups, or something else?""]","['When you mention ""Notification Color for Individual Contacts or Groups,"" are you suggesting changing the notification color individually for each contact and group, collectively for all, or something else?']","['When you say ""Notification Color for Individual Contacts or Groups,"" do you mean each individual contact or group can have its own notification color, or is there one notification color shared collectively among all contacts and groups?', 'Are the notification colors customizable for both individual contacts and groups, or only for one of them?', 'When you refer to ""Notification Color,"" are you looking for a specific feature like changing the LED color for notifications, or something else?']","[""Does 'Notification Color for Individual Contacts or Groups' mean setting a unique notification color for each individual contact and group separately, or having a single notification color option that applies collectively to all individual contacts and groups?""]","['When you mention ""Notification Color for Individual Contacts or Groups,"" are you suggesting each contact or group should have its own color, the same color for all contacts, the same color for all groups, or something else?']","""When you mention 'Notification Color for Individual Contacts or Groups', do you mean setting a unique notification color for each individual contact and each group separately, the same notification color for all individual contacts and a different one for groups, or something else?""","['When mentioning ""Notification Color for Individual Contacts or Groups,"" do you mean assigning a specific notification color for each individual contact, for each group, or a shared color for either contacts or groups?', 'Should the notification color feature allow customization on both individual contacts and groups simultaneously or exclusively on one?', 'Are you suggesting different notification colors for different groups and individual contacts, or a uniform color applicable to all?']","['When you mention ""Notification Color for Individual Contacts or Groups,"" are you suggesting that each contact or group should have a unique notification color, that one notification color should apply collectively to contacts and groups, or something else?']","['When you mention ""Notification Color for Individual Contacts or Groups,"" are you suggesting that notification colors should be set individually for each contact or group, collectively for all contacts or groups, or something else?']","[""Are you requesting the ability to set different notification colors for individual contacts, for groups, or for both?"", ""Should the notification color feature be applied collectively to all contacts and groups, or should it be set individually for each contact and group?"", ""When you mention 'Notification Color for Individual Contacts or Groups', are you suggesting separate settings for contacts and groups or a single setting applicable to both?""]"
36,36,801-Signal,"Request Number - 801 | Request Title - Feature request: Mute Group (or any user) | Request Description - Sometimes friends in a group are discussing something I'm not interested in and my phone would go nuts vibrating and ringing all the time. A ""Mute for X minutes/hours"" feature would be awesome.",any,"When you wrote ""any user"", do you mean ""a selected user"", ""all applicable users"", or something else?","['When you wrote ""any user"", do you mean ""a selected user"", ""all applicable users"", or something else?']","Semantic ambiguity: a sentence has more than one way of reading it within its context, although it contains no lexical or syntactic ambiguity. Semantic ambiguity can be viewed as ambiguity with respect to the logical form, usually expressed in predicate logic, of a sentence.
You are a software analyst specializing in Semantic ambiguity resolution in GitHub feature requests.
Carefully read the provided statement along with the extracted Semantic ambiguity segment and the reasoning behind why the extracted text segment is considered ambiguous. Based on the information, generate clear and concise clarification questions aimed at addressing the Semantic ambiguity in the extracted text segment; include all generated clarifying questions in a single comma-separated list. Make sure to have all elements of the list in quotation marks.
Demonstrations are provided for clarity. Each demonstration is separated by the trigger word # END. Inside each demonstration, the statement, reason, extracted segment, and clarifying questions are separated using the trigger word ####. Strictly follow the provided demonstration.
Statement: Request Number - 6077 | Request Title - Update libphonenumber to >=8.2.0 (Cannot send SMS to my mobile provider) | Request Description - I have:   searched open and closed issues for duplicates  read https://github.com/WhisperSystems/Signal-Android/wiki/Submitting-useful-bug-reports  Bug description. My friend made me aware of this as I'm never checking my account status via SMS, but it doesn't work for me neither. To check our account status, we have to send an SMS message to 13977, but Signal fails to deliver it. I tried sending it through the native Oneplus SMS app and it goes through just fine, with an immediate response. I can send an SMS to other people, though, so it has something to do with that number. (Signal adds +385 to it for Croatia, maybe that's it?) Steps to reproduce.  send an SMS to my provider through Signal Actual result: it doesn't go through, ""Failed to send"", ""Some issues need your attention."" Expected result: Message should go through and I should get a response. Device info. Device: OnePlus3T Android version: 7.0 Signal version: 3.27.1 Link to debug log. https://gist.github.com/anonymous/f656572561ea3a91d0f4bbdeb98e587b
####
Reason: The pronoun 'it' could point to multiple noun phrases earlier in the sentence, creating multiple possible meanings.
####
Extracted Semantic ambiguity segment: it.
####
Clarifying Question(s): ['When you wrote ""Signal fails to deliver it"", does \'it\' refer to ""an SMS message to 13977"", ""our account status"", or something else?']
# END
Statement: Request Number - 555 | Request Title - Not working in dual sim phone | Request Description - My friend has a dual sim Lava iris 405 and i have samsung galaxy s3. we both have installed the TextSecure when i start secure session, it sends Key exchange message and its received in my friends. After that it says Received and processed key exchange message but he is unable to send me any message, it says error sending. i know its giving problem because its a dual sim phone, text secure app is not able to send sms from particular sim and giving this error. Is dual sim phone supported by textSecure?
####
Reason: It is unclear whether the indefinite noun phrase ""particular sim"" is intended to be specific or non-specific, creating multiple possible interpretations.
####
Extracted Semantic ambiguity segment: particular sim
####
Clarifying Question(s): ['When you say the app is not able to send from a particular SIM, do you mean it cannot send from a specific SIM, it cannot send from either SIM interchangeably, or something else?']
# END
Statement: Request Number - 1407 | Request Title - textsecure not an option when ""sharing"" an address book contact | Request Description - TextSecure is not an option when attempting to share a contact from the address book, in Android 4.4.2 when i select ""messaging"" it tells me ""messaging"" is not the default sms app. This would be a nice feature to have added to the app.
####
Reason: The pronoun ""it"" can point to multiple possible targets in the sentence, creating multiple interpretations.
####
Extracted Semantic ambiguity segment: it
####
Clarifying Question(s): ['When you wrote ""it tells me"", does ""it"" refer to TextSecure, the Android OS, or something else?']
# END
Request Number - 801 | Request Title - Feature request: Mute Group (or any user) | Request Description - Sometimes friends in a group are discussing something I'm not interested in and my phone would go nuts vibrating and ringing all the time. A ""Mute for X minutes/hours"" feature would be awesome.
####
Reason: The word ""any"" can have a specific or non-specific meaning, affecting the scope implied by the term and creating multiple possible meanings.
####
Extracted Semantic ambiguity segment: any
####
Clarifying Question(s): ","['When you say ""Mute Group (or any user)"", are you referring to the ability to mute a specific user of your choosing, the ability to mute all users indiscriminately, or something else?']","['When you say ""Mute Group (or any user)"", does ""any user"" mean muting a specific user of your choosing or muting any user in general without specifying?']","[""When you mention 'Mute Group (or any user)', does 'any user' refer to a specific user within the group, any user in general regardless of group, or something else?""]","['When you say ""Mute Group (or any user)"", do you mean to mute a specific user selected by the user, to mute all users individually one at a time, or to have the option to mute any random user?']","['When you say ""or any user"", do you mean you want the option to mute all users individually, specific users you choose, or possibly any user on the platform?']","[""When you mention 'Mute Group (or any user)', does 'any' refer to every individual user in a group, a selected user of your choice, or someone else?""]","['When you say ""Mute Group (or any user),"" does ""any"" mean that you want to mute a specific user of your choosing, to mute every user in general without specification, or something else?']","['When you mention muting ""any user,"" are you referring to muting a specific user within a group, any user globally across all interactions, or something else?']","['When you mention ""Mute Group (or any user)"", does ""any"" refer to muting a specific single user of your choice, or does it imply the ability to mute all users individually at different times according to preference, or something else?']","['When you say ""Mute Group (or any user)"", do you mean that the feature should allow muting a specific user chosen by the user, allow muting any randomly selected user, or something else?']"
37,37,757-Signal,"Request Number - 757 | Request Title - different notification settings for group chats | Request Description - It would be very nice to be able to change the notification settings for goups independently from other (personal) chats, as group chats might have a lower priority for the user.",notification settings for goups,"When you wrote ""notification settings for all goups"", did you mean notification settings for all groups together, notification settings for each group individually, or something else?","['When you wrote ""notification settings for all goups"", did you mean notification settings for all groups together, notification settings for each group individually, or something else?']","Semantic ambiguity: a sentence has more than one way of reading it within its context, although it contains no lexical or syntactic ambiguity. Semantic ambiguity can be viewed as ambiguity with respect to the logical form, usually expressed in predicate logic, of a sentence.
You are a software analyst specializing in Semantic ambiguity resolution in GitHub feature requests.
Carefully read the provided statement along with the extracted Semantic ambiguity segment and the reasoning behind why the extracted text segment is considered ambiguous. Based on the information, generate clear and concise clarification questions aimed at addressing the Semantic ambiguity in the extracted text segment; include all generated clarifying questions in a single comma-separated list. Make sure to have all elements of the list in quotation marks.
Demonstrations are provided for clarity. Each demonstration is separated by the trigger word # END. Inside each demonstration, the statement, reason, extracted segment, and clarifying questions are separated using the trigger word ####. Strictly follow the provided demonstration.
Statement: Request Number - 6077 | Request Title - Update libphonenumber to >=8.2.0 (Cannot send SMS to my mobile provider) | Request Description - I have:   searched open and closed issues for duplicates  read https://github.com/WhisperSystems/Signal-Android/wiki/Submitting-useful-bug-reports  Bug description. My friend made me aware of this as I'm never checking my account status via SMS, but it doesn't work for me neither. To check our account status, we have to send an SMS message to 13977, but Signal fails to deliver it. I tried sending it through the native Oneplus SMS app and it goes through just fine, with an immediate response. I can send an SMS to other people, though, so it has something to do with that number. (Signal adds +385 to it for Croatia, maybe that's it?) Steps to reproduce.  send an SMS to my provider through Signal Actual result: it doesn't go through, ""Failed to send"", ""Some issues need your attention."" Expected result: Message should go through and I should get a response. Device info. Device: OnePlus3T Android version: 7.0 Signal version: 3.27.1 Link to debug log. https://gist.github.com/anonymous/f656572561ea3a91d0f4bbdeb98e587b
####
Reason: The pronoun 'it' could point to multiple noun phrases earlier in the sentence, creating multiple possible meanings.
####
Extracted Semantic ambiguity segment: it.
####
Clarifying Question(s): ['When you wrote ""Signal fails to deliver it"", does \'it\' refer to ""an SMS message to 13977"", ""our account status"", or something else?']
# END
Statement: Request Number - 555 | Request Title - Not working in dual sim phone | Request Description - My friend has a dual sim Lava iris 405 and i have samsung galaxy s3. we both have installed the TextSecure when i start secure session, it sends Key exchange message and its received in my friends. After that it says Received and processed key exchange message but he is unable to send me any message, it says error sending. i know its giving problem because its a dual sim phone, text secure app is not able to send sms from particular sim and giving this error. Is dual sim phone supported by textSecure?
####
Reason: It is unclear whether the indefinite noun phrase ""particular sim"" is intended to be specific or non-specific, creating multiple possible interpretations.
####
Extracted Semantic ambiguity segment: particular sim
####
Clarifying Question(s): ['When you say the app is not able to send from a particular SIM, do you mean it cannot send from a specific SIM, it cannot send from either SIM interchangeably, or something else?']
# END
Statement: Request Number - 1407 | Request Title - textsecure not an option when ""sharing"" an address book contact | Request Description - TextSecure is not an option when attempting to share a contact from the address book, in Android 4.4.2 when i select ""messaging"" it tells me ""messaging"" is not the default sms app. This would be a nice feature to have added to the app.
####
Reason: The pronoun ""it"" can point to multiple possible targets in the sentence, creating multiple interpretations.
####
Extracted Semantic ambiguity segment: it
####
Clarifying Question(s): ['When you wrote ""it tells me"", does ""it"" refer to TextSecure, the Android OS, or something else?']
# END
Request Number - 757 | Request Title - different notification settings for group chats | Request Description - It would be very nice to be able to change the notification settings for goups independently from other (personal) chats, as group chats might have a lower priority for the user.
####
Reason: The interaction between the term ""settings"" and the plural ""groups"" can be interpreted as having the collective scope of ""all groups"" or the distributive scope of ""each group"", which creates multiple possible interpretations.
####
Extracted Semantic ambiguity segment: notification settings for goups
####
Clarifying Question(s): ","['When you mention ""notification settings for groups"", are you suggesting a single universal setting for all groups or customizable settings for each group individually?']","['When you mention ""notification settings for groups,"" are you referring to a single set of settings that applies to all group chats collectively, individual settings for each group chat separately, or something else?']","['When you mention ""notification settings for groups"", are you suggesting settings that apply collectively to all groups or are you referring to having individual settings for each group?']","[""When you mention 'notification settings for groups', do you mean a single setting that applies to all groups collectively or individual settings for each group separately?""]","['When you mention changing ""notification settings for groups"", do you mean to set the same notification settings for all groups collectively or to configure different settings for each group individually?', 'Are you looking for the ability to apply one set of notification settings across all group chats, or would you like to customize notification settings for each individual group chat?']","['When you say ""notification settings for groups"", do you mean having one set of notification settings applied to all groups collectively, or having the ability to configure different notification settings for each group individually?']","['When you mention ""notification settings for groups"", are you referring to the ability to set one configuration for all group chats collectively, or do you mean the ability to customize settings individually for each group chat?']","['When you mention ""notification settings for groups"", do you mean setting notifications collectively for all groups or having separate settings for each individual group?', 'Are you proposing a feature where users can customize notification settings for each group chat independently, or are you referring to an option that applies to all group chats simultaneously?']","['When you mention ""notification settings for groups"", are you referring to a single set of settings that applies to all group chats collectively or the ability to set different notifications for each group chat individually?']","""When you mention 'notification settings for groups', are you referring to a single set of settings that applies collectively to all group chats, or do you mean the ability to have separate settings for each individual group chat?"""
38,38,2055-Signal,"Request Number - 2055 | Request Title - use delivery receipts to show message received time for outgoing messages | Request Description - After long pressing on a message and selecting the info button, the message details are shown. This includes the sent and received times for incoming messages. For outgoing messages, in contrast, only one Sent/Received time is displayed, probably containing sent time. Now that delivery receipts are implemented, it would be possible to display the received time for outgoing messages (by taking the sent time from the receipt). Or to make it more precise, let the receipt message piggybag the real received time. This would make the user interface more consistent. When this is rejected for some reasons, I suggest renaming the ""Sent/Received"" label for outgoing messages to ""Sent"" because this is what it really is about.",it,"What do you mean by ""it"" when you stated, ""because this is what it really is about""?","['What do you mean by ""it"" when you stated, ""because this is what it really is about""?']","Semantic ambiguity: a sentence has more than one way of reading it within its context, although it contains no lexical or syntactic ambiguity. Semantic ambiguity can be viewed as ambiguity with respect to the logical form, usually expressed in predicate logic, of a sentence.
You are a software analyst specializing in Semantic ambiguity resolution in GitHub feature requests.
Carefully read the provided statement along with the extracted Semantic ambiguity segment and the reasoning behind why the extracted text segment is considered ambiguous. Based on the information, generate clear and concise clarification questions aimed at addressing the Semantic ambiguity in the extracted text segment; include all generated clarifying questions in a single comma-separated list. Make sure to have all elements of the list in quotation marks.
Demonstrations are provided for clarity. Each demonstration is separated by the trigger word # END. Inside each demonstration, the statement, reason, extracted segment, and clarifying questions are separated using the trigger word ####. Strictly follow the provided demonstration.
Statement: Request Number - 6077 | Request Title - Update libphonenumber to >=8.2.0 (Cannot send SMS to my mobile provider) | Request Description - I have:   searched open and closed issues for duplicates  read https://github.com/WhisperSystems/Signal-Android/wiki/Submitting-useful-bug-reports  Bug description. My friend made me aware of this as I'm never checking my account status via SMS, but it doesn't work for me neither. To check our account status, we have to send an SMS message to 13977, but Signal fails to deliver it. I tried sending it through the native Oneplus SMS app and it goes through just fine, with an immediate response. I can send an SMS to other people, though, so it has something to do with that number. (Signal adds +385 to it for Croatia, maybe that's it?) Steps to reproduce.  send an SMS to my provider through Signal Actual result: it doesn't go through, ""Failed to send"", ""Some issues need your attention."" Expected result: Message should go through and I should get a response. Device info. Device: OnePlus3T Android version: 7.0 Signal version: 3.27.1 Link to debug log. https://gist.github.com/anonymous/f656572561ea3a91d0f4bbdeb98e587b
####
Reason: The pronoun 'it' could point to multiple noun phrases earlier in the sentence, creating multiple possible meanings.
####
Extracted Semantic ambiguity segment: it.
####
Clarifying Question(s): ['When you wrote ""Signal fails to deliver it"", does \'it\' refer to ""an SMS message to 13977"", ""our account status"", or something else?']
# END
Statement: Request Number - 555 | Request Title - Not working in dual sim phone | Request Description - My friend has a dual sim Lava iris 405 and i have samsung galaxy s3. we both have installed the TextSecure when i start secure session, it sends Key exchange message and its received in my friends. After that it says Received and processed key exchange message but he is unable to send me any message, it says error sending. i know its giving problem because its a dual sim phone, text secure app is not able to send sms from particular sim and giving this error. Is dual sim phone supported by textSecure?
####
Reason: It is unclear whether the indefinite noun phrase ""particular sim"" is intended to be specific or non-specific, creating multiple possible interpretations.
####
Extracted Semantic ambiguity segment: particular sim
####
Clarifying Question(s): ['When you say the app is not able to send from a particular SIM, do you mean it cannot send from a specific SIM, it cannot send from either SIM interchangeably, or something else?']
# END
Statement: Request Number - 1407 | Request Title - textsecure not an option when ""sharing"" an address book contact | Request Description - TextSecure is not an option when attempting to share a contact from the address book, in Android 4.4.2 when i select ""messaging"" it tells me ""messaging"" is not the default sms app. This would be a nice feature to have added to the app.
####
Reason: The pronoun ""it"" can point to multiple possible targets in the sentence, creating multiple interpretations.
####
Extracted Semantic ambiguity segment: it
####
Clarifying Question(s): ['When you wrote ""it tells me"", does ""it"" refer to TextSecure, the Android OS, or something else?']
# END
Request Number - 2055 | Request Title - use delivery receipts to show message received time for outgoing messages | Request Description - After long pressing on a message and selecting the info button, the message details are shown. This includes the sent and received times for incoming messages. For outgoing messages, in contrast, only one Sent/Received time is displayed, probably containing sent time. Now that delivery receipts are implemented, it would be possible to display the received time for outgoing messages (by taking the sent time from the receipt). Or to make it more precise, let the receipt message piggybag the real received time. This would make the user interface more consistent. When this is rejected for some reasons, I suggest renaming the ""Sent/Received"" label for outgoing messages to ""Sent"" because this is what it really is about.
####
Reason: ""it"" can refer to two references in the same sentence. 
####
Extracted Semantic ambiguity segment: it
####
Clarifying Question(s): ","['When you wrote ""it would be possible to display the received time for outgoing messages,"" does ""it"" refer to the implementation of delivery receipts or something else?', 'In the phrase ""when this is rejected for some reasons,"" does ""this"" refer to the suggestion of using delivery receipts for outgoing messages or a different proposal?']","['In the phrase ""let the receipt message piggybag the real received time"", does ""it"" refer to the delivery receipt or to the user interface?', 'When you mentioned ""if this is rejected"", does ""this"" refer to the implementation of the received time for outgoing messages or the change of the ""Sent/Received"" label?']","[""When you wrote 'it would be possible to display the received time for outgoing messages,' does 'it' refer to the implementation of delivery receipts or something else?"", ""In the phrase 'if it is rejected for some reasons,' does 'it' refer to the idea of displaying the received time for outgoing messages using delivery receipts or renaming the 'Sent/Received' label?""]","['In the phrase ""Now that delivery receipts are implemented, it would be possible to display the received time,"" does ""it"" refer to the implementation of delivery receipts or something else?', 'When suggesting ""let the receipt message piggyback the real received time,"" does ""it"" refer to the receipt message, or something else?']","[""When you mentioned 'it would be possible to display the received time for outgoing messages,' does 'it' refer to the implementation of delivery receipts allowing this feature or the suggestion of renaming the 'Sent/Received' label?"", ""When you wrote 'let the receipt message piggyback the real received time,' does 'it' refer to the delivery receipts or the process of piggybacking the received time?""]","""When you wrote 'it would be possible to display the received time for outgoing messages,' does 'it' refer to the ability to display the received time or the process of taking the sent time from the receipt or something else?""","['When you wrote ""it would be possible to display the received time"", does ""it"" refer to the ability to display received time thanks to delivery receipts, the suggestion to rename the label, or something else?']","['When you wrote ""it would be possible to display the received time for outgoing messages"", does ""it"" refer to the Sent/Received time or the receipt message?', 'When you mentioned ""let the receipt message piggybag the real received time"", does ""it"" refer to the receipt message or the process of piggybacking the real received time?']","['When you wrote ""it would be possible to display the received time for outgoing messages,"" does ""it"" refer to the idea of using delivery receipts for displaying times, the implementation of delivery receipts, or something else?', 'In the phrase ""it really is about,"" does ""it"" refer to the ""Sent/Received"" label, the outgoing messages, or something else?']","['When you wrote ""it would be possible to display the received time for outgoing messages,"" does ""it"" refer to the implementation of delivery receipts or the functionality of displaying the received time?', 'When you wrote ""I suggest renaming the \'Sent/Received\' label for outgoing messages to \'Sent\' because this is what it really is about,"" does ""it"" refer to the renaming action, the label, or something else?']"
39,39,604-Signal,"Request Number - 604 | Request Title - Number registration (for push messaging) doesn't work with Google Voice | Request Description - The new push based TextSecure doesn't seem to like using Google Voice numbers (which are then forwarded to my phone's real number via SMS).  Although there are of course privacy downsides associated with letting Google see all of your incoming/outgoing SMS data, there are also serious privacy harms associated with letting people know your actual phone number, rather than a number that will just forward texts to you* The first step of the TextSecure number registration process (""Connecting"") works fine. An incoming text message with the verification code is received by the default Android SMS app, but TextSecure doesn't catch it. Thankfully, after 2 minutes of waiting, I am given the opportunity verify by voice, which does work.",it.,"When you wrote ""TextSecure doesn't catch it"", do you mean ""TextSecure doesn't catch the message"", ""TextSecure doesn't catch the verification code"", or something else?","['When you wrote ""TextSecure doesn\'t catch it"", do you mean ""TextSecure doesn\'t catch the message"", ""TextSecure doesn\'t catch the verification code"", or something else?']","Semantic ambiguity: a sentence has more than one way of reading it within its context, although it contains no lexical or syntactic ambiguity. Semantic ambiguity can be viewed as ambiguity with respect to the logical form, usually expressed in predicate logic, of a sentence.
You are a software analyst specializing in Semantic ambiguity resolution in GitHub feature requests.
Carefully read the provided statement along with the extracted Semantic ambiguity segment and the reasoning behind why the extracted text segment is considered ambiguous. Based on the information, generate clear and concise clarification questions aimed at addressing the Semantic ambiguity in the extracted text segment; include all generated clarifying questions in a single comma-separated list. Make sure to have all elements of the list in quotation marks.
Demonstrations are provided for clarity. Each demonstration is separated by the trigger word # END. Inside each demonstration, the statement, reason, extracted segment, and clarifying questions are separated using the trigger word ####. Strictly follow the provided demonstration.
Statement: Request Number - 6077 | Request Title - Update libphonenumber to >=8.2.0 (Cannot send SMS to my mobile provider) | Request Description - I have:   searched open and closed issues for duplicates  read https://github.com/WhisperSystems/Signal-Android/wiki/Submitting-useful-bug-reports  Bug description. My friend made me aware of this as I'm never checking my account status via SMS, but it doesn't work for me neither. To check our account status, we have to send an SMS message to 13977, but Signal fails to deliver it. I tried sending it through the native Oneplus SMS app and it goes through just fine, with an immediate response. I can send an SMS to other people, though, so it has something to do with that number. (Signal adds +385 to it for Croatia, maybe that's it?) Steps to reproduce.  send an SMS to my provider through Signal Actual result: it doesn't go through, ""Failed to send"", ""Some issues need your attention."" Expected result: Message should go through and I should get a response. Device info. Device: OnePlus3T Android version: 7.0 Signal version: 3.27.1 Link to debug log. https://gist.github.com/anonymous/f656572561ea3a91d0f4bbdeb98e587b
####
Reason: The pronoun 'it' could point to multiple noun phrases earlier in the sentence, creating multiple possible meanings.
####
Extracted Semantic ambiguity segment: it.
####
Clarifying Question(s): ['When you wrote ""Signal fails to deliver it"", does \'it\' refer to ""an SMS message to 13977"", ""our account status"", or something else?']
# END
Statement: Request Number - 555 | Request Title - Not working in dual sim phone | Request Description - My friend has a dual sim Lava iris 405 and i have samsung galaxy s3. we both have installed the TextSecure when i start secure session, it sends Key exchange message and its received in my friends. After that it says Received and processed key exchange message but he is unable to send me any message, it says error sending. i know its giving problem because its a dual sim phone, text secure app is not able to send sms from particular sim and giving this error. Is dual sim phone supported by textSecure?
####
Reason: It is unclear whether the indefinite noun phrase ""particular sim"" is intended to be specific or non-specific, creating multiple possible interpretations.
####
Extracted Semantic ambiguity segment: particular sim
####
Clarifying Question(s): ['When you say the app is not able to send from a particular SIM, do you mean it cannot send from a specific SIM, it cannot send from either SIM interchangeably, or something else?']
# END
Statement: Request Number - 1407 | Request Title - textsecure not an option when ""sharing"" an address book contact | Request Description - TextSecure is not an option when attempting to share a contact from the address book, in Android 4.4.2 when i select ""messaging"" it tells me ""messaging"" is not the default sms app. This would be a nice feature to have added to the app.
####
Reason: The pronoun ""it"" can point to multiple possible targets in the sentence, creating multiple interpretations.
####
Extracted Semantic ambiguity segment: it
####
Clarifying Question(s): ['When you wrote ""it tells me"", does ""it"" refer to TextSecure, the Android OS, or something else?']
# END
Request Number - 604 | Request Title - Number registration (for push messaging) doesn't work with Google Voice | Request Description - The new push based TextSecure doesn't seem to like using Google Voice numbers (which are then forwarded to my phone's real number via SMS).  Although there are of course privacy downsides associated with letting Google see all of your incoming/outgoing SMS data, there are also serious privacy harms associated with letting people know your actual phone number, rather than a number that will just forward texts to you* The first step of the TextSecure number registration process (""Connecting"") works fine. An incoming text message with the verification code is received by the default Android SMS app, but TextSecure doesn't catch it. Thankfully, after 2 minutes of waiting, I am given the opportunity verify by voice, which does work.
####
Reason: The pronoun 'it' can refer to two different targets in the sentence, changing the nature of the problem based on the interpretation.
####
Extracted Semantic ambiguity segment: it.
####
Clarifying Question(s): ","['When you wrote ""TextSecure doesn\'t catch it"", does ""it"" refer to ""an incoming text message with the verification code"" or something else?']","['In the sentence ""An incoming text message with the verification code is received by the default Android SMS app, but TextSecure doesn\'t catch it,"" does ""it"" refer to the ""incoming text message,"" the ""verification code,"" or something else?']","['When you wrote ""TextSecure doesn\'t catch it"", does ""it"" refer to the incoming text message with the verification code or something else?']","['When you wrote ""TextSecure doesn\'t catch it"", does ""it"" refer to ""an incoming text message with the verification code"", ""the Google Voice number"", or something else?']","['When you mentioned ""TextSecure doesn\'t catch it,"" does ""it"" refer to ""an incoming text message with the verification code"" or ""the verification process itself""?']","['When you wrote ""TextSecure doesn\'t catch it,"" does \'it\' refer to ""the incoming text message with the verification code"" or something else?']","""When you wrote 'it doesn't catch it', does the first 'it' refer to TextSecure, the Android SMS app, or something else, and does the second 'it' refer to the incoming text message, the verification code, or something else?""","['When you wrote ""TextSecure doesn\'t catch it"", does \'it\' refer to the ""incoming text message with the verification code"" or the ""Google Voice number"", or something else?']","[""In the sentence 'but TextSecure doesn't catch it,' does 'it' refer to the verification code message or something else?""]","['When you wrote ""TextSecure doesn\'t catch it"", does ""it"" refer to the Google Voice number or the incoming text message with the verification code?']"
40,40,6069-Signal,"Request Number - 6069 | Request Title - Unread notification badges do not work on Huawei EMUI | Request Description - I have:   searched open and closed issues for duplicates  read https://github.com/WhisperSystems/Signal-Android/wiki/Submitting-useful-bug-reports  Bug description. I've installed Signal on a Honor 8 (made by Huawei) with EMUI 4.1 (Android 6.0). I've noticed that Signal receives notifications on new messages and they are also listed in the notification area, but the unread notifications badge on the app icon on the home screen is not shown. In Signal support articles there is mentioned, that badge icons are supported for some launchers, see https://support.whispersystems.org/hc/en-us/articles/215766077-How-can-I-see-my-unread-badge-count-What-launcher-should-I-use- So far I could not find out if this is a Signal or EMUI problem, but Threema and Conversations show the notification badges. Device info. Device: Honor 8 Android version: 6.0 Signal version: 3.26.2",they,"When you wrote ""they are also listed in the notification area"", does 'they' refer to 'notifications', 'messages', or something else?","['When you wrote ""they are also listed in the notification area"", does \'they\' refer to \'notifications\', \'messages\', or something else?']","Semantic ambiguity: a sentence has more than one way of reading it within its context, although it contains no lexical or syntactic ambiguity. Semantic ambiguity can be viewed as ambiguity with respect to the logical form, usually expressed in predicate logic, of a sentence.
You are a software analyst specializing in Semantic ambiguity resolution in GitHub feature requests.
Carefully read the provided statement along with the extracted Semantic ambiguity segment and the reasoning behind why the extracted text segment is considered ambiguous. Based on the information, generate clear and concise clarification questions aimed at addressing the Semantic ambiguity in the extracted text segment; include all generated clarifying questions in a single comma-separated list. Make sure to have all elements of the list in quotation marks.
Demonstrations are provided for clarity. Each demonstration is separated by the trigger word # END. Inside each demonstration, the statement, reason, extracted segment, and clarifying questions are separated using the trigger word ####. Strictly follow the provided demonstration.
Statement: Request Number - 6077 | Request Title - Update libphonenumber to >=8.2.0 (Cannot send SMS to my mobile provider) | Request Description - I have:   searched open and closed issues for duplicates  read https://github.com/WhisperSystems/Signal-Android/wiki/Submitting-useful-bug-reports  Bug description. My friend made me aware of this as I'm never checking my account status via SMS, but it doesn't work for me neither. To check our account status, we have to send an SMS message to 13977, but Signal fails to deliver it. I tried sending it through the native Oneplus SMS app and it goes through just fine, with an immediate response. I can send an SMS to other people, though, so it has something to do with that number. (Signal adds +385 to it for Croatia, maybe that's it?) Steps to reproduce.  send an SMS to my provider through Signal Actual result: it doesn't go through, ""Failed to send"", ""Some issues need your attention."" Expected result: Message should go through and I should get a response. Device info. Device: OnePlus3T Android version: 7.0 Signal version: 3.27.1 Link to debug log. https://gist.github.com/anonymous/f656572561ea3a91d0f4bbdeb98e587b
####
Reason: The pronoun 'it' could point to multiple noun phrases earlier in the sentence, creating multiple possible meanings.
####
Extracted Semantic ambiguity segment: it.
####
Clarifying Question(s): ['When you wrote ""Signal fails to deliver it"", does \'it\' refer to ""an SMS message to 13977"", ""our account status"", or something else?']
# END
Statement: Request Number - 555 | Request Title - Not working in dual sim phone | Request Description - My friend has a dual sim Lava iris 405 and i have samsung galaxy s3. we both have installed the TextSecure when i start secure session, it sends Key exchange message and its received in my friends. After that it says Received and processed key exchange message but he is unable to send me any message, it says error sending. i know its giving problem because its a dual sim phone, text secure app is not able to send sms from particular sim and giving this error. Is dual sim phone supported by textSecure?
####
Reason: It is unclear whether the indefinite noun phrase ""particular sim"" is intended to be specific or non-specific, creating multiple possible interpretations.
####
Extracted Semantic ambiguity segment: particular sim
####
Clarifying Question(s): ['When you say the app is not able to send from a particular SIM, do you mean it cannot send from a specific SIM, it cannot send from either SIM interchangeably, or something else?']
# END
Statement: Request Number - 1407 | Request Title - textsecure not an option when ""sharing"" an address book contact | Request Description - TextSecure is not an option when attempting to share a contact from the address book, in Android 4.4.2 when i select ""messaging"" it tells me ""messaging"" is not the default sms app. This would be a nice feature to have added to the app.
####
Reason: The pronoun ""it"" can point to multiple possible targets in the sentence, creating multiple interpretations.
####
Extracted Semantic ambiguity segment: it
####
Clarifying Question(s): ['When you wrote ""it tells me"", does ""it"" refer to TextSecure, the Android OS, or something else?']
# END
Request Number - 6069 | Request Title - Unread notification badges do not work on Huawei EMUI | Request Description - I have:   searched open and closed issues for duplicates  read https://github.com/WhisperSystems/Signal-Android/wiki/Submitting-useful-bug-reports  Bug description. I've installed Signal on a Honor 8 (made by Huawei) with EMUI 4.1 (Android 6.0). I've noticed that Signal receives notifications on new messages and they are also listed in the notification area, but the unread notifications badge on the app icon on the home screen is not shown. In Signal support articles there is mentioned, that badge icons are supported for some launchers, see https://support.whispersystems.org/hc/en-us/articles/215766077-How-can-I-see-my-unread-badge-count-What-launcher-should-I-use- So far I could not find out if this is a Signal or EMUI problem, but Threema and Conversations show the notification badges. Device info. Device: Honor 8 Android version: 6.0 Signal version: 3.26.2
####
Reason: The pronoun ""they"" can point to two possible targets in the sentence, creating multiple possible interpretations.
####
Extracted Semantic ambiguity segment: they
####
Clarifying Question(s): ","""When you wrote 'they are also listed in the notification area,' does 'they' refer to the new messages or the notifications themselves?""","['In the sentence ""Signal receives notifications on new messages and they are also listed in the notification area,"" does ""they"" refer to the ""new messages,"" the ""notifications,"" or something else?']","""When you wrote 'they are also listed in the notification area,' does 'they' refer to 'notifications on new messages,' 'new messages themselves,' or something else?""","[""When you mention 'they are also listed in the notification area,' does 'they' refer to 'new messages,' 'notifications,' or something else?""]","[""When you wrote 'they are also listed in the notification area,' does 'they' refer to the notifications themselves or the new messages?""]","['When you wrote ""they are also listed in the notification area"", does ""they"" refer to the notifications themselves or the new messages?']","""When you wrote 'they are also listed in the notification area', does 'they' refer to the notifications on new messages or the messages themselves?""","['When you wrote ""they are also listed in the notification area"", does ""they"" refer to ""notifications on new messages"", ""unread notifications badge"", or something else?']","[""When you write 'they are also listed in the notification area,' does 'they' refer to 'notifications on new messages,' 'unread notifications badge,' or something else?""]","['When you wrote ""they are also listed in the notification area"", does ""they"" refer to ""notifications on new messages"", ""unread notifications"", or something else?']"
41,41,2055-Signal,"Request Number - 2055 | Request Title - use delivery receipts to show message received time for outgoing messages | Request Description - After long pressing on a message and selecting the info button, the message details are shown. This includes the sent and received times for incoming messages. For outgoing messages, in contrast, only one Sent/Received time is displayed, probably containing sent time. Now that delivery receipts are implemented, it would be possible to display the received time for outgoing messages (by taking the sent time from the receipt). Or to make it more precise, let the receipt message piggybag the real received time. This would make the user interface more consistent. When this is rejected for some reasons, I suggest renaming the ""Sent/Received"" label for outgoing messages to ""Sent"" because this is what it really is about.","only one Sent/Received time is displayed,",What time receipt is shown for an outgoing message?,['What time receipt is shown for an outgoing message?'],"Semantic ambiguity: a sentence has more than one way of reading it within its context, although it contains no lexical or syntactic ambiguity. Semantic ambiguity can be viewed as ambiguity with respect to the logical form, usually expressed in predicate logic, of a sentence.
You are a software analyst specializing in Semantic ambiguity resolution in GitHub feature requests.
Carefully read the provided statement along with the extracted Semantic ambiguity segment and the reasoning behind why the extracted text segment is considered ambiguous. Based on the information, generate clear and concise clarification questions aimed at addressing the Semantic ambiguity in the extracted text segment; include all generated clarifying questions in a single comma-separated list. Make sure to have all elements of the list in quotation marks.
Demonstrations are provided for clarity. Each demonstration is separated by the trigger word # END. Inside each demonstration, the statement, reason, extracted segment, and clarifying questions are separated using the trigger word ####. Strictly follow the provided demonstration.
Statement: Request Number - 6077 | Request Title - Update libphonenumber to >=8.2.0 (Cannot send SMS to my mobile provider) | Request Description - I have:   searched open and closed issues for duplicates  read https://github.com/WhisperSystems/Signal-Android/wiki/Submitting-useful-bug-reports  Bug description. My friend made me aware of this as I'm never checking my account status via SMS, but it doesn't work for me neither. To check our account status, we have to send an SMS message to 13977, but Signal fails to deliver it. I tried sending it through the native Oneplus SMS app and it goes through just fine, with an immediate response. I can send an SMS to other people, though, so it has something to do with that number. (Signal adds +385 to it for Croatia, maybe that's it?) Steps to reproduce.  send an SMS to my provider through Signal Actual result: it doesn't go through, ""Failed to send"", ""Some issues need your attention."" Expected result: Message should go through and I should get a response. Device info. Device: OnePlus3T Android version: 7.0 Signal version: 3.27.1 Link to debug log. https://gist.github.com/anonymous/f656572561ea3a91d0f4bbdeb98e587b
####
Reason: The pronoun 'it' could point to multiple noun phrases earlier in the sentence, creating multiple possible meanings.
####
Extracted Semantic ambiguity segment: it.
####
Clarifying Question(s): ['When you wrote ""Signal fails to deliver it"", does \'it\' refer to ""an SMS message to 13977"", ""our account status"", or something else?']
# END
Statement: Request Number - 555 | Request Title - Not working in dual sim phone | Request Description - My friend has a dual sim Lava iris 405 and i have samsung galaxy s3. we both have installed the TextSecure when i start secure session, it sends Key exchange message and its received in my friends. After that it says Received and processed key exchange message but he is unable to send me any message, it says error sending. i know its giving problem because its a dual sim phone, text secure app is not able to send sms from particular sim and giving this error. Is dual sim phone supported by textSecure?
####
Reason: It is unclear whether the indefinite noun phrase ""particular sim"" is intended to be specific or non-specific, creating multiple possible interpretations.
####
Extracted Semantic ambiguity segment: particular sim
####
Clarifying Question(s): ['When you say the app is not able to send from a particular SIM, do you mean it cannot send from a specific SIM, it cannot send from either SIM interchangeably, or something else?']
# END
Statement: Request Number - 1407 | Request Title - textsecure not an option when ""sharing"" an address book contact | Request Description - TextSecure is not an option when attempting to share a contact from the address book, in Android 4.4.2 when i select ""messaging"" it tells me ""messaging"" is not the default sms app. This would be a nice feature to have added to the app.
####
Reason: The pronoun ""it"" can point to multiple possible targets in the sentence, creating multiple interpretations.
####
Extracted Semantic ambiguity segment: it
####
Clarifying Question(s): ['When you wrote ""it tells me"", does ""it"" refer to TextSecure, the Android OS, or something else?']
# END
Request Number - 2055 | Request Title - use delivery receipts to show message received time for outgoing messages | Request Description - After long pressing on a message and selecting the info button, the message details are shown. This includes the sent and received times for incoming messages. For outgoing messages, in contrast, only one Sent/Received time is displayed, probably containing sent time. Now that delivery receipts are implemented, it would be possible to display the received time for outgoing messages (by taking the sent time from the receipt). Or to make it more precise, let the receipt message piggybag the real received time. This would make the user interface more consistent. When this is rejected for some reasons, I suggest renaming the ""Sent/Received"" label for outgoing messages to ""Sent"" because this is what it really is about.
####
Reason: There are quantifiers ""only one"" and also ""/"" in the sentence. In this case, sent/received can be interpreted in two different ways: (1) sent or received. (2) sent and received as one token. 
####
Extracted Semantic ambiguity segment: only one Sent/Received time is displayed,
####
Clarifying Question(s): ","['When you mention ""only one Sent/Received time is displayed,"" are you suggesting that the time shown represents both the sent and received time as a single token, or do you mean it only displays the sent time while omitting the received time?']","['When you mention ""only one Sent/Received time is displayed,"" do you mean there is only one time shown that could either be a sent or a received time, or do you mean that the sent and received times are combined into one displayed time?']","[""When you mention 'only one Sent/Received time is displayed,' do you mean that it's showing either the sent time or the received time separately, or is it displaying a combined sent/received timestamp as a single token?""]","[""When you mention 'only one Sent/Received time is displayed,' do you mean that either the sent time or the received time is displayed, or is it a combined token representing both sent and received times?""]","[""Does 'only one Sent/Received time is displayed' mean that only the sent time is shown, the time is shown as a combined sent/received timestamp, or something else?""]","[""When you mention 'only one Sent/Received time is displayed,' do you mean that the display shows only the time when the message was sent, that it shows a combined token of both sent and received times as a single entry, or something else?""]","['When you say ""only one Sent/Received time is displayed"", do you mean there is one single time that shows either sent or received, or does it mean there is one combined token for both sent and received times?']","[""When you stated 'only one Sent/Received time is displayed,' do you mean that there's only a single time shown that could be either sent or received, or do you mean that there's one combined time displayed representing both sent and received?""]","[""When you say 'only one Sent/Received time is displayed,' do you mean it shows either the sent or received time, or does it show the sent and received times as a single piece of information?""]","['When you mention ""only one Sent/Received time is displayed,"" are you referring to a single timestamp that could represent either sent or received time, or a combined sent and received timestamp as a single token?']"
